Date,Open,High,Low,Close,Volume,Ticker,MA20,MA50,MA200,BB_mid,BB_upper,BB_lower,Daily_Return,Cumulative_Return,RSI,MACD,Signal,MACD_Hist,ATR,OBV
2022-01-03,171.68,171.77,171.46,171.57,82200055.0,AAPL,,,,,,,,,,0.0,0.0,0.0,,0.0
2022-01-04,170.74,171.2,170.68,171.2,55324049.0,AAPL,,,,,,,-0.002156554176138026,-0.002156554176138026,,-0.02951566951568907,-0.005903133903137814,-0.023612535612551257,,-55324049.0
2022-01-05,173.74,173.95,173.16,173.24,97936233.0,AAPL,,,,,,,0.011915887850467488,0.00973363641662317,,0.11043092182691794,0.017363677242873337,0.0930672445840446,,42612184.0
2022-01-06,177.7,178.35,176.91,178.04,39625255.0,AAPL,,,,,,,0.027707226968367582,0.03771055545841362,,0.6017231979862174,0.13423558139154215,0.4674876165946753,,82237439.0
2022-01-07,176.61,178.21,176.26,177.35,25369337.0,AAPL,,,,,,,-0.00387553358795778,0.03368887334615622,,0.9247388195014992,0.29233622901353357,0.6324025904879655,,56868102.0
2022-01-10,176.6,176.7,176.52,176.65,50687424.0,AAPL,,,,,,,-0.003946997462644375,0.029608905985895273,,1.1114349466772353,0.45615597254627394,0.6552789741309614,,6180678.0
2022-01-11,181.67,181.76,181.6,181.73,69402947.0,AAPL,,,,,,,0.028757429946221214,0.0592178119717901,,1.6502830811120646,0.6949813942594321,0.9553016868526325,,75583625.0
2022-01-12,185.77,187.05,183.34,184.29,79187251.0,AAPL,,,,,,,0.014086832113575198,0.07413883546074507,,2.25786742483038,1.0075586003736217,1.2503088244567582,,154770876.0
2022-01-13,182.86,183.1,182.76,182.79,102344817.0,AAPL,,,,,,,-0.008139345596614,0.06539604826018564,,2.588506241990558,1.323748128697009,1.264758113293549,,52426059.0
2022-01-14,184.73,184.79,184.62,184.63,35534442.0,AAPL,,,,,,,0.010066196181410358,0.0761205338928721,,2.9648357284608835,1.6519656486497838,1.3128700798110997,,87960501.0
2022-01-17,183.02,183.38,182.84,183.15,93336604.0,AAPL,,,,,,,-0.008016032064128154,0.06749431718832022,,3.1078307879067495,1.943138676501177,1.1646921114055724,,-5376103.0
2022-01-18,180.46,181.93,178.65,181.66,101054612.0,AAPL,,,,,,,-0.00813540813540814,0.05880981523576434,,3.0655866802029834,2.1676282772415383,0.8979584029614451,,-106430715.0
2022-01-19,183.03,183.23,181.54,182.51,34649817.0,AAPL,,,,,,,0.004679070791588691,0.06376406131608148,,3.065360251885778,2.3471746721703863,0.7181855797153918,,-71780898.0
2022-01-20,175.97,176.28,175.61,176.28,27857997.0,AAPL,,,,,,,-0.03413511588406104,0.02745235180975758,,2.5332699134391135,2.384393720424132,0.14887619301498134,2.905714285714282,-99638895.0
2022-01-21,170.88,170.91,170.86,170.86,84473608.0,AAPL,,,,,,,-0.030746539596097078,-0.00413825260826417,48.98716119828819,1.6551561734773088,2.238546211034768,-0.583390037557459,3.270714285714281,-184112503.0
2022-01-24,169.1,169.41,169.02,169.18,49988602.0,AAPL,,,,,,,-0.009832611494791088,-0.013930174272890894,47.22222222222224,0.8142960504476662,1.9536961789173475,-1.1394001284696813,3.338571428571425,-234101105.0
2022-01-25,166.15,166.16,166.13,166.15,77472430.0,AAPL,,,,,,,-0.0179099184300745,-0.031590604418021195,40.50870147255687,-0.09548662201652292,1.5438596187305735,-1.6393462407470965,3.359999999999997,-311573535.0
2022-01-26,167.11,167.14,167.11,167.14,91048489.0,AAPL,,,,,,,0.005958471260908649,-0.02582036486565209,33.75074537865231,-0.728216788511105,1.089444337282238,-1.817661125793343,3.0657142857142827,-220525046.0
2022-01-27,164.28,164.69,164.15,164.46,88738482.0,AAPL,,,,,,,-0.016034462127557658,-0.041440811330651695,31.860399662257223,-1.4294359584027347,0.5856682781452436,-2.0151042365479785,3.1399999999999944,-309263528.0
2022-01-28,160.46,160.53,159.99,160.32,47355826.0,AAPL,175.16,,,175.16,189.79823256515547,160.52176743484452,-0.025173294418095682,-0.06557090400419607,29.047985629971734,-2.2927907387064295,0.009976474774908983,-2.3027672134813386,3.3999999999999955,-356619354.0
2022-01-31,164.67,164.69,164.59,164.6,98490821.0,AAPL,174.81149999999997,,,174.81149999999997,190.12586377701456,159.49713622298538,0.026696606786427157,-0.040624817858599505,27.5609117107676,-2.6016551308109683,-0.5123498463422665,-2.089305284468702,3.347142857142854,-258128533.0
2022-02-01,164.27,164.28,163.94,163.98,84526295.0,AAPL,174.45049999999998,,,174.45049999999998,190.44844917777698,158.45255082222297,-0.0037667071688942677,-0.044238503234830806,21.970742478608855,-2.863453100342298,-0.9825704971422728,-1.880882603200025,3.0142857142857093,-342654828.0
2022-02-02,164.44,164.93,163.79,164.23,46408346.0,AAPL,173.99999999999997,,,173.99999999999997,190.63618503839078,157.36381496160917,0.001524576167825309,-0.04278137203473753,23.47055460263003,-3.01599050552673,-1.3892544988191644,-1.6267360067075658,2.9864285714285677,-296246482.0
2022-02-03,160.2,160.24,159.93,160.07,22568101.0,AAPL,173.1015,,,173.1015,190.73042273629062,155.47257726370935,-0.025330329416062836,-0.06702803520428935,17.07774798927609,-3.432981458243603,-1.7979998907040522,-1.6349815675395507,3.1507142857142805,-318814583.0
2022-02-04,158.41,158.59,158.37,158.55,119382087.0,AAPL,172.1615,,,172.1615,190.8118802980839,153.51111970191607,-0.00949584556756411,-0.07588739290085633,17.05945366898763,-3.841815037058865,-2.2067629199750147,-1.6350521170838501,3.144285714285709,-438196670.0
2022-02-07,158.86,159.07,158.4,158.91,79686581.0,AAPL,171.2745,,,171.2745,190.6974625091431,151.85153749085688,0.0022705771050139933,-0.07378912397272219,18.586025959679574,-4.089626928870757,-2.5833357217541635,-1.5062912071165937,2.8707142857142793,-358510089.0
2022-02-08,155.62,156.14,155.27,155.67,116272624.0,AAPL,169.97150000000002,,,169.97150000000002,189.93025354720066,150.01274645279938,-0.020388899377005942,-0.09267354432593089,15.233160621761598,-4.49563764833735,-2.965796107070801,-1.5298415412665491,3.009999999999993,-474782713.0
2022-02-09,157.35,157.43,156.16,156.77,71629424.0,AAPL,168.5955,,,168.5955,188.18907518221346,149.00192481778652,0.007066229845185568,-0.08626216704552037,20.854496564087228,-4.674755589248946,-3.3075880035064302,-1.3671675857425156,2.642857142857139,-403153289.0
2022-02-10,155.01,155.18,154.96,155.12,83640087.0,AAPL,167.212,,,167.212,186.49050026925272,147.93349973074726,-0.010524972890221362,-0.09587923296613587,23.501683501683473,-4.893440521994506,-3.624758507204046,-1.2686820147904605,2.384999999999997,-486793376.0
2022-02-11,154.19,154.64,153.85,154.35,47207039.0,AAPL,165.698,,,165.698,183.94535378075406,147.45064621924595,-0.00496389891696758,-0.10036719706242314,24.24452935046888,-5.070433668481854,-3.9138935394596075,-1.1565401290222468,2.3442857142857116,-534000415.0
2022-02-14,153.76,154.77,151.95,152.73,44423854.0,AAPL,164.177,,,164.177,181.338253910757,147.01574608924298,-0.010495626822157433,-0.10980940723902743,25.493060628195735,-5.2805515619578784,-4.187225143959262,-1.0933264179986164,2.327857142857141,-578424269.0
2022-02-15,157.79,157.92,157.75,157.86,114082005.0,AAPL,162.98700000000002,,,162.98700000000002,178.23818266337332,147.73581733662672,0.033588685916323024,-0.07990907501311373,35.27918781725894,-4.975765848163235,-4.344933284800057,-0.6308325633631782,2.6278571428571422,-464342264.0
2022-02-16,157.8,158.86,157.75,157.87,63426742.0,AAPL,161.755,,,161.755,174.06266043012062,149.44733956987938,6.334726973267202e-05,-0.07985078976510995,38.57885615251302,-4.679472017148498,-4.411841031269745,-0.26763098587875334,2.4935714285714305,-400915522.0
2022-02-17,155.95,156.71,153.93,154.91,42224699.0,AAPL,160.68649999999997,,,160.68649999999997,171.2751478934057,150.09785210659425,-0.018749604104643103,-0.09710322317421416,40.22406938923024,-4.630131015445784,-4.455499028104953,-0.17463198734083107,2.4557142857142873,-443140221.0
2022-02-18,157.27,157.37,157.08,157.25,67866466.0,AAPL,160.006,,,160.006,169.53838557428523,150.47361442571477,0.015105545155251532,-0.08346447514134114,35.71706179556941,-4.352041842995561,-4.434807591083074,0.08276574808751302,2.319285714285716,-375273755.0
2022-02-21,153.87,154.22,153.23,153.85,103849789.0,AAPL,159.2395,,,159.2395,168.1081187733698,150.3708812266302,-0.021621621621621623,-0.10328145946260947,32.23430375306913,-4.3557948635203445,-4.419005045570528,0.06321018205018358,2.5592857142857173,-479123544.0
2022-02-22,154.52,154.6,154.45,154.47,28018205.0,AAPL,158.65550000000002,,,158.65550000000002,167.1379387630221,150.17306123697793,0.004029899252518732,-0.09966777408637817,33.10249307479229,-4.259637886854364,-4.387131613827295,0.12749372697293104,2.5314285714285734,-451105339.0
2022-02-23,148.3,149.53,147.77,149.07,24928476.0,AAPL,157.752,,,157.752,166.27861122295178,149.22538877704824,-0.03495824431928529,-0.13114180800839248,31.739707835325405,-4.56652757309206,-4.423010805680248,-0.1435167674118114,2.702857142857145,-476033815.0
2022-02-24,145.26,145.84,144.89,145.55,23886613.0,AAPL,156.80649999999997,,,156.80649999999997,166.33597621027008,147.27702378972987,-0.023613067686321765,-0.15165821530570545,29.763387297633898,-5.03572573099234,-4.545553790742667,-0.4901719402496729,2.8800000000000034,-499920428.0
2022-02-25,145.73,146.6,143.84,146.11,57564874.0,AAPL,156.096,,,156.096,166.5923761164959,145.5996238835041,0.003847475094469255,-0.14839424141749658,30.198019801980266,-5.301271572868728,-4.696697347167879,-0.6045742257008495,3.029285714285718,-442355554.0
2022-02-28,148.23,148.25,147.6,148.09,100143858.0,AAPL,155.2705,,,155.2705,165.54540653050063,144.99559346949937,0.013551433851207939,-0.13685376231275803,37.7978106889891,-5.290958240175087,-4.81554952576932,-0.4754087144057664,2.922142857142861,-342211696.0
2022-03-01,148.65,148.81,148.5,148.6,95831720.0,AAPL,154.50150000000002,,,154.50150000000002,164.32400964822494,144.6789903517751,0.0034438517117967304,-0.13388121466456793,36.59337052838857,-5.181898412678066,-4.888819303151069,-0.2930791095269969,2.847857142857145,-246379976.0
2022-03-02,148.22,148.42,147.97,148.33,44873513.0,AAPL,153.7065,,,153.7065,162.75713248734863,144.65586751265138,-0.0018169582772542547,-0.13545491636066853,38.32932279133725,-5.058938167058699,-4.922843075932596,-0.13609509112610318,2.7635714285714306,-291253489.0
2022-03-03,147.47,148.05,147.14,147.57,76052321.0,AAPL,153.0815,,,153.0815,162.00740853403127,144.15559146596874,-0.005123710645183133,-0.13988459520895213,38.34250343878954,-4.9655768559089495,-4.931389831927866,-0.03418702398108309,2.7578571428571457,-367305810.0
2022-03-04,144.76,144.84,143.39,143.69,88302366.0,AAPL,152.3385,,,152.3385,161.80529576759002,142.87170423241,-0.026292606898421056,-0.16249927143439946,35.57753669432037,-5.145358428587514,-4.974183551259796,-0.17117487732771774,2.8550000000000018,-455608176.0
2022-03-07,141.86,142.01,141.58,141.87,111908497.0,AAPL,151.4865,,,151.4865,161.5136510882885,141.45934891171152,-0.012666156308720145,-0.17310718657107838,21.476988940420938,-5.372761558992835,-5.053899152806404,-0.31886240618643047,2.635000000000001,-567516673.0
2022-03-08,140.54,141.11,140.18,140.74,90438646.0,AAPL,150.73999999999998,,,150.73999999999998,161.64073102328928,139.83926897671068,-0.00796503841545071,-0.1796934195954999,20.617495711835318,-5.579840802940083,-5.15908748283314,-0.4207533201069431,2.676428571428571,-657955319.0
2022-03-09,143.47,143.68,143.41,143.46,92225040.0,AAPL,150.0745,,,150.0745,161.05009872482668,139.09890127517332,0.019326417507460558,-0.1638398321384853,30.197163611207188,-5.4615143894749565,-5.219572864161504,-0.24194152531345292,2.605,-565730279.0
2022-03-10,145.33,146.34,144.27,144.39,29143589.0,AAPL,149.538,,,149.538,160.52414170096492,138.5518582990351,0.00648264324550385,-0.1584193040741385,26.61818181818174,-5.232380995569514,-5.222134490443105,-0.010246505126408678,2.634999999999999,-536586690.0
2022-03-11,139.45,139.89,139.26,139.85,53935757.0,AAPL,148.81300000000002,161.4342,,148.81300000000002,160.36145371285224,137.2645462871478,-0.031442620680102396,-0.18488080666783202,25.558659217877036,-5.355397498970433,-5.2487870921485715,-0.1066104068218614,2.714285714285712,-590522447.0
2022-03-14,141.16,141.57,140.47,140.71,96310998.0,AAPL,148.21200000000002,160.817,,148.21200000000002,160.14676937355708,136.27723062644296,0.00614944583482302,-0.17986827533951122,26.177285318559527,-5.322143790820519,-5.263458431882961,-0.05868535893755755,2.7835714285714266,-494211449.0
2022-03-15,140.05,140.51,139.76,139.77,54517976.0,AAPL,147.3075,160.18839999999997,,147.3075,158.90064656891803,135.71435343108197,-0.006680406509842918,-0.1853470886518619,30.958230958230942,-5.31042485946864,-5.272851717400097,-0.037573142068542786,2.3728571428571428,-548729425.0
2022-03-16,138.13,138.13,138.07,138.11,22426062.0,AAPL,146.3195,159.4858,,146.3195,157.48249992691999,135.15650007308003,-0.011876654503827688,-0.19502243982048106,33.510638297872305,-5.37314735075168,-5.292910844070414,-0.08023650668126603,2.195714285714286,-571155487.0
2022-03-17,139.73,139.83,139.6,139.67,28209517.0,AAPL,145.5575,158.7184,,145.5575,156.32505335548203,134.78994664451798,0.011295344290782605,-0.1859299411318992,36.33276740237681,-5.236612010865173,-5.281651077429366,0.04503906656419332,2.1214285714285728,-542945970.0
2022-03-18,141.7,142.4,141.37,142.31,61049527.0,AAPL,144.8105,158.01760000000002,,144.8105,154.13943060944197,135.481569390558,0.018901696856876926,-0.17054263565891437,38.0677126341866,-4.859365097724833,-5.19719388148846,0.33782878376362735,2.1635714285714323,-481896443.0
2022-03-21,144.71,145.44,144.25,144.74,62548791.0,AAPL,144.355,157.37939999999998,,144.355,152.6588393149443,136.0511606850557,0.01707539877731712,-0.15637932039400793,42.616679418515695,-4.314577743011199,-5.020670653793009,0.7060929107818099,2.335714285714289,-419347652.0
2022-03-22,143.04,143.7,142.57,142.59,30127222.0,AAPL,143.76100000000002,156.5966,,143.76100000000002,150.58627161595587,136.93572838404418,-0.014854221362443076,-0.16891064871480999,39.757316202712325,-4.010091037830904,-4.818554730600588,0.808463692769684,2.4457142857142906,-449474874.0
2022-03-23,141.72,141.84,141.67,141.84,79193912.0,AAPL,143.3995,155.7476,,143.3995,149.7930278952517,137.00597210474828,-0.005259835893120179,-0.1732820423150898,39.771510174937525,-3.785663094594696,-4.61197640339941,0.8263133088047141,2.4264285714285756,-528668786.0
2022-03-24,142.7,142.76,142.69,142.73,54512811.0,AAPL,143.2585,154.9464,,143.2585,149.57627200901456,136.94072799098544,0.006274675690919329,-0.1680946552427578,48.08153477218224,-3.4956906251692317,-4.388719247753375,0.8930286225841435,2.193571428571431,-474155975.0
2022-03-25,144.89,145.39,144.83,145.28,109155041.0,AAPL,143.217,154.1594,,143.217,149.46643989069113,136.9675601093089,0.017865900651580002,-0.1532319170018065,56.62135922330097,-3.0252484838795226,-4.116025094978605,1.0907766110990824,2.232857142857146,-365000934.0
2022-03-28,144.53,144.99,143.57,144.07,33655842.0,AAPL,143.016,153.37779999999998,,143.016,148.8503281758186,137.1816718241814,-0.00832874449339216,-0.16028443201025788,56.44599303135885,-2.718716908978706,-3.8365634577786256,1.1178465487999194,2.2342857142857184,-398656776.0
2022-03-29,143.66,143.74,143.59,143.63,66754929.0,AAPL,142.76749999999998,152.6172,,142.76749999999998,147.9918957092001,137.54310429079987,-0.0030540709377385733,-0.162848982922422,50.360934182590206,-2.482674029395696,-3.5657855721020395,1.0831115427063436,2.0585714285714323,-465411705.0
2022-03-30,140.69,141.01,140.65,140.81,31290492.0,AAPL,142.3915,151.78320000000002,,142.3915,146.97317643416258,137.80982356583743,-0.019633781243472814,-0.1792854228594739,42.963836477987456,-2.494404832806225,-3.351509424242877,0.8571045914366517,2.065714285714289,-496702197.0
2022-03-31,137.63,137.87,137.59,137.82,69347456.0,AAPL,141.904,151.014,,141.904,146.2335673784112,137.57443262158878,-0.021234287337547064,-0.19671271201258933,45.75136040184178,-2.7136878858166824,-3.2239451165576383,0.5102572307409559,1.9292857142857176,-566049653.0
2022-04-01,140.09,140.15,139.8,139.88,57581619.0,AAPL,141.7135,150.39440000000002,,141.7135,146.04746512263335,137.37953487736667,0.014947032361050772,-0.1847059509238208,48.34595456357112,-2.6902351451745403,-3.1172031222810186,0.42696797710647827,1.9728571428571473,-508468034.0
2022-04-04,144.99,145.45,143.08,143.34,109774932.0,AAPL,141.78699999999998,149.8776,,141.78699999999998,146.18157608278207,137.39242391721788,0.024735487560766378,-0.16453925511453016,56.46504889532777,-2.365191144441525,-2.96680072671312,0.6016095822715952,2.3028571428571456,-398693102.0
2022-04-05,143.23,143.6,142.98,143.2,77470428.0,AAPL,141.91000000000003,149.4186,,141.91000000000003,146.31887143931564,137.5011285606844,-0.0009766987581973918,-0.16535524858658246,59.754695285549964,-2.094741387235416,-2.7923888588175796,0.6976474715821634,2.2257142857142873,-476163530.0
2022-04-06,145.48,146.09,144.97,145.83,85955748.0,AAPL,142.0285,148.9924,,142.0285,146.73044259966224,137.32655740033778,0.018365921787709683,-0.1500262283616013,61.34020618556702,-1.6491782852963297,-2.56374674411333,0.9145684588170004,2.3092857142857173,-390207782.0
2022-04-07,146.78,147.02,146.44,146.82,87115328.0,AAPL,142.15,148.6396,,142.15,147.22005242368752,137.0799475763125,0.006788726599465056,-0.14425598880923207,58.839670717365706,-1.2023219714090772,-2.29146178957248,1.0891398181634027,2.1992857142857156,-303092454.0
2022-04-08,145.16,145.47,145.07,145.16,97086898.0,AAPL,142.4155,148.3364,,142.4155,147.53432171885933,137.2966782811407,-0.011306361531126519,-0.15393133997785124,50.84882780921583,-0.9709408483189463,-2.027357601321773,1.0564167530028268,2.1007142857142873,-400179352.0
2022-04-11,146.54,147.08,146.02,146.15,53399680.0,AAPL,142.6875,147.9674,,142.6875,147.99923824259884,137.37576175740116,0.006820060622761082,-0.14816110042548192,57.54877014418998,-0.6996201296777258,-1.7618101069929637,1.062189977315238,2.0828571428571445,-346779672.0
2022-04-12,149.93,150.42,149.24,150.23,102164500.0,AAPL,143.2105,147.6924,,143.2105,149.31358110280053,137.10741889719947,0.027916524119055763,-0.12438071923995997,65.58900037160902,-0.15360395262632665,-1.4401688761196363,1.2865649234933096,2.3221428571428566,-244615172.0
2022-04-13,149.44,150.53,148.49,150.18,88270004.0,AAPL,143.814,147.4114,,143.814,150.17507703558323,137.45292296441676,-0.00033282300472592397,-0.12467214547997851,64.2884541618719,0.2719483678854999,-1.0977454273186091,1.369693795204109,2.4021428571428567,-332885176.0
2022-04-14,154.57,154.59,154.26,154.46,80139023.0,AAPL,144.5535,147.2992,,144.5535,152.19587569841886,136.91112430158117,0.028499134372086843,-0.09972605933438194,66.51079136690649,0.943683680333379,-0.6894596057882115,1.6331432861215904,2.5271428571428567,-252746153.0
2022-04-15,146.86,147.36,146.74,147.22,73944811.0,AAPL,144.799,147.0726,,144.799,152.45337033747072,137.1446296625293,-0.046872976822478374,-0.14192457888908272,54.65563109665978,0.8816679430166516,-0.3752340960272389,1.2569020390438905,2.9564285714285705,-326690964.0
2022-04-18,149.09,149.55,148.91,149.44,31042682.0,AAPL,145.034,146.8832,,145.034,152.96436111210673,137.10363888789325,0.015079472897704171,-0.12898525383225456,58.15782083684358,1.0001266338025232,-0.10016195006128648,1.1002885838638097,3.0885714285714294,-295648282.0
2022-04-19,149.99,150.17,149.26,149.72,63778108.0,AAPL,145.3905,146.7642,,145.3905,153.49734045144945,137.28365954855056,0.0018736616702355047,-0.12735326688815019,63.47142425158753,1.103874877195409,0.14064541539005262,0.9632294618053564,2.9407142857142867,-231870174.0
2022-04-20,148.94,148.97,148.68,148.96,80564533.0,AAPL,145.74650000000003,146.608,,145.74650000000003,153.82212485768747,137.67087514231258,-0.0050761421319796,-0.13178294573643357,68.06095979247732,1.111952562164788,0.33490684474499977,0.7770457174197883,2.7850000000000006,-312434707.0
2022-04-21,149.32,149.43,149.2,149.25,76817319.0,AAPL,146.07250000000002,146.4906,,146.07250000000002,154.16179604640047,137.98320395359957,0.001946831364124435,-0.13009267354432552,66.11627106983146,1.1287433117885257,0.493674138153705,0.6350691736348207,2.6521428571428567,-235617388.0
2022-04-22,143.27,144.72,143.12,143.96,70596687.0,AAPL,146.00650000000002,146.2828,,146.00650000000002,154.14441457833055,137.86858542166948,-0.03544388609715232,-0.16092556973829875,51.0032362459547,0.7070409838665057,0.5363475072962651,0.1706934765702406,2.692142857142857,-306214075.0
2022-04-25,143.24,143.92,142.38,143.43,113666267.0,AAPL,145.9745,146.0968,,145.9745,154.14942565554443,137.79957434445558,-0.0036815782161712107,-0.1640146878824965,50.36752956216046,0.32631077271543063,0.49434016038009826,-0.16802938766466763,2.760714285714286,-419880342.0
2022-04-26,144.02,145.36,143.69,144.4,103505216.0,AAPL,146.013,145.8276,,146.013,154.14859327244983,137.87740672755018,0.006762880847800412,-0.15836101882613463,47.58690516368544,0.10167814833536681,0.415807757971152,-0.3141296096357852,2.692142857142857,-316375126.0
2022-04-27,147.99,148.48,147.89,148.28,30589887.0,AAPL,146.3865,145.6358,,146.3865,154.1956775293052,138.57732247069484,0.02686980609418277,-0.1357463426006873,52.24477244772449,0.23404087113348737,0.3794543806036191,-0.1454135094701317,2.8985714285714272,-285785239.0
2022-04-28,147.01,147.09,146.88,146.94,32679338.0,AAPL,146.8425,145.4764,,146.8425,153.5300087801217,140.1549912198783,-0.00903695710817376,-0.1435565658331872,52.76397515527951,0.2281821397515671,0.3491999324332087,-0.12101779268164159,2.8735714285714278,-318464577.0
2022-04-29,144.66,145.08,144.65,144.85,81766928.0,AAPL,147.09099999999998,145.2284,,147.09099999999998,153.01493503642502,141.16706496357494,-0.01422349258200628,-0.15573818266596684,48.04804804804803,0.05426795260331119,0.2902135364672292,-0.235945583863918,2.8999999999999977,-400231505.0
2022-05-02,143.57,143.69,143.48,143.58,50601080.0,AAPL,147.103,145.023,,147.103,152.99583275638562,141.2101672436144,-0.008767690714532095,-0.16314040916244044,39.094785175467386,-0.1839185809470507,0.19538711298437322,-0.37930569393142394,2.692857142857142,-450832585.0
2022-05-03,146.35,146.72,145.52,145.99,113335226.0,AAPL,147.2425,144.8534,,147.2425,152.87253552386613,141.61246447613388,0.016785067558155786,-0.14909366439354144,43.62252663622527,-0.17618531143870086,0.12107262809975841,-0.29725793953845925,2.77142857142857,-337497359.0
2022-05-04,146.27,147.84,145.97,146.9,76656406.0,AAPL,147.296,144.81,,147.296,152.88973860481,141.70226139519,0.006233303650934996,-0.14378970682520198,37.17774762550879,-0.0955260796422408,0.07775288655135858,-0.1732789661935994,2.5899999999999994,-260840953.0
2022-05-05,145.46,145.58,145.31,145.54,71727750.0,AAPL,147.232,144.8098,,147.232,152.87771789290878,141.58628210709122,-0.009257998638529719,-0.15171650055370944,46.440677966101674,-0.13973293701377543,0.034255721838331775,-0.1739886588521072,2.1521428571428567,-332568703.0
2022-05-06,147.16,147.34,146.92,146.93,70335659.0,AAPL,147.32049999999998,144.8262,,147.32049999999998,152.88435884644392,141.75664115355605,0.009550638999587857,-0.14361485108119088,44.488361879666236,-0.06189235020212891,0.01502610743023964,-0.07691845763236854,2.114285714285714,-262233044.0
2022-05-09,146.45,147.75,146.3,147.23,72296372.0,AAPL,147.37449999999998,144.809,,147.37449999999998,152.91142475923846,141.8375752407615,0.0020417886068193614,-0.14186629364107917,44.5370776656428,0.023730814396202504,0.016767048823432214,0.00696376557277029,2.1528571428571417,-189936672.0
2022-05-10,149.36,149.93,149.12,149.84,32602694.0,AAPL,147.355,144.8338,,147.355,152.85218588293804,141.85781411706193,0.017727365346736468,-0.12665384391210555,51.78571428571427,0.2987491819373531,0.0731634754462164,0.2255857064911367,2.2714285714285722,-157333978.0
2022-05-11,148.01,148.02,147.97,147.99,35927403.0,AAPL,147.2455,144.827,,147.2455,152.5909022545691,141.90009774543088,-0.012346502936465553,-0.13743661479279567,47.595419847328266,0.36323651625664866,0.13117808360830285,0.2320584326483458,2.3714285714285728,-193261381.0
2022-05-12,145.79,148.38,144.33,147.17,53150798.0,AAPL,146.881,144.819,,146.881,151.01106384556167,142.75093615443834,-0.005540914926684404,-0.1422160051291017,57.386102162908365,0.3442082281449075,0.17378411251562378,0.1704241156292837,2.2228571428571433,-246412179.0
2022-05-13,146.46,146.89,146.12,146.17,34671009.0,AAPL,146.82850000000002,144.86860000000001,,146.82850000000002,150.96710528248408,142.68989471751595,-0.006794863083508851,-0.1480445299294747,56.17117117117113,0.24560534454576555,0.18814835892165213,0.057456985624113416,2.1849999999999983,-281083188.0
2022-05-16,142.47,142.57,142.2,142.36,28821549.0,AAPL,146.4745,144.8784,,146.4745,150.87544475503122,142.0735552449688,-0.026065540124512343,-0.1702512094188957,45.926517571885,-0.13837817217205384,0.12284305270291096,-0.2612212248749648,2.3307142857142833,-309904737.0
2022-05-17,143.17,143.17,143.16,143.17,84496620.0,AAPL,146.147,144.927,,146.147,150.5056772498564,141.78832275014358,0.0056898005057599566,-0.16553010433059367,38.370505234410516,-0.3730276149318854,0.023668919175951694,-0.3966965341078371,2.097142857142854,-225408117.0
2022-05-18,143.15,144.33,142.15,143.88,98686659.0,AAPL,145.89299999999997,144.9354,,145.89299999999997,150.15240000716616,141.63359999283378,0.004959139484528974,-0.16139185172232873,42.83036551077787,-0.49598056735132445,-0.08026097812950354,-0.4157195892218209,2.15285714285714,-126721458.0
2022-05-19,143.33,144.92,142.42,143.94,39485901.0,AAPL,145.6275,144.9264,,145.6275,149.66187270934276,141.59312729065724,0.0004170141784820558,-0.1610421402343064,47.643707923355784,-0.5818727030947741,-0.18058332312255765,-0.4012893799722165,2.1678571428571405,-87235557.0
2022-05-20,143.66,143.79,143.24,143.37,77145933.0,AAPL,145.598,144.9968,,145.598,149.69190098355503,141.504099016445,-0.0039599833263859185,-0.16436439937051894,49.435787211176766,-0.6880061689553827,-0.28206789228912266,-0.40593827666626003,2.1199999999999966,-164381490.0
2022-05-23,139.81,139.9,139.71,139.76,54157583.0,AAPL,145.4145,144.9778,,145.4145,150.18984666694143,140.63915333305857,-0.02517960521727014,-0.18540537389986567,34.27561837455826,-1.0512958511087902,-0.4359134840530562,-0.615382367055734,2.1571428571428544,-218539073.0
2022-05-24,138.57,139.41,138.45,138.75,35589702.0,AAPL,145.132,144.9574,,145.132,150.75355475778113,139.51044524221888,-0.007226674298797864,-0.19129218394824232,29.532898041185305,-1.4045137405325931,-0.6296335353489637,-0.7748802051836294,2.1171428571428543,-254128775.0
2022-05-25,138.36,138.55,137.57,137.93,36091794.0,AAPL,144.6145,144.9538,,144.6145,150.88408732797882,138.34491267202117,-0.005909909909909916,-0.19607157428454824,30.356220960247825,-1.7306586540066746,-0.849838559080506,-0.8808200949261686,2.08785714285714,-290220569.0
2022-05-26,134.95,137.21,134.83,135.98,77704449.0,AAPL,144.0665,144.88,,144.0665,151.3191184745123,136.8138815254877,-0.014137606032045391,-0.2074371976452758,22.528850978424416,-2.122018245429331,-1.104274496350271,-1.0177437490790597,2.1807142857142816,-367925018.0
2022-05-27,135.37,135.9,134.86,135.63,68604169.0,AAPL,143.6055,144.74640000000002,,143.6055,151.76396341311604,135.44703658688397,-0.002573907927636343,-0.20947718132540627,20.970970970970967,-2.4323766917527223,-1.3698949354307612,-1.062481756321961,2.157142857142852,-436529187.0
2022-05-30,136.65,136.81,136.48,136.66,49092273.0,AAPL,143.25949999999997,144.5848,,143.25949999999997,151.98945442201853,134.52954557798142,0.007594190075941976,-0.20347380078102195,14.184782608695585,-2.565650383980426,-1.6090460251406942,-0.9566043588397317,2.048571428571423,-387436914.0
2022-05-31,140.92,141.44,140.86,141.34,61665616.0,AAPL,143.027,144.55980000000002,,143.027,151.69824977333568,134.3557502266643,0.03424557295477837,-0.17619630471527614,34.33820065944417,-2.267495580067873,-1.74073593612613,-0.526759643941743,2.2564285714285655,-325771298.0
2022-06-01,141.96,142.09,141.66,141.82,34367204.0,AAPL,142.773,144.5594,,142.773,151.26227025566268,134.2837297443373,0.0033960662232912497,-0.17339861281109714,37.194830062230714,-1.9697675077139536,-1.786542250443695,-0.18322525727025862,2.020714285714281,-291404094.0
2022-06-02,141.91,143.28,141.89,142.52,94394251.0,AAPL,142.622,144.55519999999999,,142.622,151.0108813632278,134.23311863677222,0.0049358341559724295,-0.16931864545083597,41.13647401651291,-1.658216824157904,-1.760877165186537,0.10266034102863286,2.049999999999997,-197009843.0
2022-06-03,142.24,143.1,141.96,142.37,85242949.0,AAPL,142.394,144.497,,142.394,150.53406698537,134.25393301463,-0.0010524838619141441,-0.17019292417089193,50.02953337271113,-1.4071931624070544,-1.6901403646306405,0.28294720222358616,1.847857142857139,-282252792.0
2022-06-06,137.29,137.79,136.36,137.5,108988447.0,AAPL,141.9075,144.3656,,141.9075,149.993471933247,133.821528066753,-0.034206644658284824,-0.1985778399487086,36.49356836588857,-1.5829758415206925,-1.6687074600086511,0.08573161848795863,2.2192857142857116,-391241239.0
2022-06-07,138.06,138.15,137.4,137.48,41277544.0,AAPL,141.2895,144.2426,,141.2895,148.6823656220209,133.8966343779791,-0.00014545454545467074,-0.19869441044471614,34.23645320197046,-1.7042531446265912,-1.6758165969322394,-0.028436547694351777,2.1171428571428543,-432518783.0
2022-06-08,136.88,138.0,135.76,137.67,108194387.0,AAPL,140.7735,144.1798,,140.7735,147.61743938574745,133.92956061425258,0.0013820192027931277,-0.1975869907326453,34.65491923641703,-1.7646925912807774,-1.693591795801947,-0.0711007954788303,2.098571428571426,-324324396.0
2022-06-09,143.88,144.15,143.58,143.81,50548096.0,AAPL,140.6055,144.2996,,140.6055,146.93385382269818,134.27714617730183,0.04459940437277554,-0.16179984845835482,50.84615384615385,-1.3021344074197145,-1.6153003181255008,0.31316591070578625,2.511428571428571,-273776300.0
2022-06-10,143.44,143.47,143.35,143.36,87840500.0,AAPL,140.465,144.3692,,140.465,146.3847635087895,134.54523649121052,-0.003129128711494289,-0.1644226846185226,57.8809106830123,-0.9607895692673765,-1.484398168353876,0.5236085990864996,2.2828571428571434,-361616800.0
2022-06-13,144.29,144.41,144.15,144.18,71017938.0,AAPL,140.55599999999998,144.386,,140.55599999999998,146.651756591355,134.46024340864497,0.005719866071428603,-0.15964329428221669,61.98675496688742,-0.6169918804669408,-1.310916910776489,0.6939250303095483,2.2642857142857133,-290598862.0
2022-06-14,144.02,144.26,143.53,144.13,30149777.0,AAPL,140.60399999999998,144.4046,,140.60399999999998,146.800706765439,134.40729323456097,-0.0003467887363018951,-0.15993472052223534,64.16819012797069,-0.34459207436441375,-1.1176519434940742,0.7730598691296604,2.232142857142855,-320748639.0
2022-06-15,141.11,141.33,140.63,141.14,27553925.0,AAPL,140.467,144.3108,,140.467,146.47709361517386,134.45690638482617,-0.02074516061888576,-0.17736200967535076,61.25654450261777,-0.36576496617166754,-0.9672745480295929,0.6015095818579254,2.260714285714284,-348302564.0
2022-06-16,143.96,144.2,143.78,144.09,51209516.0,AAPL,140.4745,144.2562,,140.4745,146.50318747171178,134.44581252828823,0.020901232818478332,-0.1601678615142501,66.57523510971784,-0.142857517118415,-0.8023911418473574,0.6595336247289424,2.3992857142857145,-297093048.0
2022-06-17,145.84,146.16,145.73,146.08,56771094.0,AAPL,140.60999999999999,144.27460000000002,,140.60999999999999,147.02231709495962,134.19768290504035,0.013810812686515517,-0.14856909716150768,67.78700906344409,0.1921595158106868,-0.6034810103157485,0.7956405261264353,2.462857142857142,-240321954.0
2022-06-20,148.22,148.24,148.2,148.2,77203222.0,AAPL,141.03199999999998,144.3156,,141.03199999999998,148.26690835791052,133.79709164208944,0.01451259583789688,-0.13621262458471695,64.33946488294308,0.6215642052473243,-0.358471967203134,0.9800361724504583,2.2757142857142845,-163118732.0
2022-06-21,145.36,146.2,145.01,145.82,116197068.0,AAPL,141.3855,144.2274,,141.3855,148.8385346345065,133.93246536549353,-0.01605937921727396,-0.15008451360960473,57.74593338497288,0.7610514781079871,-0.1345672781409098,0.8956187562488969,2.449999999999999,-279315800.0
2022-06-22,149.65,149.7,149.48,149.55,97951366.0,AAPL,141.96650000000002,144.2148,,141.96650000000002,150.06872912796848,133.86427087203157,0.025579481552599148,-0.12834411610421326,62.183708838821474,1.1592132847297592,0.12418883443322401,1.0350244502965351,2.6228571428571406,-181364434.0
2022-06-23,145.79,145.84,145.78,145.82,66894926.0,AAPL,142.45850000000002,144.042,,142.45850000000002,150.21789573067764,134.6991042693224,-0.024941491140087035,-0.15008451360960473,55.31914893617019,1.1604031527698453,0.3314316981005483,0.828971454669297,2.8107142857142855,-248259360.0
2022-06-24,146.71,147.69,145.64,147.4,89289003.0,AAPL,143.047,144.0456,,143.047,150.40051573631314,135.69348426368686,0.010835276368125202,-0.1408754444250152,66.98695950583388,1.2741513040517702,0.5199756192907927,0.7541756847609775,2.527857142857144,-158970357.0
2022-06-27,153.21,153.55,152.81,153.26,23719194.0,AAPL,143.877,144.122,,143.877,151.91095452209882,135.8430454779012,0.03975576662143809,-0.10672028909482933,72.55574614065176,1.816214370679461,0.7792233695685264,1.0369910011109345,2.91357142857143,-135251163.0
2022-06-28,150.35,150.72,150.12,150.57,56838169.0,AAPL,144.3385,144.139,,144.3385,152.80746818421565,135.86953181578437,-0.01755187263473834,-0.12239902080783283,67.20917822838845,2.00562316224611,1.0245033281040432,0.9811198341420666,2.9778571428571428,-192089332.0
2022-06-29,149.73,151.48,148.71,149.08,88541536.0,AAPL,144.70149999999998,144.1414,,144.70149999999998,153.33667719929076,136.0663228007092,-0.009895729561001376,-0.13108352276038848,58.02619555284801,2.012303860342513,1.2220634345517372,0.7902404257907758,2.71285714285714,-280630868.0
2022-06-30,149.41,149.41,149.2,149.4,70895822.0,AAPL,145.0455,144.14440000000002,,145.0455,153.86103765861844,136.22996234138157,0.002146498524282281,-0.1292183948242691,59.23547400611619,2.020132853320149,1.3816773183054196,0.6384555350147294,2.7035714285714243,-209735046.0
2022-07-01,147.97,148.16,147.91,148.09,71954211.0,AAPL,145.3315,144.22699999999998,,145.3315,154.15270477509756,136.51029522490245,-0.008768406961178088,-0.1368537623127578,55.89032841217234,1.8987437982078177,1.4850906142858993,0.4136531839219184,2.734999999999997,-281689257.0
2022-07-04,144.01,144.14,143.95,144.0,118118252.0,AAPL,145.6565,144.2384,,145.6565,153.70821253441372,137.60478746558627,-0.027618340198527935,-0.16069242874628353,49.825409615901165,1.4557325009180033,1.4792189916123202,-0.023486490694316853,2.9785714285714278,-399807509.0
2022-07-05,144.57,144.85,142.84,144.22,59412278.0,AAPL,145.99349999999998,144.2348,,145.99349999999998,153.11470414122817,138.8722958587718,0.0015277777777777946,-0.15941015329020147,54.46894950667443,1.109604191065074,1.405296031502871,-0.29569184043779706,2.8721428571428556,-340395231.0
2022-07-06,141.51,141.54,141.45,141.5,93949887.0,AAPL,146.185,144.0992,,146.185,152.52712815020928,139.84287184979073,-0.018860074885591493,-0.17526374074721618,46.21676891615542,0.6087959233334459,1.2459960098689862,-0.6372000865355403,2.8514285714285705,-434345118.0
2022-07-07,142.61,142.86,142.58,142.75,114803162.0,AAPL,146.132,144.0154,,146.132,152.57461666356747,139.68938333643254,0.008833922261484162,-0.1679780847467498,45.028366676619875,0.30920202783616446,1.0586372134624218,-0.7494351856262573,2.800714285714286,-319541956.0
2022-07-08,140.59,140.67,140.35,140.43,64150968.0,AAPL,145.9855,143.92700000000002,,145.9855,152.81514582575525,139.15585417424475,-0.016252189141856332,-0.18150026228361515,38.468388245770285,-0.11411742906722111,0.8240862849564933,-0.9382037140237144,2.817857142857144,-383692924.0
2022-07-11,144.49,144.5,144.29,144.39,99268932.0,AAPL,145.996,143.9432,,145.996,152.81459500885114,139.17740499114888,0.02819910275582127,-0.15841930407413807,47.97278140062375,-0.12858005280560292,0.6335530174040741,-0.762133070209677,2.8807142857142867,-284423992.0
2022-07-12,142.26,142.71,142.18,142.4,89574460.0,AAPL,145.9095,143.8714,,145.9095,152.87017895962316,138.94882104037686,-0.013782117875199007,-0.17001806842688028,39.3379063525201,-0.29719230726951196,0.44740395246935694,-0.7445962597388689,2.761428571428571,-373998452.0
2022-07-13,141.52,141.65,141.5,141.62,35842433.0,AAPL,145.9335,143.7658,,145.9335,152.82793184942088,139.03906815057914,-0.005477528089887662,-0.1745643177711712,43.13276651406149,-0.48813134074100617,0.2602968938272843,-0.7484282345682904,2.556428571428571,-409840885.0
2022-07-14,144.4,144.85,143.64,143.74,78050102.0,AAPL,145.916,143.72979999999998,,145.916,152.8318776890948,139.0001223109052,0.014969637056912788,-0.16220784519438047,44.11953727506425,-0.4630478901475499,0.1156279370323175,-0.5786758271798673,2.640714285714284,-331790783.0
2022-07-15,141.0,141.27,140.24,140.59,91513977.0,AAPL,145.6415,143.60299999999998,,145.6415,152.9543848796594,138.32861512034063,-0.02191456796994573,-0.18056769831555552,27.701513551566322,-0.6894007662905892,-0.04537780363226383,-0.6440229626583254,2.451428571428569,-423304760.0
2022-07-18,141.28,141.31,141.15,141.21,84134752.0,AAPL,145.292,143.4826,,145.292,152.7565988364725,137.8274011635275,0.0044099864855253745,-0.17695401293932422,32.23234624145785,-0.8094276548210075,-0.1981877738700126,-0.6112398809509949,2.278571428571427,-339170008.0
2022-07-19,144.74,144.76,144.03,144.58,54968399.0,AAPL,145.23,143.3774,,145.23,152.69673182928912,137.76326817071086,0.023865165356561135,-0.1573118843620671,42.02693125442948,-0.6254096597400292,-0.28363215104401596,-0.3417775086960132,2.3342857142857127,-284201609.0
2022-07-20,140.53,140.53,140.17,140.44,73719638.0,AAPL,144.7745,143.2264,,144.7745,152.2430938224142,137.30590617758577,-0.02863466592889763,-0.1814419770356116,36.0174781523096,-0.8043652515171402,-0.3877787711386408,-0.41658648037849944,2.625714285714287,-357921247.0
2022-07-21,140.37,141.4,139.94,140.95,48417654.0,AAPL,144.531,143.102,,144.531,152.17164450298833,136.89035549701168,0.003631444033038944,-0.17846942938742139,38.57234314980791,-0.8947223077355204,-0.4891674784580167,-0.4055548292775037,2.62357142857143,-309503593.0
2022-07-22,141.52,141.83,141.39,141.65,58620879.0,AAPL,144.24349999999998,143.0116,,144.24349999999998,151.86228917027145,136.6247108297285,0.004966300106420851,-0.1743894620271601,45.78096947935369,-0.8994781516930743,-0.5712296131050283,-0.32824853858804603,2.390714285714288,-250882714.0
2022-07-25,143.61,143.76,143.55,143.68,60411036.0,AAPL,143.7645,143.038,,143.7645,150.0915462885011,137.4374537114989,0.014331097776209,-0.1625575566824028,49.0896830748483,-0.731016455059347,-0.6031869814958921,-0.12782947356345487,2.3978571428571445,-190471678.0
2022-07-26,140.88,141.23,140.43,140.53,97180450.0,AAPL,143.2625,142.9852,,143.2625,148.8680757016886,137.65692429831137,-0.021923719376392037,-0.18091740980357784,48.388168826852784,-0.84198217473309,-0.6509460201433317,-0.1910361545897583,2.432142857142858,-287652128.0
2022-07-27,137.2,137.24,137.17,137.23,31462734.0,AAPL,142.67000000000002,142.8522,,142.67000000000002,148.19093432214763,137.1490656778524,-0.023482530420550818,-0.20015154164480886,41.412570006222765,-1.1825737536827887,-0.7572715668512231,-0.4253021868315656,2.5750000000000006,-319114862.0
2022-07-28,138.58,139.12,138.08,138.56,35317570.0,AAPL,142.128,142.7446,,142.128,146.95134934950414,137.30465065049583,0.009691758361874303,-0.1923996036603126,46.9983948635634,-1.3298455177751975,-0.871786357036018,-0.4580591607391795,2.53857142857143,-283797292.0
2022-07-29,137.99,140.27,136.87,139.34,39396438.0,AAPL,141.6905,142.664,,141.6905,145.76627425644105,137.61472574355892,0.0056293302540415535,-0.18785335431602168,40.9724705041116,-1.3678522216336262,-0.9709995299555396,-0.39685269167808657,2.490714285714288,-244400854.0
2022-08-01,139.72,140.33,139.67,140.01,55490204.0,AAPL,141.49099999999999,142.66899999999998,,141.49099999999999,145.48048565475145,137.50151434524852,0.004808382374049014,-0.18394824269977184,45.51594746716696,-1.328594200763348,-1.0425184641171013,-0.28607573664624675,2.403571428571433,-188910650.0
2022-08-02,142.18,143.04,140.51,140.93,110284577.0,AAPL,141.3265,142.71259999999998,,141.3265,145.1080912829883,137.5449087170117,0.006570959217198968,-0.1785859998834285,48.71220604703248,-1.2093055040614331,-1.0758758721059678,-0.1334296319554653,2.55571428571429,-78626073.0
2022-08-03,139.13,139.38,139.11,139.24,74900320.0,AAPL,141.2135,142.7388,,141.2135,145.10668040735396,137.32031959264606,-0.011991768963315108,-0.18843620679605888,41.46433990895298,-1.236879254462366,-1.1080765485772475,-0.12880270588511844,2.4550000000000045,-153526393.0
2022-08-04,140.0,140.09,139.86,139.87,22422952.0,AAPL,141.0695,142.8166,,141.0695,144.93634952683087,137.20265047316914,0.004524561907497837,-0.18476423617182391,48.48993288590605,-1.1941307198253526,-1.1252873828268686,-0.068843336998484,2.2657142857142896,-131103441.0
2022-08-05,140.36,141.14,139.55,140.65,68950934.0,AAPL,141.08049999999997,142.917,,141.08049999999997,144.94093616297627,137.22006383702367,0.005576606849217125,-0.18021798682753298,48.833333333333336,-1.0848077286444777,-1.1171914519903905,0.032383723345912774,2.327857142857145,-62152507.0
2022-08-08,139.34,139.54,138.4,138.88,73553666.0,AAPL,140.805,142.9614,,140.805,144.45149795946952,137.1585020405305,-0.01258442943476723,-0.19053447572419335,37.276785714285715,-1.1279899124356234,-1.1193511440794373,-0.008638768356186155,2.2350000000000034,-135706173.0
2022-08-09,143.71,143.79,143.58,143.59,77728313.0,AAPL,140.8645,143.00639999999999,,140.8645,144.6565108538589,137.0724891461411,0.03391417050691259,-0.16308212391443622,56.85676969960818,-0.7732410260903748,-1.0501291204816248,0.27688809439124995,2.2707142857142872,-57977860.0
2022-08-10,144.54,145.22,144.42,144.86,21861663.0,AAPL,141.0265,143.06719999999999,,141.0265,145.21093871605444,136.84206128394555,0.008844627063166133,-0.1556798974179623,58.23851664559633,-0.38518145956814465,-0.9171395882989288,0.5319581287307842,2.2828571428571434,-36116197.0
2022-08-11,142.33,143.04,141.23,141.79,58918430.0,AAPL,140.92900000000003,143.0526,,140.92900000000003,144.93425917421408,136.92374082578598,-0.021192875880160278,-0.17357346855510758,50.26819923371645,-0.32165693924937955,-0.798043058489019,0.47638611923963947,2.479285714285715,-95034627.0
2022-08-12,143.05,143.62,142.64,143.51,96549162.0,AAPL,141.075,143.0754,,141.075,145.2380024590046,136.91199754099537,0.01213061569927354,-0.16354840589846598,49.67041488949202,-0.1310134325694321,-0.6646371333051018,0.5336237007356697,2.4592857142857167,1514535.0
2022-08-15,141.25,141.36,140.9,141.04,48075910.0,AAPL,141.0665,143.1462,,141.0665,145.22903604378192,136.90396395621806,-0.017211344157201602,-0.1779448621553874,51.01553166069292,-0.17719286827525593,-0.5671482802991327,0.38995541202387674,2.41357142857143,-46561375.0
2022-08-16,143.05,143.08,143.04,143.08,53604200.0,AAPL,140.9915,143.2582,,140.9915,144.93581916611788,137.04718083388212,0.01446398184912101,-0.1660546715626262,62.26415094339623,-0.048619003164134256,-0.463442424872133,0.41482342170799874,2.319285714285716,7042825.0
2022-08-17,145.54,147.66,144.8,146.1,115730688.0,AAPL,141.27450000000002,143.42680000000001,,141.27450000000002,145.81877795202467,136.73022204797536,0.021107072966172646,-0.1484525266654998,64.76115896632729,0.29358125016412373,-0.3120376898648817,0.6056189400290054,2.511428571428571,122773513.0
2022-08-18,143.97,144.19,142.91,143.99,25167373.0,AAPL,141.42649999999998,143.43040000000002,,141.42649999999998,146.12580017186144,136.7271998281385,-0.014442162902121747,-0.16075071399428686,58.652772608857454,0.3900221181544623,-0.17162572826101288,0.5616478464154752,2.4964285714285706,97606140.0
2022-08-19,147.0,147.74,146.46,146.53,85094835.0,AAPL,141.6705,143.4938,,141.6705,146.89596991087575,136.44503008912426,0.017640113896798315,-0.14594626100133945,61.34307585247043,0.6637575888802019,-0.004549064832769928,0.6683066537129718,2.693571428571427,182700975.0
2022-08-22,147.98,148.43,147.46,147.66,65721311.0,AAPL,141.8695,143.5634,,141.8695,147.68681164171525,136.05218835828472,0.00771173138606418,-0.13936002797691804,61.623488773747816,0.9608009623675287,0.1885209406072898,0.7722800217602388,2.6128571428571417,248422286.0
2022-08-23,149.92,149.96,149.88,149.89,106149637.0,AAPL,142.3375,143.67860000000002,,142.3375,149.12601933317097,135.54898066682904,0.015102261953135576,-0.12636241767208622,68.05696846388602,1.3604696913121188,0.4229106907482556,0.9375590005638632,2.6471428571428572,354571923.0
2022-08-24,155.13,155.27,155.0,155.05,72431974.0,AAPL,143.2285,143.95680000000002,,143.2285,151.6707802482189,134.7862197517811,0.034425245179798614,-0.0962872297021613,72.31040564373896,2.069720465370551,0.7522726456727148,1.3174478196978363,2.970714285714288,427003897.0
2022-08-25,154.35,154.49,154.27,154.41,72857945.0,AAPL,144.02100000000002,144.1632,,144.02100000000002,153.52681406575076,134.51518593424927,-0.004127700741696327,-0.10001748557440016,70.30696576151118,2.5507605821927655,1.111970232976725,1.4387903492160405,2.912857142857147,354145952.0
2022-08-26,152.11,152.63,151.99,152.37,31669729.0,AAPL,144.67249999999999,144.289,,144.67249999999999,154.60402741737633,134.74097258262364,-0.013211579560909237,-0.11190767616716113,69.7510980966325,2.735840325205089,1.436744251422398,1.299096073782691,2.9250000000000034,322476223.0
2022-08-29,149.22,150.3,149.15,149.97,25628573.0,AAPL,145.1705,144.3244,,145.1705,155.11647929871756,135.22452070128244,-0.01575113211262058,-0.12589613568805635,60.01884422110551,2.6582151628904853,1.6810384337160156,0.9771767291744697,2.804285714285718,296847650.0
2022-08-30,147.2,149.0,146.58,147.81,28091363.0,AAPL,145.5145,144.3642,,145.5145,155.31783235502857,135.71116764497143,-0.014402880576115162,-0.13848574925686208,54.50656889703633,2.3947969854315545,1.8237901440591233,0.5710068413724312,2.930000000000003,268756287.0
2022-08-31,147.62,147.7,147.58,147.65,108847252.0,AAPL,145.935,144.3262,,145.935,155.31756950554097,136.55243049445903,-0.0010824707394627708,-0.1394183132249217,59.82562038900069,2.14836055596453,1.8887042264402047,0.25965632952432505,2.6871428571428573,159909035.0
2022-09-01,148.31,149.27,148.11,148.61,50595197.0,AAPL,146.372,144.38199999999998,,146.372,155.3714961262455,137.37250387375454,0.006501862512698908,-0.1338229294165636,58.77494838265661,2.0073820365135475,1.9124397884548734,0.09494224805867413,2.6721428571428567,210504232.0
2022-09-02,149.52,149.55,148.91,149.39,119163067.0,AAPL,146.80900000000003,144.4218,,146.80900000000003,155.48145585323485,138.1365441467652,0.005248637372989418,-0.1292766800722729,65.25392765801973,1.9362748541913675,1.9172068016021724,0.019068052589195084,2.5528571428571434,329667299.0
2022-09-05,151.35,151.78,151.27,151.66,51218896.0,AAPL,147.448,144.3898,,147.448,155.5233206877818,139.37267931221822,0.01519512684918678,-0.11604592877542608,65.54347826086955,2.039580909589233,1.9416816231995848,0.0978992863896484,2.5778571428571433,380886195.0
2022-09-06,151.58,151.78,151.29,151.74,104814944.0,AAPL,147.8555,144.4132,,147.8555,155.9336354675178,139.7773645324822,0.0005274957140974923,-0.1155796467913961,61.43552311435526,2.103657381372841,1.974076774834236,0.12958060653860493,2.285714285714288,485701139.0
2022-09-07,155.71,155.87,155.34,155.76,59462985.0,AAPL,148.4005,144.5468,,148.4005,157.07635754899857,139.72464245100142,0.02649268485567413,-0.09214897709389658,72.14904027098228,2.4505702024981986,2.0693754603670285,0.3811947421311701,2.3528571428571445,545164124.0
2022-09-08,155.48,155.84,154.66,155.06,100458942.0,AAPL,149.064,144.66,,149.064,157.64035034633886,140.48764965366112,-0.004494093477144245,-0.09622894445415764,67.24625960372019,2.6386008150323335,2.1832205313000896,0.4553802837322438,2.1692857142857167,444705182.0
2022-09-09,162.82,163.84,162.62,162.7,26508526.0,AAPL,150.0235,144.9522,,150.0235,160.13926419570691,139.9077358042931,0.04927124983877196,-0.051699014979307845,74.07170294494239,3.365307411006029,2.4196379072412775,0.9456695037647513,2.660714285714288,471213708.0
2022-09-12,164.59,164.63,164.44,164.58,100090793.0,AAPL,151.2005,145.3638,,151.2005,162.34116137127688,140.05983862872313,0.011555009219422319,-0.0407413883546065,73.77792165749436,4.0462848590081535,2.744967297594653,1.3013175614135006,2.634285714285716,571304501.0
2022-09-13,161.64,162.58,161.52,162.09,28140594.0,AAPL,152.151,145.7212,,152.151,163.61364211299093,140.6883578870091,-0.015129420342690492,-0.05525441510753537,62.473423104181414,4.335070211613697,3.0629878803984623,1.272082331215235,2.468571428571429,543163907.0
2022-09-14,159.01,159.03,158.98,159.01,96429247.0,AAPL,152.79649999999998,146.07139999999998,,152.79649999999998,164.27839105092224,141.31460894907772,-0.019001789129496016,-0.07320627149268433,57.50163078930201,4.266226026770596,3.303635509672889,0.9625905170977069,2.635000000000001,446734660.0
2022-09-15,160.74,160.94,160.1,160.44,50904375.0,AAPL,153.619,146.42520000000002,,153.619,164.79744900266795,142.44055099733205,0.00899314508521476,-0.06487148102815088,63.42762063227952,4.2777443887679,3.4984572854918916,0.7792871032760083,2.6000000000000023,497639035.0
2022-09-16,159.29,160.18,159.13,159.85,56850216.0,AAPL,154.285,146.8136,,154.285,165.27063176440674,143.29936823559325,-0.003677387185240577,-0.06831031066037097,67.49291784702548,4.190953995588984,3.63695662751131,0.553997368077674,2.463571428571431,440788819.0
2022-09-19,163.17,164.08,161.29,161.95,100539150.0,AAPL,154.99949999999998,147.1648,,154.99949999999998,166.0296108931766,143.96938910682337,0.01313731623396941,-0.05607040857958756,75.08871540099358,4.2427170323224175,3.758108708473532,0.48460832384888564,2.5235714285714335,541327969.0
2022-09-20,163.38,163.39,163.35,163.38,59989821.0,AAPL,155.674,147.58440000000002,,155.674,167.03346329347355,144.31453670652647,0.00882988576721222,-0.047735618115054,76.70628183361626,4.348996140505903,3.8762861948800063,0.4727099456258972,2.6100000000000056,601317790.0
2022-09-21,164.37,164.4,161.89,163.21,69382042.0,AAPL,156.082,148.0162,,156.082,167.92305542948742,144.24094457051257,-0.0010405190353776073,-0.04872646733111741,75.47103977669225,4.36914078491742,3.974857112887489,0.39428367202993053,2.673571428571435,531935748.0
2022-09-22,160.72,160.77,160.69,160.77,91243472.0,AAPL,156.4,148.3568,,156.4,168.39262580439302,144.407374195607,-0.014950064334293245,-0.06294806784402762,68.76649076517153,4.140488973160956,4.007983484942183,0.13250548821877306,2.786428571428579,440692276.0
2022-09-23,155.96,156.7,155.9,156.44,44309567.0,AAPL,156.6035,148.6738,,156.6035,168.4453708959257,144.7616291040743,-0.0269328854885863,-0.08818558022964296,57.381099444101295,3.5687476508656175,3.92013631812687,-0.3513886672612525,2.963571428571435,396382709.0
2022-09-26,155.54,155.63,155.19,155.23,21248749.0,AAPL,156.8665,148.95420000000001,,156.8665,168.31516671161611,145.4178332883839,-0.007734594732804911,-0.09523809523809434,55.207400775887756,2.9836084650118266,3.7328307475038613,-0.7492222824920347,3.017857142857149,375133960.0
2022-09-27,157.27,157.97,157.13,157.67,30987706.0,AAPL,157.3595,149.216,,157.3595,167.985746502732,146.73325349726798,0.015718611093216595,-0.08101649472518413,52.990917632320695,2.6858087215080104,3.523426342304691,-0.8376176207966806,2.9185714285714357,406121666.0
2022-09-28,158.48,158.68,158.1,158.32,104562417.0,AAPL,157.89299999999997,149.5736,,157.89299999999997,167.48808668126733,148.2979133187326,0.004122534407306366,-0.07722795360494172,55.112923462986174,2.4737341792015,3.3134879096840533,-0.8397537304825531,2.9064285714285796,510684083.0
2022-09-29,153.52,155.8,152.94,154.82,36172473.0,AAPL,158.2035,149.851,,158.2035,166.89291346212568,149.5140865378743,-0.02210712481051036,-0.09762779040624736,35.79668348954583,2.0001859289134813,3.0508275135299394,-1.050641584616458,2.6635714285714363,474511610.0
2022-09-30,155.15,155.77,154.85,155.35,33849214.0,AAPL,158.5015,150.125,,158.5015,166.27922331726842,150.72377668273157,0.0034233303190802644,-0.0945386722620496,32.51231527093596,1.6486574031446537,2.7703934914528823,-1.1217360883082286,2.593571428571437,508360824.0
2022-10-03,155.22,157.61,154.27,156.47,89205283.0,AAPL,158.74200000000002,150.3808,,158.74200000000002,165.90191355431364,151.5820864456864,0.007209526874798922,-0.08801072448563174,38.768984812150286,1.4437999267941848,2.5050747785211427,-1.061274851726958,2.613571428571437,597566107.0
2022-10-04,155.3,156.48,153.24,154.03,94274929.0,AAPL,158.85649999999998,150.6508,,158.85649999999998,165.60644666645453,152.10655333354543,-0.015594043586629969,-0.10223232499854185,39.786710418375755,1.072201619946469,2.218500146806208,-1.1462985268597392,2.622857142857149,503291178.0
2022-10-05,153.91,154.75,153.63,154.5,57297350.0,AAPL,158.7935,150.9962,,158.7935,165.6871256597543,151.8998743402457,0.0030513536324092705,-0.09949291834236651,37.318531169940236,0.8063374009637982,1.9360675976377262,-1.129730196673928,2.5650000000000057,560588528.0
2022-10-06,154.41,154.74,153.83,154.71,49452300.0,AAPL,158.776,151.3192,,158.776,165.71118382862508,151.84081617137494,0.0013592233009709354,-0.09826892813428811,38.84548611111115,0.6056023302399183,1.6699745441581646,-1.0643722139182463,2.536428571428577,610040828.0
2022-10-07,151.71,152.01,151.47,151.57,70875992.0,AAPL,158.21949999999998,151.5638,150.16469999999998,158.21949999999998,165.60076354894122,150.83823645105875,-0.020296037748044782,-0.1165704960074595,28.44684385382064,0.19094548189227112,1.374168731704986,-1.1832232498127149,2.4657142857142906,539164836.0
2022-10-10,152.07,153.04,151.6,152.59,46270139.0,AAPL,157.61999999999998,151.81539999999998,150.0698,157.61999999999998,164.77014611554657,150.46985388445339,0.006729563897869051,-0.11062540071107896,27.207435572454642,-0.05473661276062103,1.0883876628118647,-1.1431242755724857,2.467857142857148,585434975.0
2022-10-11,154.2,154.22,154.17,154.18,61991679.0,AAPL,157.22449999999998,152.0804,149.9847,157.22449999999998,164.2066742202617,150.24232577973825,0.010420079952814687,-0.10135804627848588,32.0047827819849,-0.11976119845439825,0.8467578905586122,-0.9665190890130104,2.4050000000000034,647426654.0
2022-10-12,157.23,157.23,157.23,157.23,30938814.0,AAPL,157.1355,152.44019999999998,149.90465,157.1355,164.06704034677213,150.20395965322788,0.019782072901803005,-0.08358104563734825,43.11284046692604,0.07396325661122205,0.6921989637691341,-0.6182357071579121,2.442857142857144,678365468.0
2022-10-13,161.04,161.08,159.95,160.26,77062361.0,AAPL,157.1265,152.84799999999998,149.81575,157.1265,164.0404196743338,150.21258032566618,0.019271131463461266,-0.06592061549221784,57.82786885245899,0.46660819141635557,0.6470808092985785,-0.1804726178822229,2.3700000000000023,755427829.0
2022-10-14,155.82,156.89,154.98,156.34,35467488.0,AAPL,156.951,153.1618,149.7107,156.951,163.7510925690281,150.1509074309719,-0.024460252090353074,-0.08876843270968005,52.047215049797146,0.45621196436721334,0.6089070403123055,-0.15269507594509213,2.6578571428571456,719960341.0
2022-10-17,153.68,153.82,153.54,153.74,62539722.0,AAPL,156.5405,153.459,149.59615,156.5405,163.05520070403398,150.02579929596604,-0.016630420877574492,-0.10392259719064989,42.79427942794284,0.23546036808232884,0.5342177058663101,-0.2987573377839813,2.66214285714286,657420619.0
2022-10-18,155.36,155.43,155.13,155.22,48076568.0,AAPL,156.1325,153.6916,149.4636,156.1325,161.81223266605727,150.45276733394272,0.009626642383244288,-0.0952963804860979,44.483985765124565,0.17788620725423243,0.46295140614389463,-0.2850651988896622,2.7107142857142867,705497187.0
2022-10-19,156.71,156.71,156.68,156.7,88989028.0,AAPL,155.807,153.9284,149.32565,155.807,160.42604569774736,151.18795430225262,0.009534853755959194,-0.0866701637815459,53.6042944785276,0.24881373130907036,0.42012387117692984,-0.17131013986785948,2.432857142857145,794486215.0
2022-10-20,158.37,158.55,158.07,158.2,91485615.0,AAPL,155.6785,154.2566,149.2027,155.6785,159.83615255123922,151.5208474487608,0.00957243139757491,-0.07792737658098647,55.268022181146016,0.4212063643285546,0.4203403698072548,0.0008659945212998177,2.4971428571428596,885971830.0
2022-10-21,169.33,170.83,168.21,169.22,114720426.0,AAPL,156.3175,154.7708,149.12564999999998,156.3175,163.66933149397295,148.96566850602704,0.06965865992414666,-0.013697033280875681,67.25304465493912,1.4305600641093292,0.6223843086676697,0.8081757554416595,3.1607142857142896,1000692256.0
2022-10-24,171.1,171.27,170.88,171.01,70711717.0,AAPL,157.1065,155.3702,149.06495,157.1065,166.93632845060907,147.27667154939095,0.010577945869282512,-0.0032639738882079827,73.38842975206612,2.3478535888479826,0.9674781647037323,1.3803754241442503,3.075714285714292,1071403973.0
2022-10-25,174.43,174.87,173.72,174.55,82918696.0,AAPL,157.95049999999998,155.99960000000002,149.0294,157.95049999999998,170.5050772319766,145.39592276802335,0.020700543827846474,0.017369003905112645,75.46355092710186,3.3221678479583545,1.4384161013546568,1.8837517466036977,3.2714285714285785,1154322669.0
2022-10-26,177.99,178.46,177.37,177.6,97656492.0,AAPL,158.9145,156.62959999999998,149.00484999999998,158.9145,174.2429262590433,143.58607374095672,0.017473503294184844,0.035146004546250165,77.11442786069652,4.290964856116545,2.0089258523070344,2.282039003809511,3.4857142857142924,1251979161.0
2022-10-27,179.85,180.03,179.62,179.74,81161815.0,AAPL,160.1605,157.34459999999999,149.02215,160.1605,177.94250921096733,142.3784907890327,0.01204954954954962,0.04761904761904856,84.17859742780882,5.17180621742429,2.641501925330486,2.5303042920938044,3.4278571428571496,1333140976.0
2022-10-28,177.93,179.62,175.55,178.77,115190439.0,AAPL,161.3315,157.98940000000002,149.0617,161.3315,180.78561364968127,141.87738635031874,-0.005396684099254423,0.041965378562686784,81.8027210884354,5.725607213122146,3.258322982888818,2.4672842302333278,3.622142857142864,1217950537.0
2022-10-31,181.83,182.41,181.03,181.27,103997037.0,AAPL,162.5715,158.6616,149.12215,162.5715,183.80134322028476,141.3416567797152,0.013984449292386847,0.05653669056361932,82.19633943427624,6.2936779964965694,3.8653939856103685,2.428284010886201,3.765714285714292,1321947574.0
2022-11-01,178.36,179.17,177.85,178.8,91842935.0,AAPL,163.81,159.2398,149.18540000000002,163.81,185.81757764235277,141.80242235764723,-0.0136260826391571,0.04214023430669789,75.99421547360814,6.469987835362588,4.386312755560812,2.0836750798017754,3.7921428571428657,1230104639.0
2022-11-02,177.7,178.39,177.08,178.09,74645344.0,AAPL,164.9895,159.7006,149.24015,164.9895,187.42069019767305,142.55830980232693,-0.003970917225950776,0.03800198169843294,72.75976512637224,6.477752092760625,4.804600623000775,1.6731514697598495,3.640000000000007,1155459295.0
2022-11-03,176.14,177.4,175.57,176.59,75186135.0,AAPL,166.08350000000002,160.1442,149.3008,166.08350000000002,188.53798568478902,143.629014315211,-0.008422707619742842,0.029259194497873287,77.55102040816327,6.290356544080879,5.101751807216797,1.1886047368640824,3.44285714285715,1080273160.0
2022-11-04,176.74,177.05,175.74,176.9,39654884.0,AAPL,167.35,160.63479999999998,149.38369999999998,167.35,189.20715925106202,145.49284074893797,0.0017554787926836735,0.031066037185988993,83.60417875798025,6.096581039627154,5.300717653698868,0.7958633859282855,3.336428571428578,1119928044.0
2022-11-07,184.28,184.35,184.27,184.33,42221624.0,AAPL,168.93699999999998,161.322,149.48235,168.93699999999998,190.8907054539288,146.98329454607116,0.04200113058224986,0.07437197645276061,86.01831229893591,6.467992470159146,5.534172616990924,0.933819853168222,3.747857142857149,1162149668.0
2022-11-08,178.58,178.7,178.02,178.19,45971841.0,AAPL,170.1375,161.92960000000002,149.5534,170.1375,191.3052986573939,148.96970134260607,-0.033309824770791585,0.03858483417847003,73.84069225648989,6.19547444598723,5.666432982790186,0.5290414631970446,4.092142857142862,1116177827.0
2022-11-09,181.01,181.17,180.36,180.44,115655263.0,AAPL,171.298,162.5854,149.63445000000002,171.298,192.0266342505893,150.5693657494107,0.0126269712105056,0.05169901497930929,74.26887821911828,6.090846655584869,5.751315717349122,0.33953093823574676,4.172857142857146,1231833090.0
2022-11-10,175.45,175.75,175.16,175.26,84897912.0,AAPL,172.048,163.1184,149.7104,172.048,192.17168240864916,151.92431759135084,-0.028707603635557577,0.021507256513376927,57.553776888444204,5.526242584408294,5.706301090760957,-0.18005850635266274,3.6478571428571445,1146935178.0
2022-11-11,173.32,174.35,173.21,173.82,105081424.0,AAPL,172.922,163.607,149.78674999999998,172.922,191.64262482088068,154.2013751791193,-0.008216364258815445,0.013114180800839703,53.54529396921524,4.906040049048755,5.546248882418516,-0.6402088333697611,3.6478571428571422,1041853754.0
2022-11-14,177.85,178.27,176.81,177.28,96182800.0,AAPL,174.099,164.11939999999998,149.87859999999998,174.099,190.5660642895372,157.63193571046278,0.019905649522494517,0.03328087661013046,53.45132743362831,4.640228489447452,5.365044803824303,-0.7248163143768513,3.69,1138036554.0
2022-11-15,177.37,177.68,176.8,177.54,43384180.0,AAPL,175.215,164.6354,149.98795,175.215,189.12103579669304,161.30896420330697,0.0014666064981949667,0.03479629305822751,49.91838955386289,4.399832213526764,5.172002285764796,-0.7721700722380316,3.4735714285714283,1181420734.0
2022-11-16,173.65,174.16,173.44,174.15,53970993.0,AAPL,176.0875,165.0032,150.07485,176.0875,186.9614047845343,165.21359521546572,-0.01909428861101714,0.01503759398496296,42.64667192843988,3.8909196644319195,4.9157857614982206,-1.024866097066301,3.5928571428571416,1127449741.0
2022-11-17,171.09,173.08,170.52,171.96,101880157.0,AAPL,176.7755,165.3412,150.15905,176.7755,184.0194491265005,169.5315508734995,-0.012575366063738103,0.002273124672146132,41.3204180474127,3.273157186771499,4.587260046552877,-1.3141028597813778,3.5528571428571416,1025569584.0
2022-11-18,174.1,174.17,174.01,174.11,98573735.0,AAPL,177.02,165.56939999999997,150.25785,177.02,183.47761891916997,170.56238108083005,0.012502907652942596,0.014804452992948303,40.79218106995886,2.9233642804931605,4.254480893340934,-1.3311166128477732,3.450714285714284,1124143319.0
2022-11-21,173.56,174.22,170.83,171.87,117994442.0,AAPL,177.063,165.7152,150.35354999999998,177.063,183.36161171002328,170.7643882899767,-0.012865429900637548,0.001748557440112597,41.03492884864166,2.4373058578477753,3.8910458862423023,-1.453740028394527,3.4485714285714244,1006148877.0
2022-11-22,172.17,172.62,172.0,172.6,112210516.0,AAPL,176.96550000000002,165.9254,150.42725000000002,176.96550000000002,183.48441975229034,170.4465802477097,0.004247396287891947,0.006003380544384873,42.90147401086112,2.086948907252747,3.5302264904443916,-1.4432775831916445,3.3792857142857105,1118359393.0
2022-11-23,172.47,173.88,171.32,172.79,86259604.0,AAPL,176.72500000000002,166.201,150.50185,176.72500000000002,183.49541396541727,169.95458603458277,0.0011008111239860785,0.007110800256455718,44.914346895074935,1.8038265225158625,3.1849464968586862,-1.3811199743428237,3.3821428571428527,1204618997.0
2022-11-24,170.96,170.99,170.69,170.81,46935185.0,AAPL,176.2785,166.4084,150.58135000000001,176.2785,183.38139273909704,169.17560726090298,-0.011458996469703053,-0.004429678848282825,42.198308993082236,1.4035018447588357,2.8286575664387166,-1.425155721679881,3.4385714285714237,1157683812.0
2022-11-25,177.97,178.18,176.83,177.46,60710838.0,AAPL,176.21300000000002,166.76059999999998,150.6824,176.21300000000002,183.24293928250802,169.18306071749203,0.03893214682981094,0.03433001107419775,41.01960784313725,1.6043471616755767,2.5837954854860885,-0.9794483238105118,3.432857142857139,1218394650.0
2022-11-28,179.15,179.82,178.72,179.54,24801436.0,AAPL,176.12650000000002,167.11239999999998,150.81085000000002,176.12650000000002,182.9334817872969,169.31951821270314,0.011720951200270502,0.04645334265897372,51.974261479964895,1.9093473710926787,2.4489058626074067,-0.539558491514728,3.1507142857142805,1243196086.0
2022-11-29,172.94,173.05,172.81,173.05,117681559.0,AAPL,175.839,167.3058,150.90375,175.839,182.65624407968977,169.02175592031023,-0.03614793360810953,0.00862621670455277,40.385115794951865,1.6088279070053204,2.2808902714869896,-0.6720623644816692,3.4185714285714233,1125514527.0
2022-11-30,173.42,173.72,172.99,173.68,99258185.0,AAPL,175.6185,167.5152,151.0268,175.6185,182.41443152283912,168.8225684771609,0.003640566310314952,0.012298187328787735,47.66824085005905,1.405300373523687,2.105772291894329,-0.700471918370642,3.0935714285714226,1224772712.0
2022-12-01,171.29,171.73,170.81,171.66,34212972.0,AAPL,175.372,167.733,151.15735,175.372,182.3740736778068,168.36992632219324,-0.011630584983878478,0.000524567232034201,46.86593151479977,1.0686870595591529,1.898355245427294,-0.8296681858681412,3.1521428571428527,1190559740.0
2022-12-02,174.27,174.47,174.1,174.35,26931344.0,AAPL,175.2445,168.09120000000001,151.29855,175.2445,182.22224650698564,168.26675349301433,0.01567051147617371,0.01620329894503758,45.651528643514375,1.0073668043498287,1.720157557211801,-0.7127907528619724,3.0349999999999944,1217491084.0
2022-12-05,171.91,171.91,171.9,171.91,54179345.0,AAPL,174.6235,168.42480000000003,151.41765,174.6235,180.28281472511085,168.96418527488916,-0.013994837969601326,0.0019816984321274767,42.15221633677167,0.7532000311305751,1.526766051995556,-0.7735660208649808,3.147142857142851,1163311739.0
2022-12-06,171.88,172.87,170.75,171.61,63464233.0,AAPL,174.2945,168.7036,151.53269999999998,174.2945,179.84481900457925,168.74418099542075,-0.0017450991798032556,0.00023314099201576788,46.125686394142775,0.5215514192792341,1.3257231254522917,-0.8041717061730576,3.0057142857142805,1099847506.0
2022-12-07,173.81,174.23,172.2,173.22,62861039.0,AAPL,173.9335,169.0016,151.65715,173.9335,178.68212096324754,169.18487903675248,0.009381737660975276,0.009617065920616064,51.95652173913043,0.46254978413324466,1.1530884571884823,-0.6905386730552376,2.933571428571422,1162708545.0
2022-12-08,176.03,176.43,175.78,175.97,106814419.0,AAPL,173.969,169.4246,151.79915,173.969,178.76970564988153,169.16829435011846,0.01587576492321907,0.025645509121641874,52.835365853658516,0.6304254285729485,1.0485558514653757,-0.4181304228924272,3.0049999999999955,1269522964.0
2022-12-09,172.2,172.26,172.17,172.22,63976804.0,AAPL,173.889,169.76199999999997,151.94179999999997,173.889,178.75306760686703,169.02493239313299,-0.02131045064499626,0.003788541120242961,50.51005537744097,0.4556222961131482,0.9299691403949303,-0.4743468442817821,3.0342857142857116,1205546160.0
2022-12-12,171.21,171.33,171.17,171.24,44150572.0,AAPL,173.587,170.05740000000003,152.08865,173.587,178.3126349058217,168.86136509417827,-0.005690396005109677,-0.001923413184122591,48.03240740740742,0.23529935989978412,0.7910351842959011,-0.555735824396117,3.055714285714284,1161395588.0
2022-12-13,169.38,170.26,169.29,169.82,85877073.0,AAPL,173.201,170.3732,152.23405,173.201,177.82722683585718,168.5747731641428,-0.00829245503387066,-0.010199918400652375,45.85079631181895,-0.05327615263090024,0.622172916910541,-0.6754490695414412,3.012142857142856,1075518515.0
2022-12-14,167.98,168.37,167.33,167.88,79115024.0,AAPL,172.8875,170.64079999999998,152.35614999999999,172.8875,178.06042902878102,167.71457097121896,-0.011423860558238075,-0.02150725651337604,45.90209790209789,-0.43351877751814527,0.41103457802480375,-0.844553355542949,3.0399999999999983,996403491.0
2022-12-15,173.21,173.34,173.09,173.26,85440781.0,AAPL,172.95250000000001,171.0118,152.5005,172.95250000000001,178.10900177215905,167.79599822784098,0.03204670002382648,0.009850206912630721,43.90951276102084,-0.29731549185979134,0.2693645640478847,-0.5666800559076761,2.903571428571427,1081844272.0
2022-12-16,174.17,174.83,172.99,174.58,62192304.0,AAPL,172.976,171.472,152.67415,172.976,178.15892906416573,167.79307093583427,0.0076186078725615225,0.017543859649123084,42.64531435349943,-0.08191615988405943,0.19910841926149592,-0.28102457914555534,2.866428571428571,1144036576.0
2022-12-19,170.6,170.73,170.43,170.67,110865820.0,AAPL,172.916,171.83360000000002,152.82395,172.916,178.17998848182683,167.65201151817317,-0.02239660900446805,-0.005245672320335681,46.178548490687184,-0.22413131392147534,0.11446047262490167,-0.338591786546377,2.682142857142858,1033170756.0
2022-12-20,173.29,173.62,173.28,173.54,36480387.0,AAPL,172.96300000000002,172.22080000000003,152.99280000000002,172.96300000000002,178.23189222352494,167.6941077764751,0.016816077810980268,0.01148219385673488,49.79029358897541,-0.10405337119954083,0.07075770386001318,-0.174811075059554,2.8407142857142884,1069651143.0
2022-12-21,180.47,180.69,180.1,180.22,82545233.0,AAPL,173.3345,172.68060000000003,153.20335,173.3345,179.5200467358202,167.1489532641798,0.03849256655526112,0.05041673952322667,61.25131440588853,0.5240880753341912,0.1614237781548488,0.36266429717934245,3.1464285714285745,1152196376.0
2022-12-22,183.59,184.27,181.69,183.62,28625146.0,AAPL,173.975,173.1478,153.4231,173.975,181.55549158244645,166.39450841755354,0.018865830651425997,0.070233723844495,61.961290322580645,1.2814742448368293,0.3854338714912449,0.8960403733455844,3.2350000000000034,1180821522.0
2022-12-23,179.59,180.24,177.9,178.66,102367891.0,AAPL,174.035,173.59419999999997,153.60485,174.035,181.74944714395042,166.32055285604957,-0.02701230802744803,0.04132424083464481,58.17785316210322,1.4645947566142752,0.601266048515851,0.8633287080984242,3.468571428571433,1078453631.0
2022-12-26,177.48,178.18,175.55,177.15,108595831.0,AAPL,173.9155,174.06240000000003,153.7669,173.9155,181.33947106107993,166.49152893892008,-0.008451807903279929,0.0325231683860816,56.520715630885114,1.470918864056813,0.7751966116240434,0.6957222524327695,3.5392857142857173,969857800.0
2022-12-27,181.25,181.26,181.08,181.25,35802231.0,AAPL,174.3255,174.58300000000003,153.96020000000001,174.3255,182.42334500247895,166.22765499752106,0.023144228055320237,0.05642012006761088,58.928174338447846,1.7861765680183055,0.9773926029028959,0.8087839651154096,3.645714285714289,1005660031.0
2022-12-28,178.68,179.43,178.57,178.99,90717998.0,AAPL,174.59099999999998,175.02880000000002,154.14595,174.59099999999998,182.94391036578924,166.23808963421072,-0.012468965517241304,0.043247654018767845,53.39478417266188,1.832533155816975,1.1484207134857118,0.6841124423312632,3.607857142857146,914942033.0
2022-12-29,179.0,181.15,178.0,180.48,45319530.0,AAPL,175.03199999999998,175.47439999999997,154.3347,175.03199999999998,183.6601390321353,166.40386096786466,0.008324487401530689,0.0519321559713235,59.782093794410216,1.966829249894971,1.3121024207675638,0.6547268291274073,3.5614285714285745,960261563.0
2022-12-30,182.95,183.45,182.61,183.05,119909227.0,AAPL,175.467,175.75099999999998,154.52355,175.467,184.79890813679853,166.1350918632015,0.014239804964539138,0.06691146470828224,63.47865784067564,2.254647223888867,1.5006113813918245,0.7540358424970424,3.6985714285714306,1080170790.0
2023-01-02,179.54,180.41,179.42,180.05,98838024.0,AAPL,175.87400000000002,175.9318,154.70345,175.87400000000002,185.26257177636526,166.48542822363478,-0.016388964763725755,0.049425890307163156,61.2690019828156,2.2151354117884523,1.6435161874711501,0.5716192243173022,3.818571428571431,981332766.0
2023-01-03,179.91,179.91,179.89,179.91,26630604.0,AAPL,176.28900000000002,176.03900000000002,154.88485,176.28900000000002,185.61754340747927,166.96045659252076,-0.000777561788392167,0.048609896835110966,63.799036476256006,2.1477670642820215,1.7443663628333244,0.4034007014486971,3.652142857142863,954702162.0
2023-01-04,169.42,169.51,169.42,169.47,50334030.0,AAPL,176.1015,175.8764,155.02814999999998,176.1015,185.83186543912453,166.37113456087545,-0.05802901450725362,-0.012239902080783405,46.104830421377194,1.237689104676889,1.6430309112020374,-0.4053418065251484,4.011428571428577,904368132.0
2023-01-05,167.07,167.3,165.03,166.39,55341284.0,AAPL,175.6225,175.60940000000002,155.171,175.6225,186.2792218717856,164.9657781282144,-0.0181743081371335,-0.03019175846593236,41.8766117833763,0.26486233741161413,1.3673971964439529,-1.1025348590323387,4.197142857142863,849026848.0
2023-01-06,165.97,166.0,165.1,165.69,75654323.0,AAPL,175.296,175.34779999999998,155.30005,175.296,186.76112037717527,163.8308796228247,-0.0042069835927639465,-0.03427172582619342,44.72457627118645,-0.5561827063137628,0.9826812158924099,-1.5388639222061726,3.9928571428571473,773372525.0
2023-01-09,162.39,163.01,161.14,162.01,100034329.0,AAPL,174.8345,174.96259999999998,155.3934,174.8345,187.65052364640553,162.01847635359445,-0.0222101514877181,-0.05572069709156624,37.99208498229536,-1.486674604317244,0.4888100518504791,-1.975484656167723,4.107142857142861,673338196.0
2023-01-10,166.9,167.28,166.68,166.82,95248344.0,AAPL,174.68449999999999,174.72299999999998,155.51149999999998,174.68449999999999,187.81403035597174,161.55496964402823,0.029689525337942113,-0.027685492801772016,35.47897702644127,-1.815046608686714,0.028038719743040452,-1.8430853284297546,3.9728571428571473,768586540.0
2023-01-11,163.68,164.58,162.02,162.58,36819353.0,AAPL,174.41950000000003,174.41279999999998,155.59525,174.41950000000003,188.3186850953843,160.52031490461576,-0.025416616712624296,-0.052398437955353594,27.60749255002129,-2.389867448478327,-0.45554251390123307,-1.934324934577094,4.026428571428574,731767187.0
2023-01-12,161.73,162.02,161.2,161.34,70470573.0,AAPL,173.8235,174.1078,155.66785,173.8235,188.9040867190052,158.7429132809948,-0.007627014392914355,-0.0596258087078162,29.981507165973184,-2.9119080785318374,-0.946815626827354,-1.9650924517044834,3.7164285714285756,661296614.0
2023-01-13,161.92,162.11,161.62,161.77,51578449.0,AAPL,173.183,173.8052,155.7509,173.183,189.1880927421297,157.1779072578703,0.002665179124829553,-0.05711954304365574,31.768610715979136,-3.25342813822013,-1.4081381291059092,-1.8452900091142208,3.54928571428572,712875063.0
2023-01-16,165.6,166.22,165.53,166.01,92521183.0,AAPL,172.95,173.43880000000001,155.8502,172.95,189.2422338618892,156.6577661381108,0.02621005130741172,-0.03240659789007416,31.994328922495257,-3.1456911121842097,-1.7556487257215694,-1.3900423864626403,3.5735714285714346,805396246.0
2023-01-17,161.85,161.85,161.52,161.77,107180980.0,AAPL,172.3615,173.1104,155.90789999999998,172.3615,189.39733130994833,155.32566869005169,-0.02554063008252505,-0.05711954304365574,30.564334085778782,-3.363667047772225,-2.077252390131701,-1.286414657640524,3.7028571428571473,698215266.0
2023-01-18,165.23,165.43,165.03,165.21,32184706.0,AAPL,171.61100000000002,172.80579999999998,155.98305,171.61100000000002,188.5111138582264,154.71088614177364,0.021264758607900003,-0.037069417730372645,33.49189189189191,-3.2216975722611494,-2.3061414265575904,-0.915556145703559,3.739285714285718,730399972.0
2023-01-19,165.65,165.73,165.18,165.29,53929665.0,AAPL,170.6945,172.6064,156.03719999999998,170.6945,186.82296646542312,154.5660335345769,0.00048423218933479895,-0.036603135746342774,29.707495429616046,-3.0673716575757055,-2.4583874727612134,-0.6089841848144921,3.566428571428574,784329637.0
2023-01-20,162.41,162.43,162.4,162.42,67118304.0,AAPL,169.8825,172.3784,156.1132,169.8825,185.95756454108232,153.80743545891767,-0.017363421864601603,-0.053331001923413335,29.79601191840473,-3.1404511072372543,-2.5948001996564214,-0.5456509075808329,3.5135714285714283,717211333.0
2023-01-23,164.27,165.74,163.16,163.82,34166825.0,AAPL,169.21599999999998,172.10920000000002,156.1851,169.21599999999998,185.12686672686195,153.305133273138,0.008619628124615142,-0.0451710672028911,32.078413900646,-3.050237558029181,-2.685887671330973,-0.364349886698208,3.739285714285714,751378158.0
2023-01-24,164.74,164.96,164.35,164.45,115814418.0,AAPL,168.376,171.8474,156.25875,168.376,183.3586220739392,153.39337792606082,0.003845684287632656,-0.04149909657865625,42.84492588369439,-2.894540474655031,-2.727618231995785,-0.16692224265924605,3.0714285714285716,867192576.0
2023-01-25,162.71,163.0,162.69,162.73,47726096.0,AAPL,167.56300000000002,171.61900000000003,156.3276,167.56300000000002,181.86998040891285,153.25601959108718,-0.010459106111279981,-0.05152415923529785,44.5729537366548,-2.8767773412461395,-2.7574500538458557,-0.11932728740028375,2.8799999999999994,819466480.0
2023-01-26,163.65,163.77,162.62,162.98,97232107.0,AAPL,166.68800000000002,171.43939999999998,156.39625,166.68800000000002,179.7555856103633,153.62041438963672,0.0015362871013335777,-0.050067028035204464,45.92726179741506,-2.81013354907401,-2.7679867528914865,-0.04214679618252326,2.8700000000000006,916698587.0
2023-01-27,164.35,165.43,160.83,161.9,72289440.0,AAPL,165.63049999999998,171.1952,156.48595,165.63049999999998,176.3318259876849,154.92917401231506,-0.006626579948459832,-0.056361834819607215,49.82067166612327,-2.812049283992394,-2.776799259111668,-0.03525002488072593,2.8735714285714278,844409147.0
2023-01-30,162.84,162.98,161.56,162.28,47320962.0,AAPL,164.742,171.0034,156.5802,164.742,173.0957261777362,156.38827382226378,0.0023471278567015474,-0.054146995395465525,41.34908536585365,-2.751190679908632,-2.771677543271061,0.02048686336242911,2.598571428571426,891730109.0
2023-01-31,165.69,167.03,162.93,164.26,84642096.0,AAPL,163.9595,170.8366,156.67950000000002,163.9595,168.29771440347176,159.62128559652822,0.012201133842740797,-0.04260651629072709,53.50291909924934,-2.51420811910333,-2.7201836584375148,0.2059755393341849,2.594999999999999,976372205.0
2023-02-01,169.26,169.52,168.95,169.0,40279862.0,AAPL,163.936,170.76080000000002,156.7831,163.936,168.15189673297647,159.72010326702355,0.02885669061244367,-0.014979308736958963,63.93740902474529,-1.921766419109332,-2.5605002105718784,0.6387337914625464,2.8721428571428556,1016652067.0
2023-02-02,165.61,166.02,165.26,165.28,107777945.0,AAPL,163.88049999999998,170.6502,156.8748,163.88049999999998,167.98821020860262,159.77278979139734,-0.02201183431952658,-0.03666142099434655,55.70360740981475,-1.73245435878232,-2.3948910402139667,0.6624366814316467,3.0842857142857127,908874122.0
2023-02-03,170.95,172.12,170.3,171.68,103774818.0,AAPL,164.18,170.53459999999998,157.00895,164.18,169.5291169954996,158.8308830045004,0.038722168441432725,0.0006411377280408637,58.60917096872157,-1.0538485638391535,-2.126682544939004,1.0728339810998504,3.2549999999999994,1012648940.0
2023-02-06,165.55,166.77,164.82,165.7,93092807.0,AAPL,164.3645,170.25780000000003,157.11955,164.3645,169.6526733986983,159.07632660130167,-0.0348322460391427,-0.03421344057818998,55.667724257282934,-0.9872047237686843,-1.89878698070494,0.9115822569362557,3.424285714285716,919556133.0
2023-02-07,165.28,165.79,165.12,165.29,74482227.0,AAPL,164.288,170.1026,157.21605,164.288,169.46980460335317,159.10619539664685,-0.0024743512371755427,-0.036603135746342885,50.12642225031604,-0.9564472453799624,-1.7103190336399445,0.7538717882599821,3.2107142857142867,845073906.0
2023-02-08,167.22,167.37,166.73,167.09,63096931.0,AAPL,164.5135,169.97079999999997,157.317,164.5135,169.77427150635427,159.25272849364572,0.010889950995220499,-0.02611179110567141,52.69784172661872,-0.7778600786038226,-1.5238272426327202,0.7459671640288976,3.3200000000000034,908170837.0
2023-02-09,167.95,168.0,167.93,167.99,34999412.0,AAPL,164.846,169.89739999999998,157.42925,164.846,170.10284476107762,159.5891552389224,0.005386318750373986,-0.02086611878533573,58.87225230965278,-0.5572819840800207,-1.3305181909221804,0.7732362068421597,3.178571428571433,943170249.0
2023-02-10,166.25,166.47,166.06,166.16,52788085.0,AAPL,165.0655,169.73359999999997,157.5254,165.0655,170.14517456478998,159.98582543521,-0.010893505565807593,-0.03153231917001842,53.67693274670018,-0.5240965027969366,-1.1692338532971318,0.6451373505001952,3.0792857142857173,890382164.0
2023-02-13,165.64,165.66,165.58,165.58,118257197.0,AAPL,165.044,169.60699999999997,157.61715,165.044,170.1104651852794,159.97753481472063,-0.0034906114588347803,-0.03491286355423473,51.77840730248665,-0.538391678397943,-1.043065418317294,0.504673739919351,3.039285714285715,772124967.0
2023-02-14,163.9,164.2,163.46,164.17,77318243.0,AAPL,165.164,169.4582,157.6888,165.164,170.01297992527844,160.31502007472153,-0.008515521198212528,-0.04313108352276085,52.28862047043864,-0.6559347170779972,-0.9656392780694347,0.3097045609914375,3.0650000000000017,694806724.0
2023-02-15,163.15,163.16,162.36,162.47,62168727.0,AAPL,165.027,169.2432,157.7612,165.027,170.023104166455,160.03089583354497,-0.01035511969300107,-0.0530395756833949,49.225159525979954,-0.876164337501649,-0.9477442899558777,0.07157995245422866,3.1121428571428567,632637997.0
2023-02-16,165.14,165.65,164.78,165.01,25539004.0,AAPL,165.01299999999998,169.024,157.8504,165.01299999999998,170.00757010425116,160.0184298957488,0.015633655444081906,-0.03823512269044749,54.52429444282803,-0.8361030505115821,-0.9254160420670186,0.08931299155543648,3.010714285714286,658177001.0
2023-02-17,166.1,166.13,165.36,166.12,106128445.0,AAPL,165.198,168.90200000000002,157.95015,165.198,170.06052089698832,160.3354791030117,0.006726865038482632,-0.0317654601620333,55.470085470085465,-0.7066407538611372,-0.8816609844258424,0.17502023056470517,2.989285714285716,764305446.0
2023-02-20,163.81,164.25,163.65,164.09,56316288.0,AAPL,165.2115,168.759,158.05880000000002,165.2115,170.05938950281902,160.36361049718099,-0.012220081868528743,-0.0435973655067905,49.758179231863465,-0.7590946154157905,-0.8571477106238321,0.09805309520804162,2.826428571428573,707989158.0
2023-02-21,166.82,167.22,166.06,166.8,105957168.0,AAPL,165.329,168.69859999999997,158.17695,165.329,170.2129582738816,160.4450417261184,0.016515326954720022,-0.027802063297779567,46.67874396135269,-0.575357958623357,-0.8007897602237372,0.22543180160038012,2.674285714285714,813946326.0
2023-02-22,167.46,168.44,166.84,167.77,105999128.0,AAPL,165.581,168.69639999999998,158.2964,165.581,170.42021655250818,160.7417834474918,0.005815347721822572,-0.02214839424141768,54.099440237076074,-0.3474690342575286,-0.7101256150304955,0.3626565807729669,2.5242857142857127,919945454.0
2023-02-23,169.96,170.52,169.74,170.28,20029813.0,AAPL,165.946,168.6368,158.4281,165.946,171.05299169869016,160.83900830130983,0.014960958455027651,-0.00751879699248148,47.35649546827794,0.035264100607491855,-0.5610476719028982,0.59631177251039,2.232142857142855,939975267.0
2023-02-24,172.5,172.66,172.23,172.26,95188687.0,AAPL,166.464,168.59040000000002,158.57255,166.464,171.93192522953206,160.99607477046794,0.011627906976744207,0.004021682112257174,64.59074733096085,0.4926730911643631,-0.3503035192894459,0.842976610453809,1.9121428571428538,1035163954.0
2023-02-27,169.87,169.92,169.73,169.74,73543055.0,AAPL,166.83700000000002,168.5718,158.72244999999998,166.83700000000002,172.1177539334102,161.55624606658984,-0.014629049111807624,-0.01066620038468269,59.04839365595774,0.6444018092227282,-0.15136245358701114,0.7957642628097393,2.0449999999999977,961620899.0
2023-02-28,168.48,168.79,167.45,168.08,75191993.0,AAPL,167.028,168.46259999999998,158.8691,167.028,172.19132654909558,161.8646734509044,-0.009779663014021445,-0.020341551553301862,52.02453987730063,0.623512322696115,0.0036125016696140905,0.6198998210265009,2.0599999999999983,886428906.0
2023-03-01,170.45,170.61,170.21,170.39,109857223.0,AAPL,167.0975,168.266,159.0314,167.0975,172.4079142964522,161.7870857035478,0.013743455497382095,-0.006877659264440283,54.64037122969834,0.7843138666117682,0.15975277465804494,0.6245610919537232,2.1757142857142844,996286129.0
2023-03-02,172.39,172.47,172.31,172.31,76832859.0,AAPL,167.449,168.03980000000004,159.21305,167.449,173.16781805970115,161.73018194029888,0.011268266917072722,0.004313108352276052,61.84971098265899,1.0545223256156646,0.3387066848495689,0.7158156407660957,2.1864285714285705,1073118988.0
2023-03-03,171.52,172.63,170.28,172.3,61850767.0,AAPL,167.48000000000002,167.91260000000003,159.3964,167.48000000000002,173.30119177524455,161.6588082247555,-5.803493703204765e-05,0.004254823104272276,63.23877068557921,1.2534090404977007,0.5216471559791953,0.7317618845185054,2.3128571428571427,1011268221.0
2023-03-06,172.62,172.85,172.5,172.72,69582227.0,AAPL,167.831,167.82399999999998,159.5767,167.831,174.03430947325833,161.62769052674165,0.0024376088218223124,0.006702803520428846,67.52767527675284,1.4284523750577307,0.7030081997949025,0.7254441752628282,2.200714285714284,1080850448.0
2023-03-07,176.69,176.79,176.46,176.74,43424070.0,AAPL,168.4035,167.73379999999997,159.7537,168.4035,175.64582377653574,161.16117622346428,0.02327466419638724,0.030133473217928364,76.7128416323475,1.8699996898833149,0.936406497812585,0.9335931920707299,2.3621428571428567,1124274518.0
2023-03-08,174.98,175.05,174.74,174.91,21615181.0,AAPL,168.7945,167.65220000000002,159.91915,168.7945,176.5634678918906,161.0255321081094,-0.010354192599298484,0.019467272833245675,69.03846153846158,2.04864787454855,1.158854773159778,0.8897931013887719,2.2778571428571417,1102659337.0
2023-03-09,176.64,176.73,176.63,176.69,82044970.0,AAPL,169.2295,167.5764,160.09,169.2295,177.74700266092776,160.71199733907224,0.010176662283460036,0.02984204697790971,69.81627296587928,2.3072622884652105,1.3885362762208646,0.9187260122443459,2.327857142857141,1184704307.0
2023-03-10,176.06,176.11,176.06,176.1,102004633.0,AAPL,169.72650000000002,167.43740000000003,160.25865,169.72650000000002,178.64064080636794,160.8123591936321,-0.0033391816175222244,0.026403217345689622,73.80103051922316,2.4365213046282292,1.5981332819023377,0.8383880227258915,2.1964285714285694,1082699674.0
2023-03-13,175.02,176.68,174.76,175.46,91143513.0,AAPL,170.2205,167.3456,160.44844999999998,170.2205,179.261260273105,161.17973972689498,-0.003634298693923843,0.02267296147345088,68.69602763385151,2.4589718579795488,1.77030099711778,0.6886708608617687,2.1099999999999994,991556161.0
2023-03-14,179.03,179.07,178.97,178.98,31527501.0,AAPL,170.961,167.327,160.65595,170.961,180.33505579806456,161.58694420193547,0.020061552490596046,0.04318936877076385,71.80085569817194,2.7293365723376724,1.9621081121617587,0.7672284601759136,2.250714285714285,1023083662.0
2023-03-15,181.5,182.28,180.89,181.7,65789382.0,AAPL,171.92249999999999,167.5716,160.8761,171.92249999999999,181.57036068459934,162.27463931540063,0.015197228740641444,0.059042956227778554,72.02932098765436,3.1270372850417516,2.1950939467377575,0.9319433383039941,2.29,1088873044.0
2023-03-16,184.48,184.55,184.29,184.41,88459680.0,AAPL,172.8925,167.93199999999996,161.0791,172.8925,183.47025993597524,162.3147400640248,0.01491469455145844,0.07483825843678948,72.79549718574114,3.619172746162718,2.47990970662275,1.1392630395399683,2.3235714285714306,1177332724.0
2023-03-17,188.84,188.86,188.74,188.8,79490604.0,AAPL,174.0265,168.3942,161.3063,174.0265,186.2776907477113,161.7753092522887,0.02380565045279548,0.10042548231042714,83.41514726507717,4.313704258480726,2.846668616994345,1.467035641486381,2.460714285714289,1256823328.0
2023-03-20,190.72,191.39,188.51,188.93,43544531.0,AAPL,175.26850000000002,168.9326,161.53005,175.26850000000002,188.29046084353243,162.2465391564676,0.0006885593220338215,0.10118319053447555,88.62541682104485,4.81906422672435,3.241147738940346,1.5779164877840044,2.5028571428571444,1300367859.0
2023-03-21,191.11,191.61,190.42,191.3,73152706.0,AAPL,176.49349999999998,169.4222,161.7659,176.49349999999998,190.7153916130238,162.27160838697617,0.012544328587307474,0.11499679431135967,88.65064695009245,5.3491432419953355,3.6627468395513443,1.6863964024439912,2.5135714285714306,1373520565.0
2023-03-22,190.16,190.35,189.93,190.29,20458819.0,AAPL,177.6195,169.97640000000004,162.01165,177.6195,192.48473244989594,162.75426755010403,-0.005279665446942028,0.1091099842629828,84.39173680183623,5.62291861587434,4.054781194815944,1.5681374210583963,2.462857142857144,1353061746.0
2023-03-23,192.25,192.33,190.42,191.46,109239449.0,AAPL,178.67849999999999,170.5788,162.2485,178.67849999999999,194.33866370822435,163.01833629177563,0.006148510168690002,0.11592935827941941,85.09157509157504,5.866669480128564,4.417158851878468,1.4495106282500965,2.440714285714289,1462301195.0
2023-03-24,191.76,192.35,189.37,191.07,104330954.0,AAPL,179.619,171.16479999999999,162.47344999999999,179.619,195.9030236848387,163.3349763151613,-0.002036979003447237,0.11365623360727395,83.64503116978355,5.959674636109753,4.725662008724726,1.2340126273850274,2.614285714285718,1357970241.0
2023-03-27,191.65,191.76,189.97,191.46,103330561.0,AAPL,180.70499999999998,171.6738,162.68975,180.70499999999998,197.1115551725993,164.29844482740066,0.002041136756162798,0.11592935827941964,81.1336717428087,5.995736514600878,4.979676909899957,1.0160596047009216,2.451428571428575,1461300802.0
2023-03-28,193.61,193.8,193.47,193.57,109571725.0,AAPL,181.97949999999997,172.3098,162.9285,181.97949999999997,198.21598973600314,165.7430102639968,0.011020578710957851,0.1282275456082067,89.00501672240794,6.123981729776517,5.208537873875269,0.9154438559012483,2.4757142857142895,1570872527.0
2023-03-29,191.64,191.8,190.54,190.77,47274525.0,AAPL,182.9985,172.82100000000003,163.1346,182.9985,198.72244255502267,167.27455744497735,-0.014465051402593243,0.11190767616716246,78.22774659182036,5.931307961269965,5.353091891354208,0.578216069915757,2.5621428571428617,1523598002.0
2023-03-30,198.2,198.77,197.39,198.02,99107632.0,AAPL,184.28400000000002,173.4756,163.3956,184.28400000000002,200.5239927404693,168.04400725953073,0.03800387901661684,0.1541644809698668,84.68354430379748,6.291107054761767,5.54069492403572,0.7504121307260467,3.0885714285714334,1622705634.0
2023-03-31,194.17,194.56,194.08,194.49,118591883.0,AAPL,185.3935,174.11700000000002,163.63105,185.3935,201.21273449475257,169.5742655052474,-0.017826482173517788,0.13358978842455005,77.58770658161784,6.219711962144089,5.6764983316573945,0.5432136304866946,3.232857142857146,1504113751.0
2023-04-03,191.23,193.17,189.63,190.3,38831264.0,AAPL,186.2725,174.6466,163.81625,186.2725,201.04574876076143,171.4992512392386,-0.02154352408864213,0.10916826951098701,66.09783845278727,5.75865071337364,5.692928808000644,0.06572190537299605,3.3221428571428624,1465282487.0
2023-04-04,194.87,195.02,193.89,194.32,104949772.0,AAPL,187.1515,175.24400000000003,164.035,187.1515,201.6256006810885,172.67739931891148,0.021124540199684683,0.13259893920848653,67.30663741086121,5.652478501791393,5.684838746758794,-0.03236024496740164,3.423571428571433,1570232259.0
2023-04-05,197.74,198.13,195.85,197.15,29332439.0,AAPL,188.2635,175.93239999999997,164.27535,188.2635,202.18438816736895,174.34261183263104,0.01456360642239618,0.14909366439354232,67.41388737014762,5.730634421471507,5.693997881701337,0.03663653977016956,3.49214285714286,1599564698.0
2023-04-06,199.24,199.54,199.18,199.42,59627361.0,AAPL,189.4,176.66119999999998,164.52545,189.4,203.05127177418296,175.74872822581705,0.011514075576971816,0.16232441569038913,65.40917005223443,5.907643937785309,5.736727092918132,0.17091684486717718,3.345000000000001,1659192059.0
2023-04-07,201.66,201.81,201.61,201.74,65017835.0,AAPL,190.682,177.458,164.7937,190.682,203.88257351226093,177.48142648773904,0.011633737839735314,0.1758465932272546,67.47612551159617,6.164074254694555,5.822196525273417,0.3418777294211379,3.3100000000000023,1724209894.0
2023-04-10,201.42,201.99,200.42,201.76,67118996.0,AAPL,191.997,178.24759999999998,165.0825,191.997,203.9982299369679,179.99577006303213,9.913750371759456e-05,0.17596316372326193,65.24781341107868,6.296330779285057,5.917023376075745,0.379307403209312,3.230714285714289,1791328890.0
2023-04-11,198.7,198.9,198.56,198.56,99371163.0,AAPL,192.976,178.9336,165.35420000000002,192.976,203.62446991726617,182.32753008273383,-0.015860428231562196,0.15731188436206822,61.33187174568377,6.0729268509239205,5.94820407104538,0.12472277987854063,3.3614285714285734,1691957727.0
2023-04-12,198.86,199.09,198.74,198.89,116698159.0,AAPL,193.8355,179.5314,165.64115,193.8355,203.3683186034505,184.3026813965495,0.0016619661563255228,0.15923529754619126,60.42075736325384,5.855012925844136,5.929565842005131,-0.0745529161609948,3.2535714285714294,1808655886.0
2023-04-13,196.9,197.17,196.42,196.52,24051939.0,AAPL,194.44099999999997,180.1562,165.91,194.44099999999997,202.93481669835413,185.94718330164582,-0.011916134546734236,0.14542169376930736,57.241562583045486,5.42849901957544,5.829352477519193,-0.4008534579437528,3.2171428571428584,1784603947.0
2023-04-14,199.33,200.77,196.08,200.03,116774055.0,AAPL,195.0025,180.7232,166.208,195.0025,203.41050088887636,186.59449911112364,0.017860777529004723,0.16587981581861677,60.51533742331291,5.312472466007932,5.725976475216941,-0.4135040092090083,3.424285714285716,1901378002.0
2023-04-17,199.51,199.6,199.47,199.56,54424385.0,AAPL,195.534,181.40040000000002,166.48385000000002,195.534,203.66509017096718,187.4029098290328,-0.00234964755286704,0.16314040916244155,57.65788800818208,5.123534596791131,5.605488099531779,-0.4819535027406472,3.297142857142859,1846953617.0
2023-04-18,196.61,196.73,196.56,196.66,114857961.0,AAPL,195.802,182.0278,166.75515,195.802,203.69535656705784,187.90864343294214,-0.01453197033473641,0.14623768724135977,57.51083907166539,4.685779461686337,5.421546371962691,-0.7357669102763538,3.2950000000000017,1732095656.0
2023-04-19,194.75,196.19,194.47,195.58,56652488.0,AAPL,196.06650000000002,182.59760000000003,167.02495000000002,196.06650000000002,203.5246930222993,188.60830697770075,-0.005491711583443415,0.1399428804569569,46.30750605326875,4.203255871941138,5.1778882719583805,-0.9746324000172422,2.8800000000000017,1675443168.0
2023-04-20,196.56,197.39,196.53,197.09,81036630.0,AAPL,196.348,183.17960000000002,167.2917,196.348,203.49252193531447,189.20347806468556,0.007720625830861971,0.14874395290552012,54.19084461637654,3.897765813058811,4.921863780178467,-1.0240979671196557,2.7278571428571428,1756479798.0
2023-04-21,196.1,196.32,194.41,195.15,110885324.0,AAPL,196.552,183.75940000000003,167.5645,196.552,203.2830047736677,189.8209952263323,-0.009843218834035161,0.13743661479279656,58.42891901286064,3.45924493144949,4.629340010432672,-1.1700950789831817,2.5721428571428566,1645594474.0
2023-04-24,191.79,192.71,191.34,192.32,50325526.0,AAPL,196.595,184.29420000000002,167.82005,196.595,203.19882504788984,189.99117495211016,-0.014501665385600937,0.12094188960774077,46.374184191443064,2.850497859744763,4.273571580295091,-1.4230737205503274,2.5071428571428567,1595268948.0
2023-04-25,194.26,194.91,191.56,193.22,74525264.0,AAPL,196.57750000000001,184.8752,168.06325,196.57750000000001,203.21683691996586,189.93816308003417,0.004679700499168105,0.12618756192807656,42.339181286549675,2.4128698365032335,3.9014312315367192,-1.4885613950334857,2.4742857142857133,1669794212.0
2023-04-26,194.02,195.41,193.81,194.13,77415983.0,AAPL,196.7455,185.5084,168.33169999999998,196.7455,202.91985264026079,190.5711473597392,0.004709657385363775,0.1314915194964159,39.11074516261834,2.115094378561821,3.54416386094174,-1.4290694823799188,2.46,1747210195.0
2023-04-27,193.27,193.31,191.77,192.42,103367291.0,AAPL,196.4655,186.0566,168.58905000000001,196.4655,202.89896669255307,190.0320333074469,-0.008808530366249512,0.12152474208777786,30.320945945945837,1.7212806222993038,3.179587213213253,-1.4583065909139492,2.4578571428571405,1643842904.0
2023-04-28,191.15,191.28,190.55,190.84,103400833.0,AAPL,196.283,186.55100000000002,168.835,196.283,203.14521722646091,189.42078277353906,-0.008211204656480509,0.11231567290318867,28.367670364500754,1.2670814614406538,2.797086062858733,-1.5300046014180793,2.4792857142857088,1540442071.0
2023-05-01,191.82,192.41,191.58,191.7,76755475.0,AAPL,196.353,187.1032,169.0751,196.353,202.98287211117272,189.7231278888273,0.004506392789771496,0.11732820423150936,35.021834061135294,0.9653917318626384,2.430747196659514,-1.4653554647968758,2.3628571428571377,1617197546.0
2023-05-02,186.79,186.79,186.72,186.76,60228538.0,AAPL,195.975,187.50240000000002,169.30625,195.975,203.8399401911588,188.11005980884119,-0.025769431403234178,0.08853529171766672,27.953471464921805,0.3239494453629277,2.0093876464001967,-1.685438201037269,2.68071428571428,1556969008.0
2023-05-03,182.09,182.15,181.99,182.08,25216813.0,AAPL,195.2215,187.7886,169.5305,195.2215,205.21262506177246,185.23037493822753,-0.02505889912186754,0.06125779565192113,25.788061703554604,-0.5556301175113845,1.4963840936178807,-2.052014211129265,2.8449999999999926,1531752195.0
2023-05-04,179.74,180.24,179.74,179.78,47923330.0,AAPL,194.2395,187.9786,169.7366,194.2395,206.16632332965568,182.3126766703443,-0.012631810193321713,0.047852188611062996,14.61027612722819,-1.4219032209882698,0.9127266306966506,-2.3346298516849204,2.6771428571428504,1483828865.0
2023-05-05,179.52,179.63,179.0,179.15,73689611.0,AAPL,193.11,188.1164,169.93564999999998,193.11,206.2617731444122,179.95822685558784,-0.0035042830125708857,0.04418021798682803,14.529023288147329,-2.134659604384808,0.3032493836803589,-2.4379089880651668,2.692857142857136,1410139254.0
2023-05-08,181.39,182.69,179.17,180.2,77405223.0,AAPL,192.03199999999998,188.3256,170.1366,192.03199999999998,205.72185271536532,178.34214728463465,0.00586101032654196,0.050300169027219566,19.427934621099453,-2.584999681354958,-0.2744004293267045,-2.3105992520282537,2.7314285714285638,1487544477.0
2023-05-09,184.99,185.2,184.76,185.04,104811073.0,AAPL,191.356,188.66479999999999,170.35715,191.356,205.0237960337805,177.68820396621948,0.026859045504994405,0.0785102290610249,32.822685788787425,-2.522274674065386,-0.7239752782744409,-1.7982993957909452,2.93214285714285,1592355550.0
2023-05-10,188.03,188.19,187.82,187.96,70685439.0,AAPL,190.8095,189.01620000000003,170.60075,190.8095,204.0771059395957,177.54189406040433,0.015780371811500382,0.09552952147811422,35.774384543471484,-2.211452805971703,-1.0214707838138932,-1.18998202215781,3.0278571428571377,1663040989.0
2023-05-11,187.02,188.69,186.12,187.47,48606051.0,AAPL,190.35700000000003,189.31939999999997,170.83875,190.35700000000003,203.42030191192407,177.29369808807598,-0.0026069376463078164,0.09267354432593145,37.46736292428197,-1.9818179770552717,-1.213540222462169,-0.7682777545931028,3.019999999999994,1614434938.0
2023-05-12,187.1,188.61,185.95,187.46,71716173.0,AAPL,189.7285,189.62259999999998,171.0728,189.7285,202.01895204941297,177.43804795058702,-5.334186803218621e-05,0.09261525907792767,41.26527677929549,-1.780117550103057,-1.3268556879903466,-0.45326186211271047,2.9378571428571383,1542718765.0
2023-05-15,183.29,185.51,182.87,184.14,67516431.0,AAPL,188.9575,189.85100000000003,171.2991,188.9575,200.56690068265792,177.3480993173421,-0.017710444894911026,0.0732645567406891,34.98677248677245,-1.8666472150253526,-1.434813993397348,-0.4318332216280045,3.0264285714285677,1475202334.0
2023-05-16,183.9,184.8,183.4,184.13,87330285.0,AAPL,188.33100000000002,189.99880000000002,171.5018,188.33100000000002,199.53553460833803,177.126465391662,-5.430650591931041e-05,0.07320627149268555,32.95841854124062,-1.9139664999072181,-1.530644494699322,-0.38332200520789605,2.9699999999999966,1387872049.0
2023-05-17,183.33,183.49,182.67,183.23,45515141.0,AAPL,187.71349999999998,190.16519999999997,171.69365,187.71349999999998,198.59243817380369,176.83456182619628,-0.004887850974854779,0.06796059917234976,33.89414651244303,-2.0010233014538983,-1.6247202560502374,-0.3763030454036609,2.9057142857142844,1342356908.0
2023-05-18,184.25,184.5,184.0,184.35,116195775.0,AAPL,187.0765,190.3184,171.90644999999998,187.0765,197.10223168349538,177.05076831650464,0.006112536156742898,0.0744885469487675,38.43961524759528,-1.9570817835607954,-1.691192561552349,-0.26588922200844634,2.862857142857144,1458552683.0
2023-05-19,182.26,182.7,181.54,181.66,115202659.0,AAPL,186.402,190.4296,172.09720000000002,186.402,195.94421335904002,176.85978664095995,-0.014591809058855376,0.05880981523576412,33.210702341137136,-2.1149386366808756,-1.7759417765780545,-0.33899686010282104,2.951428571428573,1343350024.0
2023-05-22,183.47,183.7,183.37,183.41,81869073.0,AAPL,185.95649999999998,190.5886,172.30904999999998,185.95649999999998,195.16136890612324,176.7516310938767,0.009633381041506128,0.06900973363641683,43.72894047173345,-2.074912653949525,-1.8357359520523489,-0.2391767018971762,2.7414285714285733,1425219097.0
2023-05-23,188.45,188.53,188.31,188.53,85896971.0,AAPL,185.722,190.7796,172.5363,185.722,194.3698512086115,177.07414879138852,0.027915598931355978,0.09885178061432676,61.878453038673996,-1.6114744890865325,-1.7908836594591857,0.17940917037265325,2.7664285714285746,1511116068.0
2023-05-24,188.23,188.27,188.14,188.21,33938810.0,AAPL,185.426,190.9098,172.74685000000002,185.426,193.2257797539734,177.62622024602658,-0.001697342597995033,0.09698665267820727,66.746126340882,-1.255544593662961,-1.6838158462999409,0.42827125263697985,2.627142857142861,1477177258.0
2023-05-25,189.62,189.64,189.62,189.63,107545077.0,AAPL,185.2865,191.01420000000002,172.97505,185.2865,192.6470213631107,177.92597863688928,0.007544763827639356,0.10526315789473695,70.18489984591677,-0.8490975862095809,-1.5168721942818688,0.667774608072288,2.673571428571431,1584722335.0
2023-05-26,191.31,192.74,190.61,192.04,35300317.0,AAPL,185.34650000000002,191.07899999999998,173.2026,185.34650000000002,192.914277327867,177.77872267213303,0.01270895955281337,0.11930990266363595,71.66910688140555,-0.3287291605842029,-1.2792435875423356,0.9505144269581327,2.642857142857147,1620022652.0
2023-05-29,189.65,190.79,188.56,190.71,77228660.0,AAPL,185.297,191.1146,173.41785,185.297,192.70097645649878,177.89302354350122,-0.006925640491564189,0.11155796467913981,61.90676186476274,-0.023383765457907657,-1.0280716231254499,1.0046878576675422,2.534285714285718,1542793992.0
2023-05-30,190.17,192.46,189.21,191.54,100038962.0,AAPL,185.536,191.11939999999998,173.6261,185.536,193.4311268114191,177.6408731885809,0.0043521577263907485,0.1163956402634494,58.24125230202576,0.28232426508785124,-0.7659924454827898,1.048316710570641,2.5414285714285745,1642832954.0
2023-05-31,191.76,191.9,190.79,191.64,38194407.0,AAPL,186.014,191.1464,173.80904999999998,186.014,194.1810336043575,177.8469663956425,0.0005220841599664627,0.11697849274348648,59.77496483825597,0.5265989412694125,-0.5074741681323494,1.034073109401762,2.4371428571428617,1681027361.0
2023-06-01,192.41,192.96,191.86,192.04,40124742.0,AAPL,186.627,191.158,173.99720000000002,186.627,194.663254953906,178.590745046094,0.0020872469213109035,0.11930990266363573,60.54327808471452,0.7438899389470635,-0.2572013467164668,1.0010912856635303,2.3414285714285756,1721152103.0
2023-06-02,189.06,189.96,186.96,189.42,66374447.0,AAPL,187.1405,191.125,174.18245,187.1405,194.44418753294636,179.83681246705365,-0.013642991043532615,0.10403916768665833,62.559467174119916,0.6966519463703378,-0.0664306880991059,0.7630826344694437,2.376428571428574,1654777656.0
2023-06-05,189.73,190.12,189.3,189.56,111995154.0,AAPL,187.6085,191.08699999999996,174.38039999999998,187.6085,194.2049305339663,181.0120694660337,0.0007390983000739038,0.10485516115871052,62.836879432624144,0.6628711607746425,0.07942968167564377,0.5834414790989987,2.3350000000000017,1766772810.0
2023-06-06,191.04,191.85,190.93,191.32,103724371.0,AAPL,187.92249999999999,191.042,174.59795000000003,187.92249999999999,194.60149102055098,181.243508979449,0.009284659210804014,0.115113364807367,68.37800999545665,0.7692495064102332,0.21739364662256166,0.5518558597876715,2.394285714285715,1870497181.0
2023-06-07,195.66,197.27,195.11,196.37,52881204.0,AAPL,188.34300000000002,191.15399999999997,174.84154999999998,188.34300000000002,196.01680808505697,180.66919191494307,0.026395567635375317,0.14454741504925073,73.16885119506559,1.2466769908095046,0.4232503154599503,0.8234266753495543,2.72857142857143,1923378385.0
2023-06-08,199.41,199.98,199.19,199.82,113477220.0,AAPL,188.96049999999997,191.19,175.09759999999997,188.96049999999997,198.17202704638515,179.74897295361478,0.017568875082751845,0.1646558256105375,84.00749063670416,1.8817363932213311,0.7149475310122265,1.1667888622091045,2.7857142857142856,2036855605.0
2023-06-09,207.82,207.84,207.43,207.63,73013126.0,AAPL,189.969,191.4528,175.3888,189.969,202.357495342134,177.580504657866,0.039085176658993026,0.2101766043014508,86.96581196581201,2.980865709718131,1.1681311667534073,1.8127345429647237,3.212857142857144,2109868731.0
2023-06-12,206.48,208.65,204.71,204.82,36310714.0,AAPL,191.003,191.7432,175.65460000000002,191.003,204.72349730570144,177.28250269429853,-0.013533689736550558,0.19379844961240256,76.74876847290642,3.583877388344206,1.651280411071567,1.9325969772726388,3.1285714285714294,2073558017.0
2023-06-13,208.25,208.45,207.71,208.1,85176962.0,AAPL,192.20149999999998,192.0188,175.9364,192.20149999999998,207.49194046042024,176.91105953957972,0.016014061126843115,0.21291601095762602,79.76653696498056,4.277132949793753,2.1764509188160046,2.1006820309777483,3.3599999999999994,2158734979.0
2023-06-14,209.11,209.12,208.81,208.85,59727481.0,AAPL,193.48250000000002,192.25280000000004,176.20185,193.48250000000002,209.8622305742245,177.10276942577553,0.003604036520903353,0.21728740455790563,79.35247403787417,4.83136869794032,2.707434474640868,2.123934223299452,3.3307142857142873,2218462460.0
2023-06-15,214.86,221.75,214.72,217.14,110700356.0,AAPL,195.12199999999999,192.6072,176.51225,195.12199999999999,214.02295803753915,176.22104196246082,0.03969355997127111,0.2656058751529977,82.49611600207147,5.871851193520229,3.3403178184167404,2.5315333751034883,4.030000000000001,2329162816.0
2023-06-16,214.87,216.63,210.67,214.05,102051606.0,AAPL,196.7415,192.8534,176.769,196.7415,216.32402526589587,177.15897473410413,-0.014230450400663064,0.24759573351984532,78.90044576523033,6.373632622324777,3.9469807791983476,2.4266518431264297,4.24357142857143,2227111210.0
2023-06-19,211.97,213.36,210.44,210.88,53384116.0,AAPL,198.115,193.03580000000002,177.0005,198.115,217.61369577284808,178.61630422715194,-0.01480962391964502,0.22911930990266272,72.63576779026218,6.441254737515521,4.4458355708617825,1.9954191666537389,4.269285714285717,2173727094.0
2023-06-20,210.43,211.53,207.58,208.67,37599780.0,AAPL,199.122,193.238,177.2334,199.122,218.61667252461768,179.62732747538234,-0.010479893778452265,0.21623827009383834,68.99397724737898,6.244534118505243,4.8055752803904745,1.4389588381147682,4.472142857142858,2136127314.0
2023-06-21,200.43,200.94,199.66,200.75,64338446.0,AAPL,199.749,193.2752,177.44209999999998,199.749,218.5606245136374,180.93737548636258,-0.03795466526093827,0.17007635367488416,58.31900668576887,5.387450623628183,4.921950349038017,0.4655002745901662,5.0214285714285705,2071788868.0
2023-06-22,198.19,201.68,195.54,198.91,86774402.0,AAPL,200.213,193.32299999999998,177.63445,200.213,218.4218504796281,182.0041495203719,-0.009165628891656286,0.1593518680421977,59.20108590265659,4.507770385492279,4.83911435632887,-0.33134397083659106,5.097142857142858,1985014466.0
2023-06-23,196.72,197.05,194.67,196.25,58598748.0,AAPL,200.4235,193.24740000000003,177.81645,200.4235,218.32934647244346,182.51765352755652,-0.013372882208033787,0.14384799207320542,56.18413754853023,3.5549978868331493,4.582291062429726,-1.0272931755965766,5.341428571428573,1926415718.0
2023-06-26,197.36,197.5,196.36,196.84,42435781.0,AAPL,200.73,193.19299999999998,177.9909,200.73,218.13872376591328,183.3212762340867,0.0030063694267516983,0.14728682170542573,55.2154195011338,2.8150764376063933,4.22884813746506,-1.4137716998586667,5.26714285714286,1968851499.0
2023-06-27,198.23,198.25,197.84,198.11,97640857.0,AAPL,201.05849999999998,193.22199999999998,178.16455,201.05849999999998,217.97813950717068,184.13886049282928,0.006451940662467015,0.15468904820189944,51.77045177045178,2.3045957986098813,3.843997669694024,-1.5394018710841428,4.942857142857144,2066492356.0
2023-06-28,205.22,205.91,203.76,204.86,64011924.0,AAPL,201.71949999999998,193.40759999999997,178.37279999999998,201.71949999999998,218.11466806225096,185.324331937749,0.03407198021301294,0.19403159060441721,54.805491990846704,2.41684491850026,3.5585671194552715,-1.1417222009550114,5.242142857142858,2130504280.0
2023-06-29,208.13,208.99,207.86,208.43,61092244.0,AAPL,202.539,193.6344,178.6111,202.539,218.53053578747478,186.5474642125252,0.017426535194767112,0.21483942414174884,50.82987551867221,2.7620333182035495,3.399260359204927,-0.6372270410013776,4.964285714285714,2191596524.0
2023-06-30,206.26,206.45,206.23,206.33,92307109.0,AAPL,203.3845,193.858,178.86055,203.3845,218.2004224094245,188.5685775905755,-0.010075325049177186,0.20259952206096554,51.58980838071175,2.833482539416025,3.286104795247147,-0.45262225583112237,4.840000000000002,2099289415.0
2023-07-03,203.08,203.17,203.03,203.05,80923719.0,AAPL,204.059,194.0726,179.09965,204.059,217.37757412946627,190.74042587053373,-0.01589686424659531,0.18348196071574208,44.68309117708993,2.5955184530222084,3.1479875268021598,-0.5524690737799514,4.816428571428574,2018365696.0
2023-07-04,204.95,204.96,204.91,204.91,115979113.0,AAPL,204.7385,194.3064,179.33585,204.7385,216.63085628017927,192.8461437198207,0.009160305343511421,0.19432301684443587,45.94650205761317,2.5278768645025878,3.0239653943422455,-0.4960885298396578,4.880000000000002,2134344809.0
2023-07-05,199.31,200.49,199.27,200.1,65859287.0,AAPL,204.925,194.42579999999998,179.54475,204.925,216.37348323670153,193.4765167632985,-0.023473720169830625,0.16628781255464165,31.11702127659575,2.0623699006823415,2.831646295610265,-0.7692763949279233,4.361428571428571,2068485522.0
2023-07-06,206.79,206.8,206.54,206.76,105871484.0,AAPL,205.27200000000002,194.71259999999998,179.80445,205.27200000000002,216.48730833515583,194.0566916648442,0.03328335832083962,0.2051057877251261,42.51386321626615,2.2054357278809107,2.7064041820643943,-0.5009684541834836,4.3778571428571444,2174357006.0
2023-07-07,210.48,212.65,208.8,211.21,87087885.0,AAPL,205.45100000000002,195.12,180.08375,205.45100000000002,216.93580717249785,193.9661928275022,0.0215225382085511,0.2310427230867862,50.33019811887134,2.647376923231576,2.6945987302978307,-0.04722180706625467,4.540714285714287,2261444891.0
2023-07-10,209.57,209.6,209.37,209.49,84773622.0,AAPL,205.68449999999999,195.47580000000002,180.34884999999997,205.68449999999999,217.30438943692235,194.06461056307762,-0.008143553809005222,0.2210176604301446,50.82861762328216,2.8262496327145357,2.720928910781172,0.10532072193336361,4.390000000000002,2176671269.0
2023-07-11,203.13,203.15,202.0,203.09,22126861.0,AAPL,205.43400000000003,195.8024,180.59415,205.43400000000003,217.05064395779132,193.81735604220873,-0.0305503842665521,0.18371510170775718,52.4395329441201,2.4236427853553835,2.6614716856960148,-0.2378289003406313,4.281428571428576,2154544408.0
2023-07-12,209.28,209.32,207.34,208.1,57333769.0,AAPL,205.3965,196.3228,180.86215,205.3965,216.97148077752112,193.82151922247888,0.024668866019991187,0.21291601095762602,58.98689614707608,2.4802483290443433,2.6252270143656804,-0.14497868532133706,4.287857142857145,2211878177.0
2023-07-13,207.74,207.84,207.7,207.74,43066405.0,AAPL,204.92650000000003,196.882,181.1273,204.92650000000003,215.1818714295426,194.67112857045745,-0.0017299375300335873,0.21081774202949188,61.76530821216467,2.467614514794434,2.593704514451431,-0.12608999965699708,4.013571428571431,2168811772.0
2023-07-14,210.95,214.58,210.02,212.43,58243565.0,AAPL,204.8455,197.5476,181.4316,204.8455,214.81918215803256,194.8718178419674,0.022576297294695236,0.23815352334324125,64.7269979217835,2.8037263182762047,2.6357088752163857,0.16801744305981892,4.412857142857145,2227055337.0
2023-07-17,206.63,207.01,206.09,206.4,24178465.0,AAPL,204.6215,198.0716,181.70065,204.6215,214.21865807715378,195.02434192284622,-0.028385821211693307,0.20300751879699197,57.184954064829256,2.5540848387445294,2.619384067922015,-0.06529922917748543,4.765000000000002,2202876872.0
2023-07-18,205.83,206.05,203.47,204.23,112671144.0,AAPL,204.3995,198.4554,181.9509,204.3995,213.805859494903,194.993140505097,-0.010513565891472898,0.19035961998018247,49.40689135755976,2.156284991946279,2.526764252726868,-0.3704792607805887,4.417142857142862,2090205728.0
2023-07-19,205.34,206.12,202.89,204.31,59262729.0,AAPL,204.5775,198.78239999999997,182.18630000000002,204.5775,213.8264951089996,195.32850489100036,0.00039171522303282913,0.19082590196421223,45.848448206368396,1.8264271633499334,2.386696834851481,-0.5602696715015476,4.3528571428571485,2149468457.0
2023-07-20,204.78,205.09,203.8,204.55,51502969.0,AAPL,204.85949999999997,199.12399999999997,182.40774999999996,204.85949999999997,213.7165316400963,196.00246835990365,0.0011746855268954803,0.19222474791630195,48.13651591289783,1.5663228570325884,2.2226220392877027,-0.6562991822551143,4.287857142857147,2200971426.0
2023-07-21,203.68,204.89,202.81,202.95,52769936.0,AAPL,205.1945,199.43380000000002,182.6408,205.1945,213.14038930467123,197.24861069532878,-0.00782204839892453,0.182899108235705,49.89149305555553,1.2170522710912621,2.0215080856484144,-0.8044558145571523,4.200714285714288,2148201490.0
2023-07-24,205.52,205.62,205.13,205.29,65704130.0,AAPL,205.61700000000002,199.8568,182.89855,205.61700000000002,212.5230281829096,198.71097181709044,0.011529933481152943,0.19653785626857778,50.40807560137458,1.1162043502416168,1.840447338567055,-0.7242429883254382,4.2550000000000034,2213905620.0
2023-07-25,201.1,201.63,200.7,201.4,112449725.0,AAPL,205.7815,200.2022,183.12945000000002,205.7815,212.0631299426841,199.4998700573159,-0.018948804130741848,0.17386489479512668,51.4241893076249,0.7141587786330206,1.6151896265802481,-0.9010308479472275,4.180000000000005,2101455895.0
2023-07-26,201.03,201.78,200.59,200.95,25243762.0,AAPL,205.586,200.5566,183.3507,205.586,212.2217798891182,198.95022011088182,-0.002234359483614834,0.17124205863495856,42.63251331473498,0.35512981194671056,1.3631776636535406,-1.00804785170683,3.786428571428575,2076212133.0
2023-07-27,201.49,201.53,201.39,201.44,78085120.0,AAPL,205.23650000000004,200.8984,183.56690000000003,205.23650000000004,211.97706775681357,198.4959322431865,0.0024384175167952993,0.17409803578714134,36.227798139272636,0.10888056668594004,1.1123182442600206,-1.0034376775740805,3.4071428571428606,2154297253.0
2023-07-28,202.2,203.53,202.13,203.37,28231691.0,AAPL,205.08849999999998,201.3326,183.73765,205.08849999999998,211.8578963813921,198.31910361860787,0.00958101667990463,0.1853470886518611,41.42376681614351,0.06866955610632886,0.9035885066292823,-0.8349189505229534,3.4250000000000034,2182528944.0
2023-07-31,206.55,206.79,205.69,206.03,49348355.0,AAPL,205.2375,201.785,183.91275,205.2375,211.94891015851164,198.52608984148839,0.013079608595171432,0.2008509646208534,54.60237946149028,0.2485763762378781,0.7725860805510014,-0.5240097043131233,3.134285714285716,2231877299.0
2023-08-01,201.61,202.39,201.58,201.93,98769065.0,AAPL,205.08849999999998,202.053,184.04965,205.08849999999998,211.96091097661966,198.2160890233803,-0.019900014560986223,0.1769540129393241,40.05800837898811,0.05963070681116278,0.6299950058030338,-0.570364298991871,3.007142857142859,2133108234.0
2023-08-02,197.04,197.95,194.81,196.41,62972556.0,AAPL,204.904,202.217,184.1437,204.904,212.5003021474776,197.30769785252238,-0.02733620561580752,0.14478055604126494,34.34650455927054,-0.529425082133514,0.3981109882157243,-0.9275360703492384,3.487142857142859,2070135678.0
2023-08-03,200.61,201.35,200.38,200.99,105582689.0,AAPL,204.6155,202.4442,184.24994999999998,204.6155,212.3519903643628,196.8790096356372,0.023318568301003095,0.17147519962697344,34.14634146341467,-0.6195465682624786,0.1945794769200838,-0.8141260451825624,3.3514285714285728,2175718367.0
2023-08-04,202.24,202.26,202.24,202.25,40346985.0,AAPL,204.1675,202.6484,184.36735000000002,204.1675,211.3110974278027,197.02390257219727,0.006268968605403158,0.17881914087544337,43.37272436921113,-0.5825813899502634,0.03914730354601435,-0.6217286934962778,2.989285714285714,2216065352.0
2023-08-07,199.2,199.99,199.17,199.58,24590723.0,AAPL,203.672,202.8258,184.4589,203.672,210.63359267923386,196.71040732076614,-0.013201483312731743,0.16325697965844754,42.69097767997491,-0.7599724167432385,-0.12067664051183621,-0.6392957762314022,3.0,2191474629.0
2023-08-08,204.98,205.25,204.68,205.22,106698833.0,AAPL,203.7785,203.09940000000003,184.591,203.7785,210.76771959350967,196.78928040649035,0.028259344623709826,0.19612985953255135,51.21755418785121,-0.44037880620504666,-0.1846170736504783,-0.25576173255456836,3.174285714285712,2298173462.0
2023-08-09,206.35,206.35,204.45,205.71,58144196.0,AAPL,203.659,203.3808,184.7291,203.659,210.41494677614386,196.90305322385612,0.002387681512523221,0.19898583668473413,51.54173312068049,-0.14587807081235837,-0.17686927308285433,0.030991202270495954,3.2178571428571416,2356317658.0
2023-08-10,210.0,210.18,209.96,210.13,90238849.0,AAPL,203.7785,203.7426,184.8968,203.7785,210.9123637202382,196.6446362797618,0.02148655874775174,0.2247479163023829,58.877349159248276,0.439111144333566,-0.053673189599570265,0.49278433393313625,3.3885714285714283,2446556507.0
2023-08-11,210.56,210.76,210.02,210.45,72450384.0,AAPL,203.67950000000002,204.1632,185.06455000000003,203.67950000000002,210.3475936279841,197.01140637201593,0.0015228667967448484,0.22661304423850215,56.715252472670485,0.9179589779170385,0.1406532439037515,0.777305734013287,3.2507142857142832,2519006891.0
2023-08-14,218.35,218.42,218.13,218.32,30232137.0,AAPL,204.27550000000002,204.7384,185.2345,204.27550000000002,213.57790823375066,194.97309176624938,0.03739605607032548,0.2724835344174379,69.95283018867923,1.9104698563323836,0.494616566389478,1.4158532899429057,3.4921428571428543,2549239028.0
2023-08-15,225.5,225.53,225.12,225.29,39427719.0,AAPL,205.3285,205.4178,185.47,205.3285,218.5510585150603,192.10594148493968,0.031925613777940676,0.31310835227603784,74.87735077677843,3.22231775416401,1.0401568039443845,2.1821609502196253,3.922142857142855,2588666747.0
2023-08-16,224.34,224.36,224.32,224.34,88227708.0,AAPL,206.33,205.9772,185.6895,206.33,222.02988937272403,190.630110627276,-0.004216787251986265,0.3075712537156836,73.18752531389228,4.137613768087192,1.6596481967729462,2.477965571314246,3.9499999999999966,2500439039.0
2023-08-17,228.37,228.41,228.32,228.33,64820786.0,AAPL,207.519,206.5474,185.95485,207.519,226.0057985899465,189.03220141005352,0.017785504145493514,0.330827067669172,74.26127527216177,5.125864334345096,2.3528914242873764,2.772972910057719,4.091428571428567,2565259825.0
2023-08-18,230.96,231.43,230.86,231.05,99293706.0,AAPL,208.92400000000004,207.01579999999998,186.24099999999999,208.92400000000004,230.03383746727394,187.81416253272613,0.011912582665440263,0.3466806551261865,74.29126213592235,6.0587003696258535,3.094053213355072,2.9646471562707815,4.068571428571425,2664553531.0
2023-08-21,236.75,237.22,236.7,236.82,57448574.0,AAPL,210.50050000000002,207.65579999999997,186.53869999999998,210.50050000000002,234.9178954169431,186.08310458305692,0.024972949578013326,0.38031124322433874,82.80985518149333,7.180794695049514,3.9114015096939605,3.269393185355553,4.191428571428568,2722002105.0
2023-08-22,231.85,232.86,231.39,232.77,110348360.0,AAPL,212.06900000000002,208.14919999999998,186.81485,212.06900000000002,238.00779995600953,186.1302000439905,-0.017101596148973885,0.3567057177828281,85.16441005802714,7.6550190845404416,4.660125024663257,2.9948940598771845,4.070714285714282,2611653745.0
2023-08-23,234.23,237.6,230.85,235.72,27042049.0,AAPL,213.80749999999998,208.6866,187.1227,213.80749999999998,241.22701427647615,186.3879857235238,0.012673454482965862,0.3738998659439283,84.68144597563416,8.174653360243667,5.36303069177934,2.8116226684643273,4.199999999999997,2638695794.0
2023-08-24,240.47,240.87,239.62,240.28,114242442.0,AAPL,215.74949999999998,209.14939999999999,187.4643,215.74949999999998,244.92628347049578,186.5727165295042,0.0193449855761072,0.40047793903362927,85.62863031665735,8.852376472430024,6.060899847909477,2.7914766245205467,4.477142857142856,2752938236.0
2023-08-25,233.09,233.54,232.68,232.75,68835195.0,AAPL,217.21850000000003,209.5234,187.7575,217.21850000000003,246.7274925812096,187.70950741879048,-0.03133843848843021,0.35658914728682034,78.48188219131035,8.681790574884559,6.585077993304494,2.096712581580065,4.799999999999997,2684103041.0
2023-08-28,228.28,229.03,227.74,227.86,102947380.0,AAPL,218.31,209.863,188.03744999999998,218.31,247.69112390813615,188.92887609186386,-0.021009667024704526,0.32808766101299636,69.69380654140573,8.059117400740547,6.8798858747917055,1.1792315259488415,4.75285714285714,2581155661.0
2023-08-29,220.21,220.66,218.26,219.56,59781091.0,AAPL,219.1915,210.08079999999998,188.27224999999999,219.1915,247.54326353931904,190.83973646068094,-0.0364258755376109,0.27971090516990027,60.60652473579416,6.817317991929798,6.867372298219324,-0.05005430628952645,5.302857142857142,2521374570.0
2023-08-30,218.87,218.96,218.42,218.56,63189769.0,AAPL,220.29900000000004,210.43699999999998,188.5011,220.29900000000004,246.55694227717717,194.0410577228229,-0.00455456367280016,0.27388238036952717,56.81267173104899,5.686935913893734,6.631285021354207,-0.9443491074604733,5.0649999999999995,2458184801.0
2023-08-31,221.92,222.35,221.09,221.45,22781652.0,AAPL,221.32199999999997,210.8878,188.7543,221.32199999999997,245.9565265622734,196.68747343772654,0.013222913616398158,0.29072681704260517,58.535071384233405,4.967041853735594,6.298436387830485,-1.3313945340948905,5.282857142857144,2480966453.0
2023-09-01,227.89,228.03,226.52,227.51,52121967.0,AAPL,222.58499999999998,211.513,189.00455000000002,222.58499999999998,245.64205189535838,199.52794810464158,0.027365093700609577,0.32604767733286555,57.33673958167014,4.8298366287828,6.004716436020948,-1.174879807238148,5.1835714285714305,2533088420.0
2023-09-04,227.56,227.97,227.39,227.88,116491996.0,AAPL,224.0,212.13379999999998,189.24625,224.0,244.43729202372822,203.56270797627178,0.001626302140565361,0.3282042315090037,52.31126182402286,4.696814453919131,5.743136039600586,-1.0463215856814543,4.710000000000002,2649580416.0
2023-09-05,234.51,234.75,234.16,234.63,65327209.0,AAPL,225.4705,212.8642,189.55414999999996,225.4705,244.39447474105236,206.5465252589476,0.029620853080568832,0.3675467739115217,58.32120329936924,5.077531388667893,5.610015109414047,-0.5324837207461544,5.1314285714285734,2714907625.0
2023-09-06,229.68,230.17,228.64,228.87,48715260.0,AAPL,226.62850000000003,213.34439999999998,189.8301,226.62850000000003,243.1420660658295,210.11493393417055,-0.024549290372075094,0.33397447106137323,50.424528301886795,4.858463102346661,5.4597047080005705,-0.6012416056539092,5.268571428571432,2666192365.0
2023-09-07,221.69,223.37,220.97,221.92,28836621.0,AAPL,227.21800000000002,213.61419999999998,190.0814,227.21800000000002,242.00301460405416,212.43298539594588,-0.030366583650107137,0.2934662236987806,43.26993955476926,4.077045349789017,5.183172836358261,-1.1061274865692434,5.611428571428576,2637355744.0
2023-09-08,222.03,222.27,221.72,221.77,72617967.0,AAPL,227.78399999999996,213.923,190.31850000000003,227.78399999999996,240.6020947759095,214.96590522409042,-0.0006759192501801792,0.29259194497872465,37.90387397524514,3.406395596647968,4.827817388416202,-1.4214217917682337,5.210000000000006,2564737777.0
2023-09-11,223.45,223.54,222.77,223.37,20931253.0,AAPL,228.0365,214.32940000000002,190.5758,228.0365,240.25454407639046,215.81845592360952,0.0072146818776208654,0.3019175846593214,42.13520749665327,2.969773760464534,4.456208662825869,-1.486434902361335,4.948571428571433,2585669030.0
2023-09-12,223.17,223.58,223.02,223.3,70874603.0,AAPL,227.93699999999998,214.6972,190.83425,227.93699999999998,240.28098229694763,215.59301770305234,-0.0003133813851456946,0.3015095879232954,39.082278481012665,2.588263504076224,4.08261963107594,-1.4943561269997163,4.506428571428576,2514794427.0
2023-09-13,215.06,215.2,214.98,215.06,33968689.0,AAPL,227.473,214.9964,191.04344999999998,227.473,241.02484058192405,213.92115941807597,-0.03690103000447831,0.25348254356822175,29.177675033025096,1.6025416393380851,3.5866040327283697,-1.9840623933902846,4.732857142857148,2480825738.0
2023-09-14,214.81,214.84,214.77,214.78,51007197.0,AAPL,226.7955,215.1568,191.2375,226.7955,241.47485532070695,212.11614467929306,-0.0013019622430949784,0.25185055662411737,33.14575126617895,0.7896536639525209,3.0272139589732,-2.237560295020679,4.210714285714291,2429818541.0
2023-09-15,209.75,209.85,209.74,209.8,99047699.0,AAPL,225.733,215.12859999999998,191.4254,225.733,242.09543850054752,209.3705614994525,-0.023186516435422244,0.22282450311825985,33.08988764044943,-0.2534882388590063,2.3710735194067594,-2.6245617582657657,4.212857142857148,2330770842.0
2023-09-18,212.26,212.41,212.22,212.39,90416599.0,AAPL,224.51149999999998,215.1866,191.63115,224.51149999999998,241.03572435475579,207.98727564524418,0.012345090562440264,0.2379203823512257,42.482700775843966,-0.8612662169722398,1.7246055721309597,-2.5858717891031997,3.713571428571431,2421187441.0
2023-09-19,213.58,214.42,212.4,213.86,75122774.0,AAPL,223.56599999999997,215.40199999999996,191.85135,223.56599999999997,240.26368140223408,206.86831859776586,0.006921229813079854,0.24648831380777425,45.12043189368771,-1.210365587665251,1.1376113401717176,-2.3479769278369687,3.777142857142859,2496310215.0
2023-09-20,209.95,211.28,208.35,210.3,30186886.0,AAPL,222.29500000000002,215.44600000000003,192.06345000000002,222.29500000000002,238.96718231539845,205.62281768460159,-0.016646404189656794,0.22573876551844618,38.58283841900474,-1.7540717545880966,0.5592747212197547,-2.3133464758078515,3.9000000000000035,2466123329.0
2023-09-21,208.27,208.83,208.17,208.42,48474248.0,AAPL,220.70200000000006,215.4596,192.23925,220.70200000000006,236.18455602452718,205.21944397547293,-0.00893961008083699,0.21478113889374484,28.62262038073908,-2.310034457965372,-0.014587114617270636,-2.2954473433481017,3.5821428571428617,2417649081.0
2023-09-22,205.41,206.12,203.25,204.51,86073728.0,AAPL,219.29000000000002,215.30120000000002,192.38890000000004,219.29000000000002,235.28849992968063,203.29150007031942,-0.01876019575856447,0.19199160692428618,25.752230753268307,-3.0312014254778603,-0.6179099767893886,-2.413291448688472,3.910000000000003,2331575353.0
2023-09-25,204.36,204.38,204.31,204.34,45538969.0,AAPL,218.11399999999998,215.26,192.55724999999998,218.11399999999998,234.89851717631743,201.32948282368253,-0.0008312551953448821,0.1910007577082229,13.60249939918289,-3.5752359279395023,-1.2093751670194113,-2.365860760920091,3.43357142857143,2286036384.0
2023-09-26,210.58,213.02,206.0,207.91,98951845.0,AAPL,217.5315,215.33360000000002,192.72910000000005,217.5315,234.90307178598928,200.1599282140107,0.017470881863560717,0.2118085912455545,23.414510400811764,-3.675944031828891,-1.7026889399813072,-1.9732550918475837,3.625714285714287,2384988229.0
2023-09-27,204.33,204.34,204.04,204.29,43463157.0,AAPL,216.81799999999998,215.3332,192.84945,216.81799999999998,235.1569864840767,198.47901351592327,-0.017411379924005654,0.190709331468204,25.574951510113593,-4.001730221123154,-2.1624971962096766,-1.8392330249134772,3.337857142857144,2341525072.0
2023-09-28,206.04,207.19,204.57,206.2,100486076.0,AAPL,216.05550000000002,215.36620000000002,192.96235000000001,216.05550000000002,234.84615218329782,197.26484781670223,0.009349454207254304,0.20184181383691646,29.431968295904866,-4.059007375457696,-2.541799232059281,-1.5172081433984155,3.5057142857142867,2442011148.0
2023-09-29,205.3,206.31,203.72,204.3,45851435.0,AAPL,214.89499999999998,215.3932,193.09054999999998,214.89499999999998,233.57356581894393,196.21643418105603,-0.00921435499515022,0.1907676167162078,25.006553079947565,-4.209193096084931,-2.875278004864411,-1.3339150912205202,3.5642857142857167,2396159713.0
2023-10-02,200.88,201.99,200.85,201.44,35020117.0,AAPL,213.573,215.31619999999998,193.21200000000002,213.573,232.12418109447455,195.02181890552546,-0.013999021047479299,0.1740980357871409,23.302393746946734,-4.507040106877412,-3.201630425267011,-1.3054096816104006,3.770714285714289,2361139596.0
2023-10-03,200.61,201.3,199.77,201.11,56345673.0,AAPL,211.89700000000002,215.31040000000002,193.31130000000002,211.89700000000002,228.37949227449957,195.41450772550047,-0.0016382049245432517,0.17217462260301786,28.882833787465927,-4.715358532918486,-3.504376046797306,-1.2109824861211802,3.2957142857142867,2304793923.0
2023-10-04,196.66,198.5,195.73,197.43,81357430.0,AAPL,210.325,215.24,193.40349999999998,210.325,225.96726595511393,194.68273404488605,-0.01829844363781019,0.15072565133764515,26.187208344770795,-5.1183959489573,-3.8271800272293053,-1.2912159217279946,3.659285714285718,2223436493.0
2023-10-05,195.49,195.68,195.35,195.52,61592253.0,AAPL,209.00500000000002,215.1216,193.4787,209.00500000000002,224.97950798188006,193.03049201812,-0.009674314947069829,0.1395931689689327,28.59712230215827,-5.5282013780594355,-4.167384297395332,-1.3608170806641038,3.447857142857148,2161844240.0
2023-10-06,191.21,191.47,191.04,191.36,71552633.0,AAPL,207.48449999999997,214.88139999999999,193.52024999999998,207.48449999999997,224.1185848228788,190.85041517712114,-0.021276595744680882,0.115346505799381,19.89693673060411,-6.118126413645911,-4.5575327206454475,-1.5605936930004631,3.5814285714285785,2090291607.0
2023-10-09,198.65,199.05,197.7,198.19,99076741.0,AAPL,206.2255,214.72460000000004,193.61095,206.2255,221.55780298216266,190.89319701783737,0.03569188963210701,0.15515533018592875,30.553487217671844,-5.965752849918516,-4.839176746500061,-1.1265761034184552,3.9857142857142924,2189368348.0
2023-10-10,197.74,198.95,197.55,198.37,112620432.0,AAPL,204.97899999999998,214.6534,193.70325,204.97899999999998,218.40107749234514,191.55692250765483,0.0009082193854381693,0.15620446464999582,33.83906800325113,-5.76402709087381,-5.024146815374811,-0.739880275498999,3.692142857142861,2301988780.0
2023-10-11,196.45,196.52,195.87,195.93,114118129.0,AAPL,204.02249999999998,214.6438,193.83555,204.02249999999998,217.14285602052226,190.9021439794777,-0.01230024701315724,0.14198286413708572,33.33333333333333,-5.734936799988333,-5.166304812297516,-0.568631987690817,3.7185714285714306,2187870651.0
2023-10-12,195.98,197.18,195.5,196.75,22604325.0,AAPL,203.121,214.55900000000003,193.98735,203.121,215.59070374864376,190.65129625135626,0.004185168172306408,0.14676225447339153,38.71436881908085,-5.581376751004115,-5.249319200038836,-0.33205755096527856,3.469285714285718,2210474976.0
2023-10-13,196.42,196.45,196.4,196.41,89870487.0,AAPL,202.45149999999998,214.4422,194.14095,202.45149999999998,214.84893653468615,190.05406346531382,-0.001728081321473951,0.14478055604126472,38.523878437047735,-5.4245832453782725,-5.284372009106724,-0.14021123627154886,3.480000000000004,2120604489.0
2023-10-16,195.07,196.12,194.3,195.68,72008498.0,AAPL,201.616,214.3642,194.3093,201.616,213.43192395656646,189.80007604343356,-0.003716715034876028,0.14052573293699244,30.715862503941963,-5.298154336464847,-5.287128474578348,-0.011025861886499122,3.0107142857142883,2048595991.0
2023-10-17,197.68,198.0,197.58,197.91,118367753.0,AAPL,200.8185,214.218,194.46475,200.8185,211.22371180137972,190.41328819862028,0.011396156991005713,0.15352334324182437,39.47889182058046,-4.960830782911984,-5.221868936245076,0.2610381533330921,2.9000000000000017,2166963744.0
2023-10-18,201.85,202.81,199.51,200.66,90892663.0,AAPL,200.3365,214.11700000000002,194.65515,200.3365,209.73700228221279,190.93599771778722,0.013895204891112067,0.16955178644285018,41.11039794608472,-4.420639043998307,-5.061622957795723,0.6409839137974158,3.0428571428571445,2257856407.0
2023-10-19,198.84,198.93,198.78,198.81,35940295.0,AAPL,199.856,213.89059999999998,194.8425,199.856,208.4659633839917,191.2460366160083,-0.009219575401176128,0.15876901556216017,41.17647058823527,-4.09461259278109,-4.868220884792796,0.7736082920117067,2.9921428571428583,2221916112.0
2023-10-20,195.96,197.53,195.53,196.81,97354231.0,AAPL,199.471,213.61780000000002,195.0177,199.471,207.8912560281111,191.05074397188892,-0.010059856144057133,0.14711196596141418,42.34710743801652,-3.9520606712544293,-4.684988842085123,0.7329281708306938,2.98,2124561881.0
2023-10-23,195.96,197.04,195.4,195.89,107773012.0,AAPL,199.04850000000002,213.16920000000002,195.1671,199.04850000000002,207.2860859391728,190.81091406082723,-0.004674559219551955,0.14174972314507084,41.536964980544695,-3.86872727779334,-4.521736529226766,0.653009251433426,2.9778571428571428,2016788869.0
2023-10-24,187.56,188.11,187.46,187.83,20432184.0,AAPL,198.0445,212.42,195.2974,198.0445,206.6222299782018,189.4667700217982,-0.04114554086477096,0.09477181325406447,36.37137989778533,-4.402312484878848,-4.497851720357183,0.0955392354783342,3.195714285714282,1996356685.0
2023-10-25,182.55,183.17,182.21,182.77,96707197.0,AAPL,196.9685,211.5886,195.3852,196.9685,207.43791867385275,186.49908132614726,-0.026939253580365197,0.06527947776417697,33.38545738858481,-5.173841493451533,-4.633049674976053,-0.5407918184754807,3.4485714285714244,1899649488.0
2023-10-26,187.62,188.08,186.4,187.32,106222886.0,AAPL,196.02450000000002,210.7684,195.49535,196.02450000000002,206.39339777423947,185.65560222576056,0.02489467636920706,0.09179926560587415,44.78844169246643,-5.356391668333799,-4.777718073647602,-0.5786735946861974,3.5078571428571377,2005872374.0
2023-10-27,193.67,194.4,192.79,192.92,83342551.0,AAPL,195.45549999999997,210.00580000000002,195.64785,195.45549999999997,205.1385888395016,185.77241116049834,0.029895366218236186,0.12443900448796308,42.97895017319475,-4.991650162405847,-4.820504491399252,-0.17114567100659528,3.4642857142857104,2089214925.0
2023-10-30,192.37,192.52,191.97,192.12,48500768.0,AAPL,194.9895,209.11180000000002,195.78935,194.9895,204.3516713068574,185.62732869314257,-0.00414679659962669,0.11977618464766482,41.80865006553078,-4.712816786964794,-4.79896695051236,0.08615016354756655,3.432142857142854,2040714157.0
2023-10-31,193.78,194.28,192.48,194.17,118352570.0,AAPL,194.6425,208.3398,195.93794999999997,194.6425,203.5530682375361,185.73193176246392,0.01067041432438054,0.13172466048842946,47.669491525423695,-4.277117512337583,-4.6945970628774045,0.4174795505398219,3.4078571428571394,2159066727.0
2023-11-01,195.33,195.34,195.24,195.31,27517201.0,AAPL,194.5365,207.5316,196.10085000000004,194.5365,203.3574350858892,185.7155649141108,0.00587114384302434,0.13836917876085497,48.10924369747899,-3.796075430936355,-4.514892736489195,0.7188173055528395,3.3714285714285688,2186583928.0
2023-11-02,206.18,206.57,205.78,206.2,73239735.0,AAPL,195.07049999999998,206.85,196.31695,195.07049999999998,205.31959849694093,184.82140150305904,0.05575751369617521,0.20184181383691713,60.06580300226199,-2.507212541736692,-4.113356697538695,1.6061441558020029,4.150714285714282,2259823663.0
2023-11-03,210.41,210.52,210.39,210.41,20658139.0,AAPL,196.023,206.4032,196.55949999999996,196.023,208.18286859347265,183.86313140652734,0.020417070805043736,0.2263799032464877,64.13356361542891,-1.1330070012897977,-3.5172867582889156,2.384279756999118,4.308571428571428,2280481802.0
2023-11-06,209.9,210.12,209.89,209.99,73302072.0,AAPL,196.613,206.04579999999999,196.79805,196.613,210.26865716586258,182.95734283413742,-0.0019961028468228337,0.22393192283033114,62.00795228628233,-0.07694275163723319,-2.829217956958579,2.7522752053213457,4.180000000000001,2207179730.0
2023-11-07,205.69,207.41,204.97,206.44,102969331.0,AAPL,197.0165,205.7834,197.00894999999997,197.0165,211.35079641399275,182.68220358600726,-0.01690556693175871,0.20324065978900685,55.655577299412926,0.46814397104370187,-2.169745571358123,2.6378895424018247,4.1885714285714295,2104210399.0
2023-11-08,200.36,200.55,200.17,200.53,28234955.0,AAPL,197.2465,205.42280000000002,197.1666,197.2465,211.65481963612817,182.83818036387183,-0.028628172834721966,0.1687940782188022,51.559100797679484,0.4184182526763891,-1.6521128065512205,2.0705310592276094,4.502142857142859,2075975444.0
2023-11-09,201.61,201.86,199.58,201.33,110494767.0,AAPL,197.4755,205.0204,197.34685,197.4755,211.9957442708174,182.95525572918262,0.00398942801575819,0.17345689805910047,54.18828762045961,0.43850872116155415,-1.2339885010086655,1.6724972221702197,4.430714285714288,2186470211.0
2023-11-10,198.57,198.7,198.56,198.65,107991593.0,AAPL,197.5875,204.4432,197.4817,197.5875,212.1076955547218,183.0673044452782,-0.013311478666865328,0.15783645159410087,52.47666905958366,0.23546269252560137,-0.9400982623018121,1.1755609548274135,4.511428571428575,2078478618.0
2023-11-13,193.12,193.79,192.54,193.62,52033050.0,AAPL,197.4845,203.75800000000004,197.62130000000002,197.4845,212.09063926438196,182.87836073561803,-0.025320916184243702,0.12851897184822447,55.49440121465173,-0.3275558506225309,-0.8175897799659559,0.49003392934342505,4.345714285714292,2026445568.0
2023-11-14,191.32,191.58,191.24,191.43,42992457.0,AAPL,197.1605,202.89399999999998,197.752,197.1605,212.0123160860087,182.30868391399133,-0.011310814998450547,0.11575450253540764,58.69128863910076,-0.9396352693212862,-0.841998877837022,-0.09763639148426417,4.11428571428572,1983453111.0
2023-11-15,186.62,188.31,185.61,187.76,41094509.0,AAPL,196.5155,202.0718,197.85535,196.5155,211.8403370473004,181.1906629526996,-0.019171498720158886,0.09436381651803849,50.44953003677973,-1.7012401099619012,-1.0138471242619977,-0.6873929856999035,4.150714285714291,1942358602.0
2023-11-16,194.2,194.43,193.23,193.52,86470904.0,AAPL,196.25100000000003,201.5038,197.983,196.25100000000003,211.5916894787753,180.91031052122477,0.030677460587984706,0.12793611936818716,50.61099796334014,-1.8190645280141098,-1.1748906050124202,-0.6441739230016896,4.121428571428576,2028829506.0
2023-11-17,197.15,197.27,196.59,196.65,100518323.0,AAPL,196.243,201.0014,198.13545000000002,196.243,211.58262889827643,180.90337110172356,0.01617403885903257,0.14617940199335466,54.40404433210188,-1.6409604164821872,-1.2681045673063736,-0.3728558491758136,4.321428571428577,2129347829.0
2023-11-20,195.86,197.0,195.54,196.68,32859305.0,AAPL,196.2825,200.46759999999998,198.29095,196.2825,211.62237013600406,180.94262986399593,0.00015255530129665296,0.14635425773736577,52.53997166565475,-1.4803265921596847,-1.310548972277036,-0.1697776198826486,4.2714285714285785,2162207134.0
2023-11-21,202.02,202.33,201.93,201.97,73393129.0,AAPL,196.9895,200.04100000000003,198.47995000000003,196.9895,211.98870064536754,181.99029935463244,0.026896481594468113,0.177187153931339,56.21732636295743,-0.9156097600875057,-1.23156112983913,0.3159513697516243,4.591428571428578,2235600263.0
2023-11-22,201.4,202.92,201.32,202.32,81452057.0,AAPL,197.967,199.78620000000004,198.6792,197.967,211.54520250098992,184.3887974990101,0.0017329306332622973,0.17922713761146958,45.49046954904697,-0.4348132704573402,-1.072211557962772,0.6373982875054318,3.901428571428578,2317052320.0
2023-11-23,199.12,199.3,199.11,199.24,65894422.0,AAPL,198.563,199.4754,198.85035,198.563,211.18631693836087,185.9396830616391,-0.015223408461842558,0.16127528122632073,36.66746240152783,-0.29886373276468703,-0.9175419929231551,0.618678260158468,3.8221428571428606,2251157898.0
2023-11-24,207.01,208.57,204.68,204.76,42381281.0,AAPL,199.15500000000003,199.37460000000002,199.04355000000004,199.15500000000003,211.77456459337282,186.53543540662724,0.02770528006424411,0.19344873812437968,44.434986167269614,0.2513971726385762,-0.6837541598108089,0.9351513324493851,4.451428571428573,2293539179.0
2023-11-27,206.47,206.87,206.19,206.81,112315827.0,AAPL,199.8895,199.263,199.25715,199.8895,212.49502673276757,187.28397326723243,0.01001172103926562,0.20539721396514454,50.406682787425815,0.8431811051039233,-0.37836710682786245,1.2215482119317858,4.24357142857143,2405855006.0
2023-11-28,203.03,203.04,202.92,203.01,100330983.0,AAPL,200.33149999999998,199.04600000000002,199.43820000000002,200.33149999999998,212.71050816535336,187.9524918346466,-0.01837435327111847,0.18324881972372697,52.8584601198709,0.9940866806240365,-0.10387634933748266,1.097963029961519,4.073571428571431,2305524023.0
2023-11-29,202.37,202.4,202.11,202.38,113046653.0,AAPL,200.685,198.8876,199.61125,200.685,212.86238110294272,188.50761889705728,-0.0031032954041672056,0.179576849099492,51.214996528581324,1.0507325112381238,0.12704542277763864,0.9236870884604852,3.9750000000000005,2192477370.0
2023-11-30,199.21,199.28,199.13,199.25,53857878.0,AAPL,200.3375,198.7042,199.7561,200.3375,212.24592050598483,188.42907949401518,-0.015465955133906473,0.1613335664743245,50.687127805771865,0.833452378400267,0.26832681390216434,0.5651255644981026,4.009285714285714,2138619492.0
2023-12-01,194.21,194.49,194.01,194.35,21398558.0,AAPL,199.5345,198.50099999999998,199.86655,199.5345,210.7275287985068,188.34147120149322,-0.024592220828105416,0.13277379495249675,50.83850218240293,0.26283743240594504,0.2672289376029205,-0.004391505196975454,3.9471428571428566,2117220934.0
2023-12-04,198.37,198.86,197.12,197.65,79705919.0,AAPL,198.9175,198.36719999999997,200.0061,198.9175,208.98797351628002,188.84702648371996,0.016979675842552222,0.15200792679372777,56.9668458781362,0.07602700540292062,0.22898855116292052,-0.1529615457599999,4.099285714285715,2196926853.0
2023-12-05,204.55,205.38,203.62,204.5,89870022.0,AAPL,198.82049999999998,198.29899999999998,200.1882,198.82049999999998,208.61960516859855,189.0213948314014,0.03465722236276236,0.19193332167628285,67.50313676286075,0.47523790156401446,0.27823842124313936,0.1969994803208751,4.235714285714287,2286796875.0
2023-12-06,199.09,199.73,198.94,199.41,21717479.0,AAPL,198.7645,198.2014,200.33329999999998,198.7645,208.53523067353353,188.99376932646646,-0.02488997555012229,0.16226613044238403,56.246023329798504,0.3765542686240053,0.29790159071931255,0.07865267790469277,4.156428571428571,2265079396.0
2023-12-07,200.85,202.65,198.59,201.49,46964256.0,AAPL,198.7725,198.10719999999998,200.47920000000002,198.7725,208.55233290138128,188.99266709861874,0.010430770773782738,0.17438946202716,55.249457700650765,0.4608727411795144,0.3304958208113529,0.13037692036816145,4.178571428571429,2312043652.0
2023-12-08,198.43,199.65,198.0,199.19,21045716.0,AAPL,198.79950000000002,198.005,200.61364999999998,198.79950000000002,208.58089044039042,189.01810955960963,-0.01141495855873742,0.16098385498630208,52.59458341947488,0.3382063280400871,0.33203792225709977,0.0061684057829873296,4.323571428571428,2290997936.0
2023-12-11,197.9,198.26,197.49,197.51,23823873.0,AAPL,198.99399999999997,197.9264,200.7376,198.99399999999997,208.49234423243792,189.49565576756203,-0.00843415834128225,0.15119193332167535,45.01787310098301,0.10422886671386777,0.2864761111484534,-0.18224724443458562,4.04142857142857,2267174063.0
2023-12-12,195.93,197.33,194.75,195.46,73293585.0,AAPL,199.19549999999998,197.8134,200.8312,199.19549999999998,208.17502167287745,190.2159783271225,-0.010379221305250264,0.13924345748091072,42.617305208781765,-0.2438073650000092,0.18041941591876087,-0.4242267809187701,4.124285714285713,2193880478.0
2023-12-13,193.11,194.49,191.79,192.48,49260462.0,AAPL,199.4315,197.7144,200.91905000000003,199.4315,207.32839419295516,191.53460580704484,-0.015246086155735306,0.12187445357579896,42.70923209663502,-0.7514276905308179,-0.005950005371154893,-0.7454776851596631,4.157142857142858,2144620016.0
2023-12-14,192.46,192.76,192.09,192.7,86411424.0,AAPL,199.3905,197.658,200.9991,199.3905,207.42395760259078,191.35704239740923,0.0011429758935992407,0.12315672903188091,35.314174378957645,-1.1230227867098677,-0.22936456163889746,-0.8936582250709701,3.53857142857143,2231031440.0
2023-12-15,191.01,192.61,188.86,189.88,98432484.0,AAPL,199.052,197.6284,201.06800000000004,199.052,208.08055959835482,190.02344040164516,-0.014634146341463428,0.10672028909482889,29.763327755199626,-1.6263178303064763,-0.5087552153724132,-1.1175626149340632,3.662142857142856,2132598956.0
2023-12-18,190.86,190.87,190.86,190.86,57248225.0,AAPL,198.761,197.4818,201.145,198.761,208.46161940507398,189.06038059492602,0.005161154413313662,0.11243224339919444,34.42706998205594,-1.9239271342034385,-0.7917895991386183,-1.1321375350648202,3.4549999999999983,2189847181.0
2023-12-19,189.96,190.76,189.13,190.75,118624083.0,AAPL,198.2,197.32940000000002,201.20385000000002,198.2,208.40390637271582,187.99609362728415,-0.0005763386775647916,0.11179110567115336,34.89217978695768,-2.1439466499722357,-1.062221009305342,-1.0817256406668938,3.5142857142857156,2071223098.0
2023-12-20,190.07,190.08,189.97,189.98,69729314.0,AAPL,197.583,197.21040000000002,201.24525000000003,197.583,208.22105304703695,186.94494695296305,-0.0040366972477065,0.10730314157486598,37.1713257680598,-2.353318673438139,-1.3204405421319012,-1.0328781313062376,3.337857142857144,2001493784.0
2023-12-21,186.84,187.03,186.82,186.94,93224626.0,AAPL,196.96800000000002,197.0142,201.2579,196.96800000000002,208.5802632093016,185.35573679069844,-0.01600168438783023,0.08958442618173201,39.18879486431284,-2.7330452596471844,-1.6029614856349579,-1.1300837740122265,3.1892857142857145,1908269158.0
2023-12-22,184.73,185.5,184.45,185.05,84910193.0,AAPL,195.9825,196.787,201.23914999999997,195.9825,208.14293087013624,183.82206912986373,-0.010110195784743703,0.07856851430902712,30.82775410833844,-3.15017526012835,-1.9124042405336366,-1.2377710195947134,3.0449999999999995,1823358965.0
2023-12-25,187.43,187.89,187.34,187.62,30509308.0,AAPL,195.023,196.62579999999997,201.2326,195.023,206.60061197084113,183.44538802915886,0.013888138340988787,0.09354782304598563,20.46885934219739,-3.236072835888507,-2.177137959604611,-1.058934876283896,2.6957142857142844,1853868273.0
2023-12-26,189.48,189.57,189.29,189.37,56108021.0,AAPL,194.341,196.455,201.22295000000003,194.341,205.5383397216527,183.1436602783473,0.009327363820488266,0.10374774144663856,30.11093502377183,-3.126892043838609,-2.3670887764514106,-0.7598032673871984,2.4378571428571405,1909976294.0
2023-12-27,186.41,186.68,185.72,186.1,105584493.0,AAPL,193.527,196.1638,201.202,193.527,204.63028182873953,182.42371817126045,-0.01726778264772677,0.08468846534941865,20.88535754824065,-3.266572140735832,-2.546985449308295,-0.7195866914275371,2.4085714285714266,1804391801.0
2023-12-28,186.16,186.63,185.84,186.48,47696893.0,AAPL,192.8885,195.9172,201.1771,192.8885,204.07446352577628,181.7025364742237,0.0020419129500268696,0.08690330477356034,24.071807425540598,-3.3084688304332417,-2.6992821255332844,-0.6091867048999573,2.215714285714282,1852088694.0
2023-12-29,188.39,190.34,188.36,189.06,33027415.0,AAPL,192.624,195.76219999999998,201.16705000000002,192.624,203.91414176406252,181.33385823593747,0.0138352638352639,0.10194089875852286,33.3726879181425,-3.0977785579120223,-2.778981412009032,-0.31879714590299013,2.3699999999999983,1885116109.0
2024-01-01,183.35,183.5,183.34,183.44,75291772.0,AAPL,191.9135,195.51319999999998,201.12695,191.9135,203.65150534476288,180.17549465523712,-0.02972601290595578,0.0691845893804266,29.261559696342317,-3.345724600148543,-2.8923300496369344,-0.4533945505116086,2.5814285714285705,1809824337.0
2024-01-02,185.83,186.23,185.13,185.29,62124829.0,AAPL,190.953,195.4624,201.08555,190.953,201.43062749360445,180.47537250639556,0.010085041430440533,0.07996736026111684,37.09156193895872,-3.3542780565999806,-2.984719651029544,-0.3695584055704364,2.518571428571426,1871949166.0
2024-01-03,182.86,183.32,182.49,183.13,118991787.0,AAPL,190.139,195.46959999999999,201.04735,190.139,200.37705882094122,179.9009411790588,-0.011657401910518672,0.06737774669231111,33.9375629405841,-3.495061783943953,-3.086788077612426,-0.40827370633152693,2.6707142857142827,1752957379.0
2024-01-04,184.59,185.14,184.25,185.07,74149428.0,AAPL,189.318,195.4246,200.98260000000002,189.318,198.27701216359083,180.3589878364092,0.010593567411128602,0.07868508480503467,41.681079211345555,-3.4107748263480175,-3.1515854273595445,-0.25918939898847304,2.5399999999999983,1827106807.0
2024-01-05,182.57,182.61,182.57,182.58,44673161.0,AAPL,188.4875,195.21779999999998,200.92304999999996,188.4875,196.6361605292559,180.33883947074412,-0.013454368617279888,0.06417205805210591,36.390532544378694,-3.504501286050953,-3.2221685990978264,-0.28233268695312663,2.6478571428571405,1782433646.0
2024-01-08,176.7,176.71,176.7,176.7,91279027.0,AAPL,187.447,194.90940000000003,200.85505,187.447,196.04675544327927,178.84724455672074,-0.03220506079526797,0.029900332225912374,30.5885603757944,-4.007056189965766,-3.3791461172714143,-0.6279100726943518,2.944285714285712,1691154619.0
2024-01-09,170.88,172.22,170.58,171.58,25688505.0,AAPL,186.253,194.4576,200.74135,186.253,196.61823358966996,175.88776641033002,-0.028975664968873716,5.828524800266521e-05,27.30636408485448,-4.763564377477735,-3.6560297693126786,-1.1075346081650563,3.3257142857142816,1665466114.0
2024-01-10,171.68,172.17,171.32,171.78,29190617.0,AAPL,185.21800000000002,193.98699999999997,200.61450000000002,185.21800000000002,197.0020080751751,173.43399192482494,0.0011656370206316602,0.0012239902080770637,29.893899204244022,-5.2860301725087595,-3.982029849951895,-1.3040003225568646,3.1607142857142816,1694656731.0
2024-01-11,172.65,172.68,172.63,172.64,111573411.0,AAPL,184.21499999999997,193.31580000000002,200.4806,184.21499999999997,196.71092860010612,171.71907139989383,0.005006403539410842,0.006236521536397754,33.0788110171802,-5.566525821920408,-4.298929044345598,-1.26759677757481,3.0471428571428527,1806230142.0
2024-01-12,169.9,169.9,169.85,169.88,91414944.0,AAPL,183.215,192.5052,200.3213,183.215,196.9424530930197,169.4875469069803,-0.01598702502316951,-0.00985020691263172,25.93597395550728,-5.943022119072879,-4.627747659291054,-1.3152744597818247,3.0435714285714255,1714815198.0
2024-01-15,172.97,173.75,171.49,171.88,50245806.0,AAPL,182.26600000000002,191.74300000000002,200.17190000000002,182.26600000000002,196.38674457556775,168.1452554244323,0.011773016246762413,0.001806842688114374,26.4349232012934,-6.010726943120318,-4.904343516056907,-1.1063834270634105,3.180714285714284,1765061004.0
2024-01-16,166.88,167.29,166.63,166.79,34389772.0,AAPL,181.068,190.95,200.01304999999996,181.068,196.1882375364245,165.94776246357551,-0.029613683965557414,-0.02786034854578434,25.199075263293054,-6.40131360648374,-5.203737534142274,-1.197576072341466,3.2949999999999977,1730671232.0
2024-01-17,166.65,166.65,166.64,166.64,77405223.0,AAPL,179.901,190.27219999999997,199.85179999999997,179.901,195.71210988480823,164.0898901151918,-0.0008993344924755897,-0.028734627265840307,24.366925064599442,-6.646345167734495,-5.492259060860718,-1.1540861068737769,3.249285714285713,1653266009.0
2024-01-18,164.06,164.4,162.45,163.06,93913944.0,AAPL,178.707,189.5068,199.6845,178.707,195.83203381479586,161.58196618520412,-0.02148343734997593,-0.04960074605117559,17.254408060453343,-7.048163682472392,-5.8034399851830525,-1.2447236972893396,3.2728571428571405,1559352065.0
2024-01-19,161.48,162.16,160.24,161.2,36990019.0,AAPL,177.5145,188.75779999999997,199.49035,177.5145,196.04377978831593,158.98522021168407,-0.011406844106463976,-0.0604418021798695,19.059543683917568,-7.43103387285143,-6.128958762716729,-1.3020751101347008,3.0657142857142827,1522362046.0
2024-01-22,161.59,161.86,161.1,161.38,39033129.0,AAPL,176.2025,188.113,199.29945,176.2025,195.4220710286761,156.98292897132387,0.0011166253101737578,-0.059392667715802316,15.11526116136558,-7.631960274170012,-6.429559065007386,-1.202401209162626,2.920714285714285,1561395175.0
2024-01-23,158.61,159.11,158.47,158.93,44783762.0,AAPL,174.6805,187.46300000000002,199.1108,174.6805,194.32597943179994,155.03502056820005,-0.015181559053166316,-0.07367255347671609,14.988425925925881,-7.8978489330473,-6.723217038615369,-1.174631894431931,2.9285714285714284,1516611413.0
2024-01-24,157.74,157.96,157.69,157.88,97951716.0,AAPL,173.2695,186.86540000000002,198.9223,173.2695,193.50636836080733,153.03263163919266,-0.006606682187126456,-0.07979250451710784,9.622809622809584,-8.099922965694219,-6.9985582240311395,-1.1013647416630796,2.87357142857143,1418659697.0
2024-01-25,160.83,160.89,160.76,160.79,57770077.0,AAPL,171.98499999999999,186.2108,198.7408,171.98499999999999,191.95072484086333,152.01927515913664,0.01843172029389417,-0.06283149734802229,18.040481079495393,-7.933799510181757,-7.185606481261263,-0.7481930289204941,2.9100000000000006,1476429774.0
2024-01-26,158.75,159.31,158.63,159.16,76982802.0,AAPL,170.49,185.461,198.56085,170.49,189.52856363445454,151.45143636554548,-0.010137446358604363,-0.07233199277263025,20.609919571045538,-7.8432606261172,-7.31713731023245,-0.5261233158847496,2.644285714285713,1399446972.0
2024-01-29,161.6,161.62,161.56,161.61,79974585.0,AAPL,169.39849999999998,184.75959999999998,198.4073,169.39849999999998,187.80354653334933,150.99345346665064,0.015393314903242139,-0.05805210701171626,31.652557968347438,-7.487502120070957,-7.351210272200152,-0.13629184787080462,2.382857142857144,1479421557.0
2024-01-30,158.54,158.62,157.82,158.37,53400086.0,AAPL,168.0525,183.8876,198.23305,168.0525,185.47538860575193,150.6296113942481,-0.020048264340078004,-0.07693652736492484,27.805362462760684,-7.381907824791824,-7.357349782718487,-0.02455804207333756,2.5928571428571456,1426021471.0
2024-01-31,159.97,160.03,159.91,159.93,85320186.0,AAPL,166.89249999999998,183.03979999999999,198.06205000000003,166.89249999999998,183.13816646670392,150.64683353329605,0.009850350445160139,-0.06784402867634287,29.440310579100668,-7.090608501427312,-7.304001526460253,0.213393025032941,2.6471428571428595,1511341657.0
2024-02-01,164.12,165.02,161.5,164.12,22870581.0,AAPL,165.84499999999997,182.33739999999997,197.92054999999996,165.84499999999997,179.67820262039356,152.01179737960638,0.026198962045895113,-0.04342250976277984,41.09461966604826,-6.447332866296449,-7.132667794427492,0.6853349281310432,2.8114285714285745,1534212238.0
2024-02-02,156.4,157.07,155.94,156.87,78021583.0,AAPL,164.5595,181.37959999999998,197.7507,164.5595,176.49254386103968,152.62645613896035,-0.044174993906897386,-0.08567931456548428,30.03458366586861,-6.448215683600779,-6.99577737226215,0.5475616886613714,3.1192857142857173,1456190655.0
2024-02-05,154.62,154.7,154.5,154.67,43792448.0,AAPL,163.458,180.3368,197.56555,163.458,174.72072585497108,152.19527414502892,-0.014024351373749022,-0.09850206912630499,32.53602305475506,-6.550921985664246,-6.9068062949425695,0.3558843092783235,2.9135714285714323,1412398207.0
2024-02-06,157.24,157.27,155.97,156.32,28120459.0,AAPL,162.695,179.403,197.41334999999998,162.695,173.7057459472923,151.6842540527077,0.010667873537208328,-0.08888500320568948,35.74585635359119,-6.425111572914375,-6.810467350536931,0.38535577762255624,3.0885714285714334,1440518666.0
2024-02-07,156.23,156.4,155.44,155.8,98992151.0,AAPL,161.89600000000002,178.4714,197.28195,161.89600000000002,172.44023544182585,151.35176455817418,-0.003326509723643678,-0.09191583610188336,39.046469523234784,-6.294802997991695,-6.7073344800278845,0.41253148203618917,2.8578571428571484,1341526515.0
2024-02-08,157.14,159.11,156.73,156.89,75345697.0,AAPL,161.1085,177.62420000000003,197.1675,161.1085,170.57125418903664,151.64574581096335,0.006996148908857247,-0.08556274406947706,43.342601173926475,-6.034022171508212,-6.57267201832395,0.5386498468157379,2.892857142857149,1416872212.0
2024-02-09,155.64,155.83,153.96,155.23,103964920.0,AAPL,160.376,176.8418,197.0479,160.376,169.2282263628408,151.52377363715922,-0.010580661610045228,-0.09523809523809623,40.91580502215656,-5.893364576154937,-6.436810529890148,0.543445953735211,3.047857142857146,1312907292.0
2024-02-12,155.61,155.64,155.32,155.52,92517511.0,AAPL,159.558,175.99920000000003,196.9245,159.558,166.81385527622348,152.3021447237765,0.0018681955807513528,-0.09354782304598785,44.61975386557275,-5.692868003429112,-6.288022024597941,0.5951540211688293,2.8692857142857173,1405424803.0
2024-02-13,155.67,156.54,154.34,155.13,87270161.0,AAPL,158.975,175.0118,196.77495,158.975,165.6333212678039,152.3166787321961,-0.0025077160493828243,-0.09582094771813343,45.568804382855305,-5.502018916496581,-6.130821402977669,0.6288024864810877,2.9378571428571445,1318154642.0
2024-02-14,158.36,158.46,158.24,158.43,48135480.0,AAPL,158.5645,174.1922,196.6273,158.5645,164.1606922204699,152.9683077795301,0.021272481144846367,-0.07658681587690241,46.24443029917253,-5.026544345065133,-5.909965991395163,0.8834216463300297,2.960714285714289,1366290122.0
2024-02-15,158.96,159.24,158.63,159.21,89040239.0,AAPL,158.372,173.3466,196.486,158.372,163.56761596571425,153.17638403428577,0.004923309979170565,-0.07204056653261148,50.08177952240761,-4.53451675382891,-5.634876143881913,1.1003593900530024,2.864285714285718,1455330361.0
2024-02-16,160.32,160.88,160.19,160.22,91352324.0,AAPL,158.323,172.5672,196.3498,158.323,163.4239394387624,153.2220605612376,0.006343822624206963,-0.06615375648423483,47.614143494679,-4.016779846121608,-5.311256884329852,1.2944770382082442,2.807857142857145,1546682685.0
2024-02-19,158.87,159.33,158.68,159.08,55859865.0,AAPL,158.20800000000003,171.7986,196.2245,158.20800000000003,163.11891844770682,153.29708155229324,-0.0071152165772062625,-0.07279827475666001,51.31335553089161,-3.6563104187598015,-4.980267591215842,1.3239571724560406,2.6471428571428572,1490822820.0
2024-02-20,157.85,157.94,157.32,157.73,85099165.0,AAPL,158.148,171.04399999999998,196.0925,158.148,163.05109290142732,153.24490709857267,-0.00848629620316832,-0.0806667832371637,45.89858314690527,-3.439916304231218,-4.672197333818918,1.2322810295876998,2.654285714285716,1405723655.0
2024-02-21,156.56,156.57,156.41,156.55,25926069.0,AAPL,158.0815,170.3254,195.9591,158.0815,163.03570831213494,153.12729168786507,-0.007481138654662933,-0.08754444250160376,34.103317933641335,-3.325306484538089,-4.402819163962753,1.0775126794246637,2.385000000000001,1379797586.0
2024-02-22,157.79,157.79,157.66,157.71,40997458.0,AAPL,157.9275,169.62560000000002,195.8259,157.9275,162.71591969316827,153.13908030683174,0.00740977323538794,-0.08078335373317114,52.3702031602709,-3.1050816231313547,-4.1432716557964735,1.0381900326651188,1.8892857142857136,1420795044.0
2024-02-23,156.56,156.56,156.56,156.56,26739202.0,AAPL,157.79749999999999,168.95919999999998,195.7004,157.79749999999999,162.58620546181606,153.0087945381839,-0.007291864815167082,-0.0874861572536001,55.6688662267547,-2.9888931234749805,-3.912395949332175,0.9235028258571947,1.8021428571428564,1394055842.0
2024-02-26,157.07,157.47,157.06,157.43,55641433.0,AAPL,157.5885,168.29059999999998,195.57050000000004,157.5885,162.02879053103817,153.14820946896185,0.005556974961675953,-0.08241534067727563,53.4927627438641,-2.7943990781775483,-3.68879657510125,0.8943974969237019,1.6814285714285688,1449697275.0
2024-02-27,163.14,163.83,163.04,163.36,85735271.0,AAPL,157.838,167.7428,195.44465,157.838,162.97007293708944,152.70592706291055,0.0376675347773614,-0.04785218861106355,67.74647887323943,-2.137124266868426,-3.3784621134546855,1.2413378465862595,2.069999999999997,1535432546.0
2024-02-28,166.21,166.78,165.8,165.97,57010105.0,AAPL,158.14000000000001,167.2626,195.33344999999997,158.14000000000001,164.38137636642716,151.89862363357287,0.015976983349657026,-0.03263973888209015,69.8948290972831,-1.3896055484140675,-2.980690800446562,1.5910852520324945,2.077857142857139,1592442651.0
2024-02-29,164.65,165.54,163.5,165.04,83317241.0,AAPL,158.186,166.8246,195.2105,158.186,164.62343132819996,151.74856867180006,-0.005603422305235917,-0.03806026694643705,72.2046174739701,-0.8622948083325639,-2.5570116020237625,1.6947167936911987,2.0449999999999977,1509125410.0
2024-03-01,170.41,171.29,167.43,168.66,27605502.0,AAPL,158.7755,166.4968,195.0936,158.7755,166.69436614690878,150.8566338530912,0.021934076587494022,-0.01696100716908666,75.84579071597163,-0.15055796287461476,-2.0757208741939333,1.9251629113193185,2.462142857142855,1536730912.0
2024-03-04,166.81,167.88,166.27,167.47,45038411.0,AAPL,159.4155,166.09380000000002,194.97740000000002,159.4155,167.97995893458142,150.8510410654186,-0.007055614846436575,-0.0238969516815305,73.53165522501908,0.31385760508104,-1.5978051783389386,1.9116627834199786,2.4757142857142833,1491692501.0
2024-03-05,161.37,162.02,160.39,161.38,88840394.0,AAPL,159.6685,165.53400000000002,194.82659999999998,159.6685,168.14644978940103,151.19055021059896,-0.03636472203976837,-0.059392667715802205,55.08445363667699,0.1883272653872723,-1.2405786895936965,1.4289059549809688,2.743571428571426,1402852107.0
2024-03-06,158.52,158.59,158.46,158.5,26773329.0,AAPL,159.80349999999999,164.982,194.6609,159.80349999999999,168.1062561054986,151.50074389450137,-0.017846077580864983,-0.07617881914087643,48.85888781742204,-0.14191248526040567,-1.0208454487270384,0.8789329634666327,2.894285714285711,1376078778.0
2024-03-07,153.04,153.35,152.64,153.21,28530508.0,AAPL,159.6195,164.3166,194.46675,159.6195,168.34639122920308,150.8926087707969,-0.033375394321766505,-0.10701171533484966,40.09607233681832,-0.8210243983290013,-0.980881238647431,0.15985684031842973,3.193571428571427,1347548270.0
2024-03-08,151.91,153.01,150.61,152.28,92661476.0,AAPL,159.472,163.581,194.28105,159.472,168.6016961383703,150.34230386162972,-0.006070099862933276,-0.11243224339919655,40.335417851051716,-1.4179237672764202,-1.0682897443732289,-0.34963402290319134,3.269285714285713,1254886794.0
2024-03-11,152.76,152.77,152.08,152.38,60643541.0,AAPL,159.315,162.9598,194.09515000000002,159.315,168.83068345306702,149.79931654693297,0.0006566850538480828,-0.11184939091915935,42.11612142646626,-1.8614440846309321,-1.2269206124247696,-0.6345234722061626,3.19285714285714,1315530335.0
2024-03-12,156.79,157.2,156.78,157.02,51861707.0,AAPL,159.4095,162.39440000000002,193.92364999999998,159.4095,168.78672094394736,150.03227905605266,0.030450190313689562,-0.08480503584542842,50.628510296870814,-1.8175760246137713,-1.34505169486257,-0.4725243297512014,3.44285714285714,1367392042.0
2024-03-13,158.25,158.4,157.84,158.0,93938177.0,AAPL,159.388,161.8918,193.7318,159.388,168.77664173798516,149.99935826201485,0.006241243153738418,-0.07909308154106287,50.38968019349635,-1.6843167066559772,-1.4129046972212513,-0.2714120094347259,3.452857142857141,1461330219.0
2024-03-14,156.48,157.68,154.41,157.42,65316734.0,AAPL,159.2985,161.33880000000002,193.5198,159.2985,168.72832340628446,149.86867659371552,-0.0036708860759494533,-0.08247362592527929,51.17358078602618,-1.606984571997856,-1.4517206721765723,-0.15526389982128364,3.627142857142855,1396013485.0
2024-03-15,159.51,159.88,159.42,159.82,101991558.0,AAPL,159.2785,160.8836,193.28074999999998,159.2785,168.70178867613163,149.8552113238684,0.01524583915639699,-0.06848516640438396,53.13073094052919,-1.3366305112600116,-1.4287026399932603,0.09207212873324866,3.7378571428571417,1498005043.0
2024-03-18,153.31,153.65,152.82,153.5,50931929.0,AAPL,158.99949999999998,160.4196,193.02414999999996,158.99949999999998,168.7715018419987,149.22749815800125,-0.03954448754849205,-0.10532144314274139,37.21473029045642,-1.6137419393285484,-1.465710499860318,-0.14803143946823027,3.7807142857142844,1447073114.0
2024-03-19,154.07,154.33,152.71,154.2,76544343.0,AAPL,158.823,160.072,192.75465,158.823,168.8165518157842,148.8294481842158,0.004560260586319087,-0.10124147578248044,33.942701227830824,-1.7566213551733654,-1.5238926709229277,-0.2327286842504377,3.6521428571428567,1523617457.0
2024-03-20,156.38,156.53,156.38,156.39,29057483.0,AAPL,158.815,159.7642,192.49235000000002,158.815,168.81646620830247,148.81353379169752,0.014202334630350144,-0.08847700646966361,38.59140068583486,-1.6738445857620547,-1.553883053890753,-0.11996153187130165,3.642142857142858,1552674940.0
2024-03-21,152.28,152.28,152.27,152.27,24790287.0,AAPL,158.543,159.3568,192.168,158.543,168.95832898639134,148.12767101360868,-0.02634439542170197,-0.11249052864720033,28.664410309815153,-1.9185768081803758,-1.6268218047486778,-0.291755003431698,3.489999999999999,1527884653.0
2024-03-22,155.18,155.54,155.15,155.45,37030294.0,AAPL,158.4875,159.06820000000002,191.875,158.4875,168.95899891246287,148.01600108753715,0.02088395613055738,-0.09395581978201428,35.12376237623759,-1.834779241036017,-1.6684132920061459,-0.16636594902987123,3.5528571428571416,1564914947.0
2024-03-25,156.49,156.51,156.44,156.45,102555815.0,AAPL,158.43849999999998,158.7596,191.60285,158.43849999999998,168.93996310608418,147.93703689391577,0.006432936635574205,-0.08812729498164118,43.01897479467571,-1.66844463155212,-1.6684195599153409,-2.5071636779117057e-05,3.1228571428571406,1667470762.0
2024-03-26,155.33,155.45,154.69,155.32,90210747.0,AAPL,158.0365,158.5302,191.33610000000002,158.0365,168.35873206176208,147.7142679382379,-0.007222754873761561,-0.0947135280060627,45.26221692491058,-1.6092543291752577,-1.6565865137673244,0.04733218459206667,3.0399999999999983,1577260015.0
2024-03-27,157.58,157.62,157.0,157.14,109284936.0,AAPL,157.59499999999997,158.3402,191.11805,157.59499999999997,167.22029671449832,147.96970328550162,0.011717744012361475,-0.0841056128693839,56.530408773678936,-1.3993558947868223,-1.605140389971224,0.20578449518440167,2.785714285714284,1686544951.0
2024-03-28,163.71,163.75,163.55,163.61,20715295.0,AAPL,157.52349999999998,158.35119999999998,190.94154999999998,157.52349999999998,166.93480400943045,148.11219599056952,0.04117347588137976,-0.046395057410970386,65.89952287398263,-0.7028331226046021,-1.4246789364978998,0.7218458138932977,3.0721428571428566,1707260246.0
2024-03-29,164.19,164.21,164.16,164.19,38656014.0,AAPL,157.3,158.41099999999997,190.78125,157.3,165.76219580810823,148.8378041918918,0.003545015585844302,-0.043014513026754075,66.35281085571867,-0.10284709741790721,-1.1603125686819014,1.0574654712639942,3.065714285714285,1745916260.0
2024-04-01,165.72,166.04,164.38,164.98,40777956.0,AAPL,157.1755,158.483,190.62195,157.1755,165.0613313315402,149.2896686684598,0.004811498873256603,-0.03840997843445937,62.33725976441413,0.43141941345390933,-0.8419661722547392,1.2733855857086485,2.8535714285714278,1786694216.0
2024-04-02,163.47,163.95,163.24,163.66,46158476.0,AAPL,157.2895,158.5776,190.4497,157.2895,165.4908618253008,149.0881381746992,-0.008000969814522918,-0.04610363117095173,58.680981595092035,0.7397886807927705,-0.5256152016452373,1.2654038824380078,2.8792857142857122,1740535740.0
2024-04-03,161.49,161.97,161.18,161.21,39135946.0,AAPL,157.425,158.6442,190.23145,157.425,165.7983147558197,149.05168524418033,-0.014970059880239472,-0.06038351693186561,55.497534087612465,0.7775162984424071,-0.26498890162770844,1.0425052000701156,2.799999999999997,1701399794.0
2024-04-04,163.82,163.86,163.64,163.67,22080563.0,AAPL,157.948,158.7018,190.00764999999998,157.948,166.5171873962241,149.3788126037759,0.015259599280441627,-0.04604534592294807,55.57486243845932,0.9944537048807831,-0.01310038032601013,1.0075540852067932,2.8135714285714255,1723480357.0
2024-04-05,161.16,161.51,160.2,161.19,112558504.0,AAPL,158.3935,158.7424,189.78195,158.3935,166.64241769615393,150.14458230384605,-0.015152440887150953,-0.06050008742787316,62.52851091560773,0.9552513457669249,0.1805699648925769,0.774681380874348,2.5614285714285683,1610921853.0
2024-04-08,162.53,163.09,161.29,161.45,47006644.0,AAPL,158.84699999999998,158.7392,189.57395,158.84699999999998,166.69125797369776,151.0027420263022,0.001613003288045034,-0.05898467097977633,61.98347107438021,0.9343919322643899,0.33133435836693953,0.6030575738974504,2.5814285714285683,1657928497.0
2024-04-09,160.73,161.82,159.35,160.11,35956333.0,AAPL,159.0015,158.774,189.34994999999998,159.0015,166.81590848689308,151.1870915131069,-0.008299783214617329,-0.06679489421227602,56.32653061224497,0.8005061589246623,0.4251687184784841,0.37533744044617817,2.5914285714285676,1621972164.0
2024-04-10,161.01,161.89,160.78,161.54,25243534.0,AAPL,159.17849999999999,158.8062,189.15715,159.17849999999999,167.05749345695648,151.2995065430435,0.008931359690212748,-0.0584601037477428,67.35305129165113,0.8005613945254595,0.5002472536878793,0.30031414083758023,2.42428571428571,1647215698.0
2024-04-11,162.72,162.74,162.41,162.56,81396329.0,AAPL,159.4355,158.775,188.93614999999997,159.4355,167.40774520974088,151.4632547902591,0.006314225578804011,-0.052515008451362366,64.48065173116099,0.8728489848734,0.5747675999249835,0.2980813849484165,2.27642857142857,1728612027.0
2024-04-12,165.23,165.85,165.12,165.64,52522999.0,AAPL,159.7265,158.9504,188.7083,159.7265,168.1688575529977,151.28414244700227,0.018946850393700698,-0.03456315206621352,67.2549755914383,1.1652355700761632,0.6928611939552194,0.4723743761209438,2.4357142857142833,1781135026.0
2024-04-15,165.08,165.39,164.06,164.17,31065982.0,AAPL,160.26,159.1404,188.48170000000002,160.26,168.38833380997247,152.13166619002752,-0.008874667954600346,-0.04313108352276185,66.40711902113466,1.263769383895152,0.8070428319432059,0.4567265519519461,2.42285714285714,1750069044.0
2024-04-16,163.69,163.82,163.01,163.42,78001158.0,AAPL,160.721,159.2824,188.28334999999998,160.721,168.43760110616097,153.00439889383904,-0.004568435158676998,-0.047502477123041675,62.12355212355217,1.2667372507459902,0.898981715703763,0.36775553504222724,2.3414285714285676,1672067886.0
2024-04-17,159.83,161.47,159.56,160.59,64667943.0,AAPL,160.93099999999998,159.3782,188.04579999999999,160.93099999999998,168.37511855444666,153.4868814455533,-0.017317341818626764,-0.06399720230809725,43.21653189577711,1.0288717646519672,0.9249597254934039,0.10391203915856329,2.144999999999994,1607399943.0
2024-04-18,159.57,159.58,159.06,159.36,106536607.0,AAPL,161.2855,159.4276,187.8039,161.2855,167.57939838193556,154.99160161806446,-0.007659256491686861,-0.07116628781255596,39.45875163683977,0.7326652240979286,0.8865008252143088,-0.15383560111638028,2.211428571428566,1500863336.0
2024-04-19,160.82,161.04,160.32,160.49,91970146.0,AAPL,161.5375,159.53279999999998,187.54420000000002,161.5375,167.22168257790625,155.85331742209374,0.007090863453815155,-0.06458005478813456,40.344086021505355,0.5823875615658665,0.8256781724846204,-0.24329061091875392,2.1992857142857076,1592833482.0
2024-04-22,163.25,163.9,161.79,162.72,104680958.0,AAPL,161.851,159.67680000000001,187.32580000000002,161.851,167.02221954465026,156.67978045534974,0.013894946725652613,-0.05158244448330285,48.054635761589395,0.6359034947778639,0.7877232369432692,-0.15181974216540528,2.318571428571423,1697514440.0
2024-04-23,160.31,160.87,159.73,160.07,22053262.0,AAPL,162.0885,159.77560000000003,187.105,162.0885,166.35370944139592,157.8232905586041,-0.016285644051130865,-0.06702803520429146,47.66009852216744,0.4591891576103251,0.7220164210766804,-0.2628272634663553,2.354999999999996,1675461178.0
2024-04-24,162.18,162.76,161.34,162.62,47707220.0,AAPL,162.3625,159.8594,186.89655,162.3625,165.93742362819037,158.78757637180965,0.015930530392953113,-0.05216529696334027,47.852760736196345,0.5189236323923296,0.6813978633398102,-0.1624742309474806,2.357857142857138,1723168398.0
2024-04-25,166.74,166.79,166.42,166.64,43226944.0,AAPL,162.514,160.00799999999998,186.707,162.514,166.53989199008302,158.488108009917,0.024720206616652307,-0.02873462726584075,60.48480184686421,0.8804942478780333,0.721217140247455,0.15927710763057834,2.407857142857137,1766395342.0
2024-04-26,167.25,168.06,165.89,167.93,112500867.0,AAPL,162.701,160.16219999999998,186.53189999999998,162.701,167.35337415339555,158.04862584660444,0.007741238598175881,-0.021215830273359382,61.99111769059962,1.2566479295505815,0.8283032981080802,0.42834463144250123,2.427142857142852,1878896209.0
2024-04-29,172.5,176.02,171.43,173.65,50234634.0,AAPL,163.1345,160.4536,186.37369999999999,163.1345,169.84254850436153,156.42645149563847,0.03406181146906451,0.012123331584774188,71.56050955414015,1.993330752176604,1.0613087889217852,0.9320219632548188,2.8285714285714243,1929130843.0
2024-04-30,171.29,171.3,171.28,171.29,55626603.0,AAPL,163.51600000000002,160.7248,186.22314999999998,163.51600000000002,171.1533773398729,155.87862266012715,-0.013590555715519814,-0.0016319869441062673,65.07887411073307,2.3595257755767705,1.3209521862527822,1.0385735893239882,2.8707142857142833,1873504240.0
2024-05-01,166.94,167.91,166.41,167.5,118234393.0,AAPL,163.8305,160.94379999999998,186.0559,163.8305,171.58518204920324,156.07581795079676,-0.022126218693443778,-0.02372209593751995,57.03703703703704,2.317205343476303,1.5202028176974864,0.7970025257788165,3.133571428571425,1755269847.0
2024-05-02,162.29,162.31,162.02,162.19,48814268.0,AAPL,163.75650000000002,161.0334,185.85965,163.75650000000002,171.54579974557024,155.9672002544298,-0.03170149253731347,-0.054671562627500725,45.37905170104475,1.8340516676884704,1.5829725876956835,0.2510790799927869,3.289999999999996,1706455579.0
2024-05-03,166.04,167.25,165.7,166.6,59014820.0,AAPL,164.027,161.2342,185.6758,164.027,171.81677494438927,156.2372250556107,0.027190332326283873,-0.028967768257855853,53.01713434318352,1.7864064611004267,1.6236593623766322,0.16274709872379445,3.538571428571426,1765470399.0
2024-05-06,170.12,170.21,167.25,168.62,78713308.0,AAPL,164.3855,161.458,185.48875,164.3855,172.33424495224332,156.4367550477567,0.012124849939975979,-0.01719414816110243,56.259027443428046,1.8898592882910066,1.6768993475595073,0.21295994073149926,3.713571428571427,1844183707.0
2024-05-07,168.45,168.56,168.42,168.5,74875988.0,AAPL,164.805,161.5608,185.3216,164.805,172.68898376457133,156.92101623542868,-0.0007116593523900372,-0.01789357113714729,60.18542364151429,1.9398025655680442,1.7294799911612146,0.21032257440682955,3.452142857142858,1769307719.0
2024-05-08,169.4,169.58,169.18,169.4,30867948.0,AAPL,165.198,161.6294,185.18654999999998,165.198,173.17970961768697,157.21629038231305,0.005341246290801127,-0.012647898816811609,63.03896103896102,2.0286207735136372,1.7893081476316992,0.23931262588193802,3.4200000000000017,1800175667.0
2024-05-09,166.05,166.11,165.96,166.02,118605292.0,AAPL,165.371,161.649,185.01170000000002,165.371,173.26142831203683,157.4805716879632,-0.019952774498228965,-0.032348312642072274,56.78527607361962,1.8054598734879619,1.792538492802952,0.01292138068500992,3.545714285714289,1681570375.0
2024-05-10,173.04,173.46,171.3,173.37,42889456.0,AAPL,165.7575,161.7432,184.8673,165.7575,174.42265799959344,157.09234200040655,0.04427177448500186,0.010491344640669364,61.608894702419875,2.196368457530639,1.8733044857484893,0.3230639717821495,3.8335714285714317,1724459831.0
2024-05-13,173.46,174.18,172.65,173.83,88309210.0,AAPL,166.2405,161.87040000000002,184.73855,166.2405,175.58347253498567,156.89752746501432,0.0026532848820441934,0.013172466048841036,65.75091575091577,2.5143011834042284,2.001503825279637,0.5127973581245913,3.7292857142857168,1812769041.0
2024-05-14,175.34,176.52,173.37,174.22,35115750.0,AAPL,166.78050000000002,162.1272,184.58355,166.78050000000002,176.66954864776778,156.89145135223225,0.0022435713052981754,0.015445590720986502,63.96917148362234,2.7658518810726207,2.1543734364382336,0.611478444634387,3.76214285714286,1847884791.0
2024-05-15,176.97,177.09,176.12,176.55,112759975.0,AAPL,167.5785,162.4882,184.43775000000002,167.5785,177.92922186651333,157.22777813348665,0.013373895075192266,0.02902605350585552,62.44037157921167,3.11728502732484,2.3469557546155553,0.7703292727092848,3.6692857142857185,1960644766.0
2024-05-16,177.71,179.24,177.12,178.13,99481292.0,AAPL,168.517,162.9866,184.27775000000003,168.517,179.1305724428687,157.9034275571313,0.00894930614556766,0.03823512269044471,62.71186440677965,3.483139657268026,2.5741925351460493,0.9089471221219769,3.7064285714285745,2060126058.0
2024-05-17,178.73,179.16,178.42,178.91,42991510.0,AAPL,169.43800000000002,163.5192,184.12004999999996,169.43800000000002,180.31234953892684,158.5636504610732,0.004378824454050356,0.04278137203473564,57.475838544627614,3.7923062230950677,2.817815272735853,0.9744909503592147,3.20214285714286,2103117568.0
2024-05-20,175.36,176.74,175.13,176.41,82687866.0,AAPL,170.1225,163.9998,183.91049999999998,170.1225,180.9396498824306,159.30535011756942,-0.013973506232183741,0.028210060033803108,57.24801812004531,3.7918833761152086,3.012628893411724,0.7792544827034846,3.3028571428571456,2020429702.0
2024-05-21,177.6,178.12,177.51,177.96,88869263.0,AAPL,171.017,164.4186,183.67385,171.017,181.27854825704188,160.75545174295812,0.008786349980159924,0.03724427347438142,65.81015719467956,3.871986463226534,3.184500407374686,0.6874860558518483,3.076428571428575,2109298965.0
2024-05-22,183.15,184.28,182.66,184.05,101866940.0,AAPL,172.0885,164.93959999999998,183.47240000000002,172.0885,183.10579984113593,161.0712001588641,0.03422117329737029,0.07273998950865312,82.27997637330184,4.376432056111753,3.4228867371220995,0.9535453189896534,3.136428571428575,2211165905.0
2024-05-23,188.25,189.45,187.91,188.56,93244926.0,AAPL,173.1845,165.56239999999997,183.27355,173.1845,186.11475090325288,160.25424909674715,0.02450421081227927,0.09902663635833542,82.3321554770318,5.08155117240517,3.754619624178714,1.3269315482264563,3.160714285714288,2304410831.0
2024-05-24,194.62,194.87,192.19,194.02,102702403.0,AAPL,174.489,166.2464,183.0884,174.489,190.16085193772304,158.81714806227697,0.028956300381841382,0.13085038176837216,83.95721925133691,6.011641064972309,4.206023912337433,1.805617152634876,3.35357142857143,2407113234.0
2024-05-27,193.53,194.32,192.29,192.3,32523855.0,AAPL,175.42149999999998,167.0224,182.8658,175.42149999999998,192.98803310312468,157.85496689687528,-0.008865065457169363,0.12082531911173056,80.51282051282053,6.534627264961131,4.671744582862173,1.8628826820989577,3.4842857142857144,2374589379.0
2024-05-28,188.74,188.94,188.59,188.93,110233652.0,AAPL,176.3035,167.71699999999998,182.6466,176.3035,194.74613627119498,157.86086372880504,-0.0175247009880396,0.10118319053447333,73.54714251265975,6.601073692132275,5.057610404716193,1.5434632874160812,3.6721428571428567,2264355727.0
2024-05-29,188.48,188.77,188.36,188.56,43212905.0,AAPL,177.3565,168.3604,182.4108,177.3565,196.08539945343452,158.6276005465655,-0.001958397290001579,0.09902663635833542,79.30317212688506,6.548391278182265,5.3557665794094085,1.1926246987728568,3.4671428571428566,2221142822.0
2024-05-30,190.03,190.07,188.17,188.8,33663640.0,AAPL,178.68699999999998,169.09099999999998,182.1534,178.68699999999998,196.64421124755984,160.72978875244013,0.0012728044123886395,0.10042548231042492,74.60925039872407,6.4516356401509825,5.574940391557724,0.8766952485932586,3.0714285714285716,2254806462.0
2024-05-31,192.74,193.33,192.2,192.58,57697835.0,AAPL,179.98600000000002,169.83360000000002,181.95255,179.98600000000002,198.02025792616334,161.9517420738367,0.020021186440678074,0.12245730605583494,77.04066916642628,6.603845489099115,5.780721411066002,0.8231240780331124,3.2857142857142856,2312504297.0
2024-06-03,186.35,187.11,185.98,186.77,55757963.0,AAPL,180.89350000000002,170.44,181.7471,180.89350000000002,198.33651552273378,163.45048447726626,-0.03016928029909649,0.08859357696566761,65.65228236467948,6.1843649378294,5.861450116418682,0.32291482141071803,3.5321428571428584,2256746334.0
2024-06-04,191.96,192.05,191.41,191.97,50635609.0,AAPL,182.067,171.173,181.60915,182.067,199.15363509727362,164.9803649027264,0.02784173047063221,0.11890190592760708,67.94692737430165,6.200049805776757,5.929170054290298,0.2708797514864596,3.704285714285715,2307381943.0
2024-06-05,191.57,191.95,191.46,191.48,37846628.0,AAPL,183.171,171.85980000000004,181.47375,183.171,199.65418173169286,166.68781826830713,-0.0025524821586706548,0.1160459287754243,65.94220205397657,6.102594362649683,5.963854915962175,0.1387394466875076,3.548571428571429,2269535315.0
2024-06-06,190.14,190.35,190.0,190.06,108301823.0,AAPL,184.373,172.3888,181.3168,184.373,198.9906390922608,169.75536090773917,-0.007415918111552067,0.10776942355889463,63.1145612796989,5.843418794813402,5.939767691732421,-0.09634889691901893,3.5807142857142855,2161233492.0
2024-06-07,186.69,186.75,186.65,186.66,63975663.0,AAPL,185.0375,172.8382,181.11254999999997,185.0375,198.72799747279637,171.3470025272036,-0.017889087656529523,0.0879524392376263,61.80603547569683,5.302544275342683,5.812323008454474,-0.5097787331117907,3.554285714285714,2097257829.0
2024-06-10,181.22,181.37,181.09,181.15,46401120.0,AAPL,185.4035,173.1616,180.8789,185.4035,198.19425862940906,172.61274137059095,-0.029518911389692426,0.05583726758757113,53.36710998522271,4.378810172904451,5.525620441344469,-1.146810268440018,3.8299999999999983,2050856709.0
2024-06-11,184.29,185.71,183.26,183.89,43043592.0,AAPL,185.887,173.56619999999998,180.6252,185.887,197.5819041534297,174.1920958465703,0.015125586530499557,0.07180742554059316,49.81826442526122,3.823761401217439,5.1852486333190635,-1.3614872321016245,3.7042857142857133,2093900301.0
2024-06-12,184.64,184.73,183.97,184.19,50550539.0,AAPL,186.26899999999998,174.02579999999998,180.4018,186.26899999999998,197.15059218226193,175.38740781773802,0.0016314100821144262,0.07355598298070509,44.511429289123335,3.3692501253804323,4.822048931731338,-1.4527988063509056,3.3785714285714294,2144450840.0
2024-06-13,179.69,180.05,179.38,179.97,49977525.0,AAPL,186.36100000000002,174.35179999999997,180.19205000000002,186.36100000000002,196.98082039693566,175.74117960306438,-0.022911124382431147,0.048959608323130954,31.78636245786879,2.6381173579824235,4.385262616981555,-1.7471452589991312,3.2714285714285722,2094473315.0
2024-06-14,176.0,176.18,175.65,175.83,61044723.0,AAPL,186.207,174.6446,179.96235000000001,186.207,197.35781323444553,175.05618676555446,-0.023003833972328636,0.024829515649586797,29.90973408148328,1.70497211448847,3.849204516482938,-2.144232401994468,3.435,2033428592.0
2024-06-17,174.6,175.21,174.35,174.82,75717557.0,AAPL,186.1275,174.912,179.7196,186.1275,197.59070589859994,174.66429410140006,-0.005744184723881163,0.01894270560120992,31.736991975148825,0.8738757315289263,3.2541387594921356,-2.3802630279632093,3.2757142857142867,1957711035.0
2024-06-18,179.55,180.92,179.11,180.12,93297207.0,AAPL,186.2355,175.31220000000002,179.50369999999998,186.2355,197.41181796066607,175.05918203933393,0.03031689738016241,0.04983388704318692,40.31221303948577,0.6355651667426514,2.7304240409422387,-2.0948588741995873,3.6707142857142867,2051008242.0
2024-06-19,179.92,181.26,178.5,179.33,57347524.0,AAPL,185.9995,175.668,179.32505,185.9995,197.56276756769546,174.43623243230456,-0.004385964912280604,0.045229352450892435,39.26547268193154,0.37859175938308454,2.260057584630408,-1.8814658252473233,3.732142857142857,1993660718.0
2024-06-20,173.95,174.71,173.56,174.54,55285473.0,AAPL,185.2985,175.90760000000003,179.12385000000003,185.2985,197.86457341426285,172.73242658573713,-0.02671053365304199,0.01731071865710554,30.008865248226925,-0.20916338039296534,1.7662133916257334,-1.9753767720186988,3.820714285714286,1938375245.0
2024-06-21,173.92,174.27,171.53,173.82,26113100.0,AAPL,184.2885,176.07119999999998,178.94395,184.2885,197.14678714958043,171.43021285041957,-0.004125128910278386,0.013114180800837039,33.824631526355205,-0.724707568190297,1.2680291996625275,-1.9927367678528245,3.5642857142857127,1912262145.0
2024-06-24,172.23,173.95,172.2,173.02,53389158.0,AAPL,183.3245,176.2482,178.7471,183.3245,196.53974554205692,170.10925445794308,-0.004602462317339628,0.008451360960538778,23.407241088969982,-1.1841828427529606,0.77758679117943,-1.9617696339323905,3.3121428571428555,1858872987.0
2024-06-25,164.78,164.95,164.44,164.67,36468585.0,AAPL,182.1115,176.2732,178.50115000000002,182.1115,197.4442599396989,166.77874006030112,-0.048260316726390196,-0.040216821122576074,19.176822257990352,-2.1967724984045844,0.1827149332626271,-2.3794874316672114,3.8885714285714283,1822404402.0
2024-06-26,164.47,164.73,164.33,164.56,103182956.0,AAPL,180.9115,176.35260000000002,178.27245,180.9115,197.79728508375464,164.02571491624533,-0.0006680026720106147,-0.04085795885061705,19.7724039829303,-2.9738524565543685,-0.448598544700772,-2.5252539118535964,3.8114285714285705,1719221446.0
2024-06-27,163.86,163.96,163.73,163.92,107476591.0,AAPL,179.66750000000002,176.4438,178.04995,179.66750000000002,197.73111958832158,161.60388041167846,-0.003889158969372919,-0.04458821472285579,21.15677321156774,-3.599839860158312,-1.0788468077922801,-2.5209930523660318,3.6271428571428572,1611744855.0
2024-06-28,166.33,166.81,165.69,166.03,22417209.0,AAPL,178.33999999999997,176.55460000000002,177.85754999999997,178.33999999999997,196.3101612329121,160.36983876708786,0.012872132747681952,-0.03229002739406861,29.01166018878402,-3.8809429272536136,-1.639266031684547,-2.2416768955690665,3.4357142857142873,1634162064.0
2024-07-01,172.18,172.46,170.86,171.6,104413005.0,AAPL,177.58149999999998,176.73219999999998,177.69385,177.58149999999998,195.33275232053737,159.8302476794626,0.03354815394808153,0.00017485574400888382,34.18275418275422,-3.612622618826805,-2.033937349112999,-1.578685269713806,3.569285714285716,1738575069.0
2024-07-02,174.97,175.41,174.76,175.13,43534666.0,AAPL,176.7395,177.0334,177.52994999999999,176.7395,193.1651519216939,160.31384807830608,0.0205710955710956,0.020749548289325626,39.23479087452472,-3.079635224830554,-2.24307692425651,-0.836558300574044,3.7814285714285734,1782109735.0
2024-07-03,174.26,174.39,174.21,174.34,22925609.0,AAPL,175.8825,177.26780000000002,177.3802,175.8825,190.78813987220997,160.97686012779002,-0.0045109347341973915,0.01614501369703092,42.71668822768436,-2.689976893638857,-2.332456918132979,-0.3575199755058778,3.5035714285714294,1759184126.0
2024-07-04,171.01,171.1,170.82,170.92,116182693.0,AAPL,174.9255,177.3534,177.2038,174.9255,188.38619439829262,161.46480560170738,-0.019616840656189183,-0.0037885411202449593,43.527550751384105,-2.626854532806192,-2.3913364410676214,-0.2355180917385704,3.4464285714285734,1643001433.0
2024-07-05,178.82,178.96,178.78,178.89,35041716.0,AAPL,174.537,177.57260000000002,177.07675000000003,174.537,186.98185960251587,162.09214039748414,0.046630002340276144,0.04266480153872787,54.533303631098235,-1.9116805517229523,-2.295405263198688,0.3837247114757356,3.9150000000000023,1678043149.0
2024-07-08,179.46,180.23,178.44,179.13,104492832.0,AAPL,174.436,177.68219999999997,176.9652,174.436,186.68614612157813,162.18585387842188,0.0013416065738722782,0.04406364749081737,48.757218177253314,-1.310428224074002,-2.0984098553737507,0.7879816312997487,3.607142857142859,1782535981.0
2024-07-09,179.03,179.54,178.91,179.23,77159223.0,AAPL,174.20299999999997,177.841,176.85580000000002,174.20299999999997,185.85887649394587,162.54712350605408,0.0005582537821693379,0.04464649997085468,49.872253449156844,-0.8164507226502167,-1.842018028829044,1.0255673061788273,3.4550000000000023,1859695204.0
2024-07-10,179.63,179.73,179.09,179.2,30599528.0,AAPL,173.95350000000002,178.075,176.76465,173.95350000000002,184.9013885731698,163.00561142683023,-0.00016738269262961403,0.044471644226843354,56.77719604421174,-0.42252019335631985,-1.5581184617344992,1.1355982683781793,3.0885714285714294,1829095676.0
2024-07-11,179.39,180.37,179.26,179.9,85782983.0,AAPL,173.95,178.42919999999998,176.68655,173.95,184.88983161613965,163.01016838386033,0.00390625,0.048551611587104526,58.84749708963912,-0.05322966250378158,-1.2571407018883558,1.2039110393845742,2.9571428571428595,1914878659.0
2024-07-12,179.97,180.32,179.23,179.48,94796132.0,AAPL,174.1325,178.6868,176.62715,174.1325,185.32328544818833,162.94171455181166,-0.0023346303501946553,0.046103631170947734,59.50559152442608,0.20320285782233327,-0.9650719899462181,1.1682748477685514,2.910000000000003,1820082527.0
2024-07-15,177.73,177.8,177.67,177.68,119443455.0,AAPL,174.2755,178.86800000000002,176.5246,174.2755,185.57583157408337,162.97516842591662,-0.010028972587474816,0.03561228653027637,73.71491068173533,0.25820608192029226,-0.720416375572916,0.9786224574932083,2.4264285714285734,1700639072.0
2024-07-16,177.08,177.25,175.65,175.99,94313289.0,AAPL,174.06900000000002,179.01780000000002,176.4127,174.06900000000002,185.06652680330853,163.0714731966915,-0.009511481314723125,0.025762079617645872,69.70010341261631,0.16354244174726773,-0.5436246121088794,0.7071670538561471,2.5428571428571467,1606325783.0
2024-07-17,176.23,176.5,175.82,175.94,25158570.0,AAPL,173.8995,179.14860000000002,176.31274999999997,173.8995,184.65750309194652,163.14149690805345,-0.0002841070515370303,0.025470653377627217,71.14707952146374,0.08352343657756478,-0.4181950023715906,0.5017184389491554,2.5321428571428606,1581167213.0
2024-07-18,174.25,174.34,174.18,174.27,91932280.0,AAPL,173.886,179.3136,176.20035,173.886,184.6412961739549,163.13070382604508,-0.009491872229168918,0.01573701696100449,64.72480343102217,-0.11334072344519086,-0.35722414658631063,0.24388342314111977,2.451428571428573,1489234933.0
2024-07-19,172.31,172.47,171.79,172.09,92319630.0,AAPL,173.7995,179.28799999999998,176.07875,173.7995,184.58481648024122,163.01418351975877,-0.01250932461123544,0.0030308328961914377,50.99633997559985,-0.44019052718439866,-0.37381742270592827,-0.06637310447847039,2.1692857142857167,1396915303.0
2024-07-22,172.1,172.63,172.09,172.47,105023397.0,AAPL,173.772,179.2608,175.9627,173.772,184.56848402807304,162.97551597192694,0.0022081468998780274,0.005245672320333128,43.79664179104479,-0.6609396266702845,-0.43124186349879956,-0.22969776317148494,1.9357142857142873,1501938700.0
2024-07-23,172.84,173.6,171.17,171.73,25560068.0,AAPL,174.125,179.211,175.83180000000002,174.125,184.09876031077835,164.15123968922165,-0.004290601263987948,0.0009325639680570763,43.89901823281905,-0.8853904638553445,-0.5220715835701086,-0.36331888028523585,2.0435714285714317,1476378632.0
2024-07-24,176.43,176.44,176.41,176.43,72498002.0,AAPL,174.7185,179.20859999999996,175.71065,174.7185,183.65440575034017,165.78259424965984,0.02736854364409247,0.028326630529810215,62.152624614027374,-0.6762235646259,-0.552901979781267,-0.12332158484463307,2.1285714285714312,1548876634.0
2024-07-25,168.15,168.22,168.02,168.06,26508850.0,AAPL,174.9255,179.0072,175.5569,174.9255,182.9538772365682,166.8971227634318,-0.04744091140962425,-0.020458122049311966,26.527958387516335,-1.1723324206184884,-0.6767880679487113,-0.49554435266977714,2.155000000000001,1522367784.0
2024-07-26,172.93,173.22,171.21,171.41,88667913.0,AAPL,175.1945,178.8572,175.42989999999998,175.1945,182.27214598094548,168.11685401905453,0.019933357134356733,-0.0009325639680624054,35.25592055003821,-1.2804253143947903,-0.7975155172379271,-0.4829097971568632,2.3957142857142872,1611035697.0
2024-07-29,175.48,175.6,175.2,175.31,119816843.0,AAPL,175.38,178.83520000000001,175.327,175.38,182.25247446435216,168.50752553564783,0.022752464850358756,0.02179868275339225,43.46230820547034,-1.0394106264486425,-0.8458945390800703,-0.19351608736857218,2.6500000000000017,1730852540.0
2024-07-30,169.23,170.49,168.21,168.82,93245685.0,AAPL,175.0645,178.65239999999997,175.23194999999998,175.0645,182.53834344159608,167.59065655840394,-0.037020135759511796,-0.016028443201028697,35.757409440175664,-1.356457117357536,-0.9480070547355635,-0.4084500626219725,3.1114285714285734,1637606855.0
2024-07-31,167.84,168.0,167.7,167.83,80975107.0,AAPL,174.73899999999998,178.328,175.15724999999998,174.73899999999998,182.88272448091578,166.59527551908417,-0.005864234095486198,-0.021798682753397913,33.5692894092023,-1.6683715234273961,-1.09207994847393,-0.5762915749534661,3.1078571428571444,1556631748.0
2024-08-01,167.06,168.23,166.23,166.76,72706142.0,AAPL,174.531,177.892,175.05445,174.531,183.27574976320466,165.78625023679535,-0.006375499016862407,-0.02803520428979711,32.985553772070645,-1.9790922515627187,-1.2694824090916879,-0.7096098424710309,3.172857142857144,1483925606.0
2024-08-02,162.54,162.84,162.37,162.58,96353425.0,AAPL,173.7155,177.26319999999998,174.90275000000003,173.7155,183.70244194804894,163.72855805195104,-0.02506596306068587,-0.05239843795535615,31.011066398390355,-2.5334279530754316,-1.5222715178884365,-1.011156435186995,3.357142857142857,1387572181.0
2024-08-05,160.29,160.45,160.13,160.36,87613519.0,AAPL,172.777,176.62439999999998,174.74395,172.777,184.06460120896583,161.48939879103415,-0.013654816090539978,-0.06533776301218419,30.60312732688014,-3.1159595943965144,-1.8410091331900522,-1.2749504612064622,3.3871428571428583,1299958662.0
2024-08-06,158.27,159.64,157.1,157.2,53791256.0,AAPL,171.6755,175.98980000000003,174.5591,171.6755,184.50583326063528,158.8451667393647,-0.019705662259915324,-0.08375590138136302,28.41013824884793,-3.788929289512481,-2.2305931644545383,-1.5583361250579428,3.5714285714285734,1246167406.0
2024-08-07,162.25,162.45,162.07,162.2,29456587.0,AAPL,170.82549999999998,175.46259999999998,174.39355,170.82549999999998,183.80848396485166,157.8425160351483,0.03180661577608146,-0.05461327737949795,37.08538412154932,-3.8741456684265927,-2.559303665248949,-1.3148420031776435,3.8207142857142884,1275623993.0
2024-08-08,164.87,164.99,164.87,164.98,107035489.0,AAPL,170.0795,174.9862,174.18744999999998,170.0795,182.57238551220533,157.58661448779466,0.01713933415536384,-0.03840997843446092,42.48890766955419,-3.6749944477076895,-2.782441821740697,-0.8925526259669923,3.8428571428571456,1382659482.0
2024-08-09,168.77,169.42,167.37,168.81,108434083.0,AAPL,169.546,174.51080000000002,173.97945000000004,169.546,181.23398465361652,157.85801534638347,0.023214935143653914,-0.01608672844903214,46.39621898385192,-3.171556944891364,-2.8602648463708307,-0.3112920985205334,4.1214285714285745,1491093565.0
2024-08-12,170.98,171.16,170.97,171.05,36633956.0,AAPL,169.2145,174.19639999999998,173.78474999999997,169.2145,180.29121711768792,158.13778288231205,0.013269356080801042,-0.0030308328961964337,49.349655700076525,-2.5622932951647215,-2.800670536129609,0.23837724096488744,4.115714285714288,1527727521.0
2024-08-13,167.92,168.23,166.61,167.63,86059784.0,AAPL,168.7965,173.7096,173.5907,168.7965,179.41826172323977,158.17473827676025,-0.01999415375621172,-0.0229643877134722,41.37254901960783,-2.328570569080739,-2.706250542719835,0.3776799736390961,4.096428571428573,1441667737.0
2024-08-14,165.81,166.19,165.7,166.1,49009204.0,AAPL,168.30450000000002,173.202,173.41854999999998,168.30450000000002,178.43318667124365,158.1758133287564,-0.009127244526636047,-0.03188203065804296,47.780797101449274,-2.2409693384555567,-2.6131943018669794,0.37222496341142275,3.633571428571431,1392658533.0
2024-08-15,167.32,167.67,167.08,167.61,115001514.0,AAPL,167.97150000000002,172.753,173.24995,167.97150000000002,177.70458254303293,158.2384174569671,0.00909090909090926,-0.02308095820947953,45.51039697542536,-2.0263419430831107,-2.495823830110206,0.46948188702709537,3.3771428571428594,1507660047.0
2024-08-16,163.91,165.96,163.58,163.97,63749282.0,AAPL,167.5655,172.29919999999998,173.07655,167.5655,177.2525450113876,157.87845498861236,-0.02171708131973038,-0.04429678848283736,36.519258202567784,-2.1254647308331016,-2.421752010254785,0.29628727942168354,3.365714285714288,1443910765.0
2024-08-19,165.79,166.58,165.72,166.13,68633341.0,AAPL,167.24849999999998,171.99880000000002,172.9391,167.24849999999998,176.67110724897515,157.8258927510248,0.013173141428310053,-0.03170717491403163,46.43519745560563,-2.00659552202373,-2.3387207126085743,0.33212519058484435,3.045000000000004,1512544106.0
2024-08-20,166.26,166.65,164.69,165.46,20093246.0,AAPL,166.935,171.6302,172.80925,166.935,176.1446116839115,157.7253883160885,-0.004032986215614209,-0.03561228653028148,46.832397754611065,-1.9440444835317692,-2.2597854667932133,0.3157409832614442,3.105000000000004,1492450860.0
2024-08-21,164.77,164.88,164.09,164.39,78929142.0,AAPL,166.333,171.23420000000002,172.69240000000002,166.333,174.43698758247203,158.22901241752797,-0.006466819775172383,-0.04184880806668079,46.832397754611065,-1.9582390319094998,-2.199476179816471,0.24123714790697104,3.0600000000000045,1413521718.0
2024-08-22,165.96,168.32,165.49,166.54,46595432.0,AAPL,166.257,170.96560000000002,172.5575,166.257,174.32120577222958,158.19279422777043,0.013078654419368618,-0.029317479745878727,55.59638213680041,-1.775534030987103,-2.114687750050597,0.3391537190634941,3.027142857142863,1460117150.0
2024-08-23,167.58,168.09,167.39,167.92,100552707.0,AAPL,166.0825,170.80740000000003,172.41385,166.0825,173.82170130518156,158.34329869481846,0.008286297586165503,-0.021274115521363934,60.94383323682679,-1.5020696111079133,-1.9921641222620605,0.49009451115414726,2.9628571428571484,1560669857.0
2024-08-26,166.98,167.01,166.87,166.88,107949148.0,AAPL,165.661,170.64859999999996,172.26484999999997,165.661,172.0918201981607,159.2301798018393,-0.006193425440686018,-0.027335781313751806,64.92905613818628,-1.3536622210474718,-1.8644637420191428,0.510801520971671,2.805000000000003,1452720709.0
2024-08-27,170.42,170.43,170.41,170.42,82111144.0,AAPL,165.741,170.4546,172.1071,165.741,172.373919179526,159.10808082047402,0.02121284755512942,-0.0067028035204314,63.27519379844958,-0.9395691123557128,-1.6794848160864568,0.739915703730744,2.6835714285714323,1534831853.0
2024-08-28,167.84,168.0,166.71,167.15,55839230.0,AAPL,165.707,170.211,171.93125,165.707,172.3016935605768,159.11230643942318,-0.019187888745452297,-0.02576207961765098,53.44992050874406,-0.8652845501344473,-1.516644762896055,0.6513602127616078,2.749285714285715,1478992623.0
2024-08-29,169.3,169.44,168.75,169.05,50380460.0,AAPL,165.8215,170.10119999999998,171.78029999999998,165.8215,172.5708789967762,159.07212100322377,0.011367035596769437,-0.014687882496942195,50.406504065040664,-0.6456566503868828,-1.3424471403942209,0.6967904900073381,2.595714285714286,1529373083.0
2024-08-30,170.85,170.92,170.77,170.91,64854299.0,AAPL,166.238,170.043,171.61105,166.238,173.17073121542165,159.30526878457835,0.011002661934338853,-0.0038468263682485127,49.75978037062455,-0.31784953063726107,-1.137527618442829,0.8196780878055678,2.5614285714285705,1594227382.0
2024-09-02,170.0,170.5,169.81,170.01,61151145.0,AAPL,166.7205,169.9828,171.42704999999998,166.7205,173.26297812377072,160.17802187622925,-0.00526592943654558,-0.009092498688584305,54.470323065364376,-0.12919324558401968,-0.9358607438710671,0.8066674982870474,2.3228571428571416,1533076237.0
2024-09-03,171.31,171.69,171.03,171.06,97565263.0,AAPL,167.4135,170.11059999999998,171.2673,167.4135,172.47949509630715,162.34750490369285,0.006176107287806598,-0.0029725476481926583,59.48737566947208,0.10384735661537547,-0.7279191237737787,0.8317664803891541,2.304999999999999,1630641500.0
2024-09-04,167.36,167.41,167.24,167.26,69978995.0,AAPL,167.66649999999998,170.16459999999998,171.09169999999997,167.66649999999998,172.10243590671007,163.2305640932899,-0.022214427686192084,-0.025120941889610227,49.38445304256064,-0.017888323788156413,-0.5859129637766542,0.5680246399884978,2.4657142857142844,1560662505.0
2024-09-05,170.75,170.95,170.06,170.09,100227396.0,AAPL,167.922,170.28799999999998,170.9459,167.922,172.2946114081101,163.5493885918899,0.016919765634341832,-0.008626216704554546,61.07892831281681,0.11269355992746455,-0.4461916590358305,0.5588852189632951,2.44142857142857,1660889901.0
2024-09-06,169.71,170.52,169.54,169.57,54333537.0,AAPL,167.96,170.35879999999997,170.822,167.96,172.37807769582366,163.54192230417635,-0.0030572050091128844,-0.011657049600748537,56.62047729022324,0.1722355650046552,-0.3225062142277334,0.4947417792323886,2.324999999999999,1606556364.0
2024-09-09,167.57,169.99,166.45,168.03,43874281.0,AAPL,167.809,170.28740000000002,170.6739,167.809,171.98204583954765,163.63595416045234,-0.009081795128855319,-0.02063297779332296,54.78584729981377,0.09407348277164829,-0.2391902748278571,0.3332637575995054,2.4378571428571427,1562682083.0
2024-09-10,170.9,171.64,170.88,171.25,70551974.0,AAPL,167.98999999999998,170.2098,170.50764999999998,167.98999999999998,172.4354873630183,163.54451263698166,0.01916324465869179,-0.0018651279361219242,61.82758620689658,0.28862941854038127,-0.13362633615420944,0.4222557546945907,2.597857142857141,1633234057.0
2024-09-11,168.99,169.17,168.85,169.13,52181087.0,AAPL,168.1415,170.10559999999998,170.35625,168.1415,172.52183055710324,163.76116944289677,-0.012379562043795644,-0.014221600512912769,54.47014152571626,0.26865324948695957,-0.053170419025975635,0.3218236685129352,2.4885714285714267,1581052970.0
2024-09-12,165.69,165.83,164.7,164.9,67447769.0,AAPL,168.006,169.98519999999996,170.17329999999998,168.006,172.61713709004368,163.39486290995632,-0.02501034707030092,-0.03887626041849057,45.25455688246388,-0.08749506814166352,-0.06003534884911322,-0.027459719292550304,2.694285714285712,1513605201.0
2024-09-13,159.35,160.36,159.21,160.33,90631674.0,AAPL,167.824,169.614,169.979,167.824,173.31018321930722,162.3378167806928,-0.027713765918738642,-0.0655126187561953,40.73550212164076,-0.7300899600940625,-0.19404627109810307,-0.5360436889959594,3.0257142857142845,1422973527.0
2024-09-16,161.25,162.51,160.11,162.12,113721431.0,AAPL,167.62349999999998,169.27380000000002,169.80205,167.62349999999998,173.63801673694286,161.6089832630571,0.011164473273872488,-0.05507955936352771,37.64880952380955,-1.0824353602266399,-0.3717240889238105,-0.7107112713028294,2.943571428571425,1536694958.0
2024-09-17,157.7,158.88,157.23,158.43,109366434.0,AAPL,167.272,168.8578,169.61690000000002,167.272,174.5151037255424,160.0288962744576,-0.022760917838637984,-0.07658681587690408,37.184009406231645,-1.640512977307992,-0.6254818666006468,-1.0150311107073453,3.0278571428571417,1427328524.0
2024-09-18,163.58,163.8,162.92,163.49,83205037.0,AAPL,167.227,168.5436,169.47195,167.227,174.5561662482683,159.8978337517317,0.03193839550590161,-0.04709448038701669,42.522861753630984,-1.655411247359666,-0.8314677427524506,-0.8239435046072154,3.2478571428571428,1510533561.0
2024-09-19,157.5,157.93,156.71,157.41,60129705.0,AAPL,166.77050000000003,168.09380000000002,169.2955,166.77050000000003,175.3162024595018,158.22479754049826,-0.037188818888005404,-0.08253191117328462,33.69565217391306,-2.133232840735104,-1.0918207623489815,-1.0414120783861227,3.59857142857143,1450403856.0
2024-09-20,163.15,164.16,161.91,162.26,96398325.0,AAPL,166.4875,167.74939999999998,169.15739999999997,166.4875,175.2451658149495,157.72983418505052,0.030811257226351474,-0.05426356589147563,41.45534729878721,-2.0963895553086047,-1.2927345209409062,-0.8036550343676985,4.002142857142859,1546802181.0
2024-09-23,163.36,163.48,162.55,162.93,91556185.0,AAPL,166.29,167.45440000000002,169.01774999999998,166.29,175.18743901651766,157.39256098348233,0.004129175397510343,-0.05035845427522556,40.960640426951315,-1.990185960683192,-1.4322248088893634,-0.5579611517938285,3.9692857142857156,1638358366.0
2024-09-24,162.78,162.89,162.68,162.69,37429040.0,AAPL,165.90349999999998,167.1884,168.87744999999998,165.90349999999998,174.71672516986578,157.09027483013418,-0.0014730252255570342,-0.05175730022731517,44.48200917652743,-1.903443133433285,-1.5264684737981478,-0.3769746596351373,3.714285714285716,1600929326.0
2024-09-25,161.83,162.19,160.72,161.15,56460837.0,AAPL,165.6035,166.8926,168.7333,165.6035,174.64362639641598,156.563373603584,-0.009465855307640214,-0.060733228419889485,38.85842472582254,-1.936639572101484,-1.6085026934588151,-0.32813687864266883,3.5914285714285734,1544468489.0
2024-09-26,162.41,163.73,161.47,162.35,81891478.0,AAPL,165.2685,166.65420000000003,168.61035,165.2685,174.26734033464535,156.26965966535462,0.007446478436239357,-0.05373899865944198,41.15196078431372,-1.8448517155355262,-1.6557724978741575,-0.1890792176613687,3.7057142857142855,1626359967.0
2024-09-27,161.4,162.87,160.08,162.29,76198293.0,AAPL,164.8375,166.4582,168.49655,164.8375,173.51876324787855,156.15623675212146,-0.0003695719125346164,-0.0540887101474643,42.700915564598155,-1.7567005263110786,-1.6759581035615418,-0.0807424227495368,3.652142857142855,1550161674.0
2024-09-30,165.62,165.85,164.88,165.56,84351363.0,AAPL,164.615,166.32,168.38625,164.615,172.9596509813185,156.27034901868151,0.020149115780393245,-0.0350294340502445,42.773685547371095,-1.4067621241972006,-1.6221189076886737,0.21535678349147314,3.6485714285714272,1634513037.0
2024-10-01,166.76,167.17,165.47,165.95,78401200.0,AAPL,164.3595,166.2044,168.26914999999997,164.3595,172.16902582966662,156.54997417033337,0.0023556414592895702,-0.03275630937809915,45.77577045696067,-1.0854512721228389,-1.514785380575507,0.42933410845266806,3.598571428571426,1712914237.0
2024-10-02,165.96,166.69,165.86,166.45,24569146.0,AAPL,164.31900000000002,166.0048,168.1709,164.31900000000002,172.0733981408189,156.56460185918112,0.0030129557095510684,-0.029842046977912595,52.28546151577703,-0.781456145601652,-1.3681195335807361,0.5866633879790841,3.3414285714285676,1737483383.0
2024-10-03,164.8,165.7,164.56,165.41,39248072.0,AAPL,164.085,165.9518,168.06555,164.085,171.37466824745232,156.7953317525477,-0.006248122559327052,-0.03590371277030047,58.36076366030281,-0.6173408054998504,-1.217963787964559,0.6006229824647087,3.0699999999999954,1698235311.0
2024-10-04,165.01,165.84,164.91,165.29,117911619.0,AAPL,163.871,165.8294,167.9467,163.871,170.72070041603965,157.02129958396037,-0.0007254700441328144,-0.03660313574634533,55.520724486241704,-0.4912978375511443,-1.0726305978818762,0.5813327603307319,2.964999999999997,1580323692.0
2024-10-07,165.54,166.33,165.12,166.26,39916998.0,AAPL,163.7825,165.6484,167.8608,163.7825,170.44924030661232,157.11575969338767,0.005868473591868817,-0.03094946668998355,65.06348595613693,-0.30956847135144017,-0.920018172575789,0.6104497012243488,2.702142857142854,1620240690.0
2024-10-08,161.19,161.19,161.19,161.19,47543766.0,AAPL,163.2795,165.49579999999997,167.74030000000002,163.2795,169.0288815685753,157.53011843142474,-0.030494406351497583,-0.060500087427874605,45.57692307692306,-0.5681045124046307,-0.8496354405415574,0.2815309281369267,2.6807142857142816,1572696924.0
2024-10-09,157.19,157.33,157.1,157.33,51581057.0,AAPL,162.6895,165.2858,167.61129999999997,162.6895,168.33180813166496,157.04719186833506,-0.023946894968670418,-0.08299819315731438,49.83179142136252,-1.0721073421482572,-0.8941298208628974,-0.17797752128535982,2.488571428571425,1521115867.0
2024-10-10,159.81,160.11,159.14,159.48,38125271.0,AAPL,162.4185,165.1402,167.48335,162.4185,168.13394638400553,156.70305361599446,0.013665543761520293,-0.07046686483651243,43.406072106261846,-1.2832536350567807,-0.9719545837016741,-0.3112990513551066,2.204999999999996,1559241138.0
2024-10-11,160.18,160.44,159.69,160.02,46021607.0,AAPL,162.403,165.08900000000003,167.37055,162.403,168.14391905351124,156.66208094648874,0.003386004514672747,-0.067319461444311,43.05489260143197,-1.3909807461953108,-1.0557598162004014,-0.3352209299949094,2.1864285714285683,1605262745.0
2024-10-14,159.99,160.35,159.12,159.53,41872886.0,AAPL,162.2735,165.0724,167.2847,162.2735,168.15638964084292,156.3906103591571,-0.0030621172353456627,-0.07017543859649389,42.54716981132075,-1.4986190156492114,-1.1443316560901635,-0.3542873595590479,2.2564285714285677,1563389859.0
2024-10-15,159.68,159.69,159.63,159.63,89339517.0,AAPL,162.33350000000002,165.12099999999998,167.22494999999998,162.33350000000002,168.074093312452,156.59290668754804,0.000626841346455187,-0.06959258611645658,46.15384615384612,-1.5578955057837618,-1.227044426028883,-0.3308510797548787,2.1271428571428532,1652729376.0
2024-10-16,161.6,161.65,160.44,160.68,50712798.0,AAPL,162.193,165.09060000000002,167.16944999999998,162.193,167.95193301521257,156.43406698478745,0.006577710956587213,-0.06347263507606482,45.74196838347785,-1.5028227216352548,-1.2822000851501576,-0.22062263648509717,2.087142857142855,1703442174.0
2024-10-17,158.93,159.22,158.62,159.17,54139374.0,AAPL,162.281,164.97439999999997,167.10209999999998,162.281,167.78012490646134,156.78187509353867,-0.00939756036843431,-0.07227370752462825,42.59259259259259,-1.5630041845201958,-1.3383609050241654,-0.22464327949603047,2.034999999999999,1649302800.0
2024-10-18,156.89,157.01,156.76,156.99,21420654.0,AAPL,162.01749999999998,164.738,167.03764999999999,162.01749999999998,168.00428149188693,156.03071850811304,-0.013696048250298243,-0.08497989158944119,28.542814221331994,-1.7662460237090158,-1.4239379287611356,-0.3423080949478803,1.952857142857141,1627882146.0
2024-10-21,157.49,157.63,157.34,157.59,64160167.0,AAPL,161.75050000000002,164.46880000000002,166.9662,161.75050000000002,168.03484470896325,155.46615529103678,0.003821899484043545,-0.08148277670921744,29.286422200198217,-1.8574896752249401,-1.5106482780538966,-0.34684139717104356,1.8771428571428552,1692042313.0
2024-10-22,155.96,156.16,154.82,154.86,82219314.0,AAPL,161.359,164.2134,166.90655000000004,161.359,168.33448458984606,154.38351541015396,-0.017323434228060042,-0.0973946494142357,24.14100847835789,-2.1255866708544886,-1.633635956614015,-0.49195071424047354,2.0157142857142856,1609822999.0
2024-10-23,156.0,156.11,155.94,156.04,82232362.0,AAPL,161.1035,164.01219999999998,166.85355000000004,161.1035,168.4743537675889,153.7326462324111,0.007619785612811514,-0.09051699014979564,29.223946784922347,-2.217279910497581,-1.7503647473907282,-0.46691516310685266,1.9700000000000009,1692055361.0
2024-10-24,151.28,151.37,151.2,151.31,28355425.0,AAPL,160.5515,163.68619999999999,166.7948,160.5515,169.09032593926557,152.01267406073444,-0.030312740322994025,-0.11808591245555988,24.26362297496314,-2.6411731334601427,-1.9285264246046112,-0.7126467088555315,2.249285714285715,1663699936.0
2024-10-25,154.44,155.1,153.94,154.16,76201142.0,AAPL,160.145,163.49,166.75959999999998,160.145,169.09931563108398,151.19068436891604,0.018835503271429577,-0.10147461677449676,29.16666666666663,-2.71583394195261,-2.085987928074211,-0.629846013878399,2.4335714285714283,1739901078.0
2024-10-28,155.33,155.66,154.65,155.51,35806167.0,AAPL,159.6425,163.2776,166.73024999999998,159.6425,168.44399239737643,150.8410076026236,0.00875713544369483,-0.09360610829399318,38.78357030015793,-2.635686895136729,-2.1959277214867146,-0.4397591736500144,2.1785714285714284,1775707245.0
2024-10-29,156.69,157.15,155.75,156.28,88590041.0,AAPL,159.159,163.09400000000002,166.71699999999998,159.159,167.55462768413113,150.76337231586885,0.004951450067519847,-0.08911814419770592,47.638326585694976,-2.4814328055215924,-2.25302873829369,-0.22840406722790219,2.0035714285714294,1864297286.0
2024-10-30,159.58,160.49,158.94,159.09,104053071.0,AAPL,158.791,162.988,166.72305,158.791,166.45429295716872,151.12770704283128,0.01798054773483493,-0.07273998950865779,49.14809960681524,-2.108140481116294,-2.224051086858211,0.11591060574191703,2.105714285714287,1968350357.0
2024-10-31,163.0,164.47,160.9,163.91,41068472.0,AAPL,158.71599999999998,162.93540000000002,166.73864999999998,158.71599999999998,166.13190438818893,151.30009561181103,0.030297315984662676,-0.04464649997086001,57.15863084284136,-1.4071491673387584,-2.0606707029543205,0.6535215356155621,2.4214285714285717,2009418829.0
2024-11-01,167.17,167.63,166.22,166.95,91101806.0,AAPL,158.799,162.916,166.7776,158.799,166.5541039899385,151.0438960100615,0.018546763467756744,-0.026927784577726044,62.48317631224764,-0.5993964381131889,-1.7684158499860942,1.1690194118729054,2.5992857142857155,2100520635.0
2024-11-04,161.48,161.55,161.44,161.47,108546190.0,AAPL,158.5595,162.8078,166.7769,158.5595,165.60810262373982,151.5108973762602,-0.03282419886193466,-0.058868100483770114,52.621082621082635,-0.39686200424000617,-1.4941050808368768,1.0972430765968706,2.981428571428572,1991974445.0
2024-11-05,157.16,157.91,157.11,157.8,46041882.0,AAPL,158.39000000000001,162.5554,166.77405,158.39000000000001,165.33453211640733,151.4454678835927,-0.02272868025020125,-0.08025878650113905,46.182396606574756,-0.5264220688209491,-1.3005684784336913,0.7741464096127422,3.1485714285714272,1945932563.0
2024-11-06,155.94,156.38,155.75,156.07,103271107.0,AAPL,158.327,162.3338,166.75474999999997,158.327,165.33459617918655,151.31940382081345,-0.010963244613434897,-0.09034213440578454,45.914602003162884,-0.7599358280359922,-1.1924419483541515,0.43250612031815927,3.1478571428571422,1842661456.0
2024-11-07,156.99,157.21,155.25,156.19,25914063.0,AAPL,158.1625,162.07659999999998,166.7151,158.1625,165.21047955370878,151.1145204462912,0.0007688857563914464,-0.08964271142973967,48.88517279821625,-0.9246553165601767,-1.1388846219953566,0.21422930543517982,3.115714285714286,1868575519.0
2024-11-08,158.82,159.78,156.11,157.69,47308991.0,AAPL,158.046,161.81220000000002,166.71920000000003,158.046,165.04153361269454,151.05046638730545,0.00960368781612142,-0.08089992422918013,50.13594344752582,-0.9235135447023595,-1.0958104065367573,0.17229686183439785,3.3321428571428577,1915884510.0
2024-11-11,156.95,157.32,154.29,155.68,78823133.0,AAPL,157.8535,161.5256,166.72425000000004,157.8535,164.88886412853495,150.81813587146505,-0.012746527997970603,-0.09261525907792978,51.136993899057124,-1.0724365035636083,-1.0911356259421277,0.01869912237851934,3.3771428571428572,1837061377.0
2024-11-12,156.14,156.41,155.99,156.25,67463403.0,AAPL,157.68449999999999,161.2294,166.72390000000004,157.68449999999999,164.70254733676512,150.66645266323485,0.0036613566289824817,-0.08929299994171724,50.29619181946405,-1.1314224513487545,-1.099192991023453,-0.032229460325301496,3.3399999999999994,1904524780.0
2024-11-13,154.27,154.37,153.84,154.17,48834717.0,AAPL,157.35899999999998,160.9676,166.71575,157.35899999999998,164.39591589143862,150.32208410856134,-0.013312000000000102,-0.10141633152649321,54.35975609756096,-1.3306687357804208,-1.1454881399748467,-0.1851805958055741,3.1664285714285705,1855690063.0
2024-11-14,152.6,152.63,152.48,152.52,49754050.0,AAPL,157.0265,160.61620000000002,166.69389999999999,157.0265,164.32662912647316,149.72637087352683,-0.010702471297917682,-0.1110333974471085,47.40506329113926,-1.603232990126827,-1.2370371100052429,-0.3661958801215841,3.0164285714285706,1805936013.0
2024-11-15,147.4,149.68,146.49,148.7,61516245.0,AAPL,156.61200000000002,160.1988,166.66125,156.61200000000002,164.80737122244676,148.41662877755329,-0.025045895620246617,-0.1332983621845335,40.005870267097144,-2.1032393661517688,-1.4102775612345482,-0.6929618049172206,3.3399999999999994,1744419768.0
2024-11-18,146.26,146.29,146.08,146.28,26962544.0,AAPL,156.04649999999998,159.7638,166.61505,156.04649999999998,165.43212680519207,146.6608731948079,-0.016274377942165352,-0.14740339220143617,36.00223964165732,-2.6640621466140146,-1.6610344783104416,-1.003027668303573,3.4099999999999966,1717457224.0
2024-11-19,142.82,143.02,142.6,142.76,109004885.0,AAPL,155.4415,159.194,166.5532,155.4415,166.5508157210288,144.33218427897117,-0.024063439978124213,-0.16791979949874924,27.587153444962908,-3.353891252142944,-1.9996058330769422,-1.3542854190660016,3.3721428571428538,1608452339.0
2024-11-20,140.3,140.34,140.11,140.3,105431409.0,AAPL,154.65449999999998,158.6174,166.46255000000002,154.65449999999998,167.65449753036506,141.6545024696349,-0.01723171756794606,-0.18225797050766668,15.35074845905487,-4.0523739843705755,-2.410159463335669,-1.6422145210349064,3.177142857142852,1503020930.0
2024-11-21,142.56,144.2,141.95,143.0,102504696.0,AAPL,154.23899999999998,158.17940000000002,166.38150000000002,154.23899999999998,168.18580555766022,140.29219444233973,0.01924447612259428,-0.16652095354665963,14.497479988141095,-4.338052774755511,-2.7957381256196374,-1.5423146491358732,3.1899999999999937,1605525626.0
2024-11-22,140.93,141.21,140.13,140.6,70723318.0,AAPL,153.561,157.7848,166.2834,153.561,168.78398110372063,138.33801889627938,-0.016783216783216814,-0.18050941306755486,15.95432300163128,-4.703891681470111,-3.177368836789732,-1.526522844680379,3.001428571428566,1534802308.0
2024-11-25,147.49,147.69,147.27,147.3,108512123.0,AAPL,153.1505,157.4884,166.2245,153.1505,168.59338148050998,137.70761851949,0.04765291607396893,-0.14145829690505551,34.412114014251785,-4.40243906785372,-3.42238288300253,-0.9800561848511902,3.196428571428567,1643314431.0
2024-11-26,148.08,148.92,147.63,148.66,46860336.0,AAPL,152.7695,157.293,166.17914999999996,152.7695,168.26319919473292,137.27580080526707,0.00923285811269503,-0.13353150317654838,38.877214049834876,-4.007597970942243,-3.539425900590473,-0.4681720703517698,3.1657142857142793,1690174767.0
2024-11-27,149.38,151.49,149.02,149.19,94736203.0,AAPL,152.2745,157.007,166.14235,152.2745,167.54899539178658,137.0000046082134,0.0035651822951701106,-0.13044238503235073,39.62040332147092,-3.6102996987644076,-3.55360066022526,-0.056699038539147484,3.2278571428571365,1784910970.0
2024-11-28,146.93,146.95,146.93,146.93,99316278.0,AAPL,151.4255,156.7974,166.08845000000002,151.4255,165.84030448778543,137.01069551221457,-0.015148468396005033,-0.14361485108119365,34.39675174013921,-3.438168007471063,-3.5305141296744207,0.0923461222033577,3.127142857142851,1685594692.0
2024-11-29,149.02,150.51,148.69,148.83,66876471.0,AAPL,150.5195,156.5288,166.0498,150.5195,162.96978932236325,138.06921067763673,0.012931327843190621,-0.13254065396048498,40.034914169333724,-3.1125586424124947,-3.4469230322220357,0.334364389809541,3.1399999999999926,1752471163.0
2024-12-02,148.54,149.28,147.04,147.33,54904771.0,AAPL,149.8125,156.2168,165.9993,149.8125,161.2055595216204,138.4194404783796,-0.01007861318282599,-0.1412834411610444,37.36543909348443,-2.9416389559146126,-3.345866216960551,0.4042272610459383,3.2478571428571366,1697566392.0
2024-12-03,147.94,148.0,147.41,147.7,31808606.0,AAPL,149.30749999999998,155.917,165.921,149.30749999999998,160.08877592292964,138.5262240770703,0.002511369035498312,-0.1391268869849066,40.369157487347415,-2.7446889000440535,-3.225630753577252,0.4809418535331984,3.1235714285714216,1729374998.0
2024-12-04,154.61,154.95,154.34,154.55,90843806.0,AAPL,149.2315,155.785,165.86390000000003,149.2315,159.8319712407677,138.63102875923232,0.04637779282329069,-0.0992014921023513,52.61665377674659,-2.0126660482930845,-2.9830378125204184,0.970371764227334,3.5207142857142792,1820218804.0
2024-12-05,154.56,154.82,154.21,154.33,28429241.0,AAPL,149.1385,155.62460000000002,165.81035,149.1385,159.51213515436206,138.76486484563793,-0.001423487544483959,-0.10048376755843336,57.999431656720695,-1.433757363322485,-2.673181722680832,1.2394243593583472,3.133571428571421,1791789563.0
2024-12-06,158.33,158.75,157.41,157.57,79977558.0,AAPL,149.1325,155.5302,165.7549,149.1325,159.48542763069185,138.77957236930814,0.020993973951921152,-0.08159934720522488,65.67620105526242,-0.7053957740911017,-2.2796245329628864,1.5742287588717847,3.2621428571428503,1871767121.0
2024-12-09,155.45,155.71,155.42,155.62,29440501.0,AAPL,149.1295,155.3314,165.69565,149.1295,159.47447075878068,138.78452924121933,-0.012375452179983482,-0.09296497056595221,68.6701509872242,-0.28225896458971533,-1.8801514192882522,1.597892454698537,3.152857142857136,1842326620.0
2024-12-10,154.95,155.77,154.57,155.57,63821206.0,AAPL,149.09550000000002,155.1238,165.6666,149.09550000000002,159.3459725950114,138.84502740498863,-0.00032129546330816883,-0.09325639680597098,73.8370277864502,0.04848650114030306,-1.4944238352025412,1.5429103363428442,3.04928571428571,1778505414.0
2024-12-11,159.95,161.25,159.84,160.58,33294235.0,AAPL,149.416,155.00639999999999,165.67700000000002,149.416,160.6847895020775,138.1472104979225,0.03220415247155639,-0.06405548755610202,75.59697146185209,0.7067231309727617,-1.0541944419674807,1.7609175729402424,3.1764285714285694,1811799649.0
2024-12-12,158.75,158.88,158.64,158.81,74182052.0,AAPL,149.7305,154.8744,165.705,149.7305,161.69374102363153,137.76725897636848,-0.01102254328060781,-0.07437197645276228,77.00978938000594,1.0731851841922548,-0.6287185167355336,1.7019037009277884,3.1099999999999994,1737617597.0
2024-12-13,164.13,164.16,164.02,164.04,61347022.0,AAPL,150.4975,154.8494,165.7638,150.4975,164.0446882885838,136.9503117114162,0.032932434985202486,-0.04388879174681137,75.96153846153845,1.7652772750714405,-0.14991935837413872,1.9151966334455792,2.9857142857142844,1798964619.0
2024-12-16,165.45,166.35,164.78,166.18,31811984.0,AAPL,151.4925,154.8478,165.8328,151.4925,166.57195953938754,136.41304046061248,0.013045598634479516,-0.03141574867401298,76.52937613567535,2.4581097989787963,0.3716864730964483,2.086423325882348,3.0350000000000006,1830776603.0
2024-12-17,164.99,165.24,163.9,164.55,22821105.0,AAPL,152.582,154.91500000000002,165.87045,152.582,168.14582120580744,137.01817879419255,-0.009808641232398552,-0.040916244098620935,72.50879249706918,2.842886166154358,0.8659264117080303,1.9769597544463275,2.9957142857142856,1807955498.0
2024-12-18,166.29,166.69,166.21,166.47,80592460.0,AAPL,153.89050000000003,155.09779999999998,165.91279999999998,153.89050000000003,169.50688879342448,138.27411120657558,0.011668185961713595,-0.029725476481904933,78.92243931320306,3.265113961905513,1.345763921747527,1.919350040157986,2.9871428571428567,1888547958.0
2024-12-19,169.1,169.49,169.03,169.43,111545644.0,AAPL,155.21200000000002,155.2968,165.97285,155.21200000000002,171.41034897369818,139.01365102630186,0.017780981558238818,-0.012473043072800727,79.56371986222732,3.79483529519311,1.8355781964366438,1.9592570987564661,2.9471428571428584,2000093602.0
2024-12-20,171.02,172.35,170.39,171.38,42232465.0,AAPL,156.75100000000003,155.524,166.03065000000004,156.75100000000003,172.95274896342085,140.54925103657922,0.011509177831552808,-0.0011074197120733986,84.07480872768488,4.322168701099997,2.332896297369315,1.9892724037306824,2.9957142857142856,2042326067.0
2024-12-23,165.89,166.62,165.7,166.59,103417293.0,AAPL,157.7155,155.6652,166.0961,157.7155,173.8448357777561,141.5861642222439,-0.02794958571595285,-0.029026053505860072,73.78494082095192,4.3039579085643425,2.7271086196083205,1.576849288956022,3.35357142857143,1938908774.0
2024-12-24,164.27,165.55,163.72,164.46,37485885.0,AAPL,158.5055,155.7618,166.14739999999998,158.5055,174.3118457942829,142.69915420571712,-0.012785881505492536,-0.04144081133065458,64.16118891111746,4.070727710326281,2.9958324377519125,1.0748952725743686,3.0407142857142873,1901422889.0
2024-12-25,163.89,164.18,163.49,163.77,76650147.0,AAPL,159.2345,155.8236,166.1843,159.2345,174.56970404683022,143.89929595316977,-0.004195549069682558,-0.04546249344291187,63.31077270163565,3.7865647036118446,3.153978890923899,0.6325858126879456,3.066428571428574,1824772742.0
2024-12-26,163.61,163.62,163.6,163.6,91336803.0,AAPL,160.068,155.9122,166.24095,160.068,174.36421017134197,145.77178982865806,-0.001038041155278835,-0.04645334265897538,59.30842852732325,3.507216881216067,3.2246264889823326,0.2825903922337343,2.7628571428571473,1733435939.0
2024-12-27,165.36,165.52,164.54,165.48,39374098.0,AAPL,160.90050000000002,156.082,166.2911,160.90050000000002,174.35567857653103,147.445321423469,0.011491442542787222,-0.03549571603427415,65.25371287128709,3.3983578536271466,3.2593727619112958,0.13898509171585083,2.7464285714285768,1772810037.0
2024-12-30,167.92,169.56,165.7,166.06,32353900.0,AAPL,161.83700000000002,156.25140000000002,166.33915000000002,161.83700000000002,173.84462932910935,149.82937067089068,0.0035049552816051044,-0.03211517165005773,65.96651445966515,3.320609523138671,3.271620114156771,0.04898940898190007,2.9521428571428623,1805163937.0
2024-12-31,161.93,162.51,161.92,162.12,79727147.0,AAPL,162.55800000000002,156.3966,166.37314999999998,162.55800000000002,172.55482602261034,152.5611739773897,-0.023726363964831965,-0.055079559363527375,52.422907488986766,2.9075518907258697,3.198806469470591,-0.2912545787447214,2.842142857142863,1725436790.0
