Date,Open,High,Low,Close,Volume,Ticker,MA20,MA50,MA200,BB_mid,BB_upper,BB_lower,Daily_Return,Cumulative_Return,RSI,MACD,Signal,MACD_Hist,ATR,OBV
2022-01-03,184.98,185.25,183.26,185.14,73894246.0,AMZN,,,,,,,,,,0.0,0.0,0.0,,0.0
2022-01-04,186.0,186.55,185.77,186.24,58586789.0,AMZN,,,,,,,0.005941449713730229,0.005941449713730229,,0.08774928774926138,0.017549857549852277,0.07019943019940911,,58586789.0
2022-01-05,184.59,184.82,184.4,184.66,112626090.0,AMZN,,,,,,,-0.008483676975945098,-0.002592632602354983,,0.029458851794998964,0.019931656398881614,0.00952719539611735,,-54039301.0
2022-01-06,183.17,184.42,182.22,183.87,111368754.0,AMZN,,,,,,,-0.0042781327845770045,-0.006859673760397533,,-0.07956594961410701,3.213519628388756e-05,-0.0795980848103909,,-165408055.0
2022-01-07,178.93,179.09,178.71,178.76,29203808.0,AMZN,,,,,,,-0.027791374340566777,-0.03446040833963493,,-0.5717128344832076,-0.11431685873961442,-0.45739597574359325,,-194611863.0
2022-01-10,168.56,168.66,168.53,168.58,68977461.0,AMZN,,,,,,,-0.05694786305661215,-0.08944582478124663,,-1.7628625267939526,-0.44402599235048207,-1.3188365344434705,,-263589324.0
2022-01-11,169.12,169.74,168.99,169.69,33894215.0,AMZN,,,,,,,0.006584410962154452,-0.0834503618883008,,-2.587462855222043,-0.8727133649247942,-1.7147494902972487,,-229695109.0
2022-01-12,166.81,167.12,166.0,166.46,88790275.0,AMZN,,,,,,,-0.019034710354175255,-0.10089661877498113,,-3.4616943050706084,-1.390509552953957,-2.0711847521166513,,-318485384.0
2022-01-13,167.81,168.07,167.12,167.94,21290667.0,AMZN,,,,,,,0.008891024870839814,-0.09290266825105331,,-3.9891212893671195,-1.9102319002365897,-2.07888938913053,,-297194717.0
2022-01-14,171.3,171.64,170.64,171.43,45865061.0,AMZN,,,,,,,0.020781231392163813,-0.0740520687047641,,-4.078482929036824,-2.3438821059966366,-1.734600823040187,,-251329656.0
2022-01-17,172.5,173.55,170.71,171.4,51676161.0,AMZN,,,,,,,-0.0001749985416787947,-0.07421410824241126,,-4.104410334145143,-2.6959877516263377,-1.4084225825188055,,-303005817.0
2022-01-18,172.42,172.53,172.25,172.42,89703469.0,AMZN,,,,,,,0.005950991831971786,-0.0687047639624071,,-3.9965823998665257,-2.9561066812743757,-1.04047571859215,,-213302348.0
2022-01-19,167.38,167.45,166.12,166.86,63109904.0,AMZN,,,,,,,-0.03224683911379178,-0.0987360916063521,,-4.310089489535841,-3.226903242926669,-1.0831862466091717,,-276412252.0
2022-01-20,169.7,170.25,168.92,169.84,96537211.0,AMZN,,,,,,,0.017859283231451473,-0.08264016420006504,,-4.2688760755783335,-3.435297809457002,-0.8335782661213313,3.349285714285711,-179875041.0
2022-01-21,163.35,163.59,163.1,163.33,78201671.0,AMZN,,,,,,,-0.03833019312293917,-0.11780274386950429,25.311297260584098,-4.707254442699053,-3.6896891361054127,-1.0175653065936405,3.6885714285714255,-258076712.0
2022-01-24,162.41,163.4,161.3,161.59,28276738.0,AMZN,,,,,,,-0.010653278638339647,-0.1272010370530412,22.49497879937509,-5.135872770868275,-3.9789258630579853,-1.1569469078102896,3.7378571428571377,-286353450.0
2022-01-25,158.51,158.67,157.82,158.03,70587116.0,AMZN,,,,,,,-0.022031066278853872,-0.14642972885384054,21.543064757426748,-5.697144990706079,-4.322569688587604,-1.3745753021184743,3.875714285714281,-356940566.0
2022-01-26,157.76,158.53,157.62,158.15,64654154.0,AMZN,,,,,,,0.0007593494906030784,-0.14578157070325182,22.11621856027749,-6.06239080407525,-4.670533911685133,-1.3918568923901162,3.7664285714285666,-292286412.0
2022-01-27,157.72,157.8,157.72,157.76,107452529.0,AMZN,,,,,,,-0.00246601327853313,-0.14788808469266534,24.637681159420254,-6.310576090286673,-4.998542347405442,-1.3120337428812316,3.4285714285714244,-399738941.0
2022-01-28,152.88,154.28,152.4,152.42,99105331.0,AMZN,169.7285,,,169.7285,189.58027523547952,149.87672476452047,-0.03384888438133882,-0.17673112239386446,27.8993435448577,-6.859090760790934,-5.370652030082541,-1.4884387307083937,3.0807142857142815,-498844272.0
2022-01-31,148.92,151.26,148.23,150.42,113844248.0,AMZN,167.9925,,,167.9925,188.23820948698952,147.7467905130105,-0.013121637580369994,-0.18753375823701013,24.272363150867776,-7.370216605080117,-5.770564945082056,-1.5996516599980604,3.2971428571428527,-612688520.0
2022-02-01,145.87,145.89,145.8,145.84,24518262.0,AMZN,165.9725,,,165.9725,186.61035777846644,145.33464222153356,-0.030448078712936977,-0.21227179431781373,23.427835051546353,-8.052036379322885,-6.226859231930222,-1.8251771473926635,3.3635714285714227,-637206782.0
2022-02-02,143.92,143.95,143.85,143.85,118729431.0,AMZN,163.932,,,163.932,184.8581112136563,143.0058887863437,-0.013645090510148172,-0.2230204169817438,19.358941745102996,-8.65321100154361,-6.7121295858528995,-1.9410814156907108,3.3907142857142816,-755936213.0
2022-02-03,144.98,145.14,144.8,144.93,45178000.0,AMZN,161.985,,,161.985,182.33856479833437,141.63143520166565,0.007507820646506902,-0.217186993626445,14.092140921409182,-8.939450822354218,-7.157593833153163,-1.7818569892010547,3.218571428571425,-710758213.0
2022-02-04,140.55,141.26,140.03,140.05,94802315.0,AMZN,160.0495,,,160.0495,181.03867763740953,139.06032236259045,-0.03367142758573105,-0.24354542508372057,12.455089820359262,-9.451126456067897,-7.61630035773611,-1.8348260983317868,3.365714285714282,-805560528.0
2022-02-07,144.97,145.28,144.65,145.22,62951618.0,AMZN,158.88150000000002,,,158.88150000000002,180.46342057694287,137.29957942305717,0.03691538736165656,-0.21562061142918887,20.370370370370367,-9.331885126857003,-7.959417311560289,-1.372467815296714,3.6585714285714244,-742608910.0
2022-02-08,143.89,144.07,143.25,143.66,113363001.0,AMZN,157.57999999999998,,,157.57999999999998,179.55340018725977,135.6065998127402,-0.010742321994215653,-0.22404666738684254,22.315035799522647,-9.256560608223339,-8.2188459708929,-1.0377146373304384,3.349285714285711,-855971911.0
2022-02-09,145.82,145.83,145.77,145.81,110703928.0,AMZN,156.54749999999999,,,156.54749999999999,178.70388852862922,134.39111147137075,0.014965891688709432,-0.21243383385546089,20.745069393718055,-8.920547830282743,-8.359186342770869,-0.5613614875118742,3.262142857142856,-745267983.0
2022-02-10,152.43,153.26,152.18,153.05,99639054.0,AMZN,155.803,,,155.803,177.33955018066274,134.26644981933725,0.04965365887113382,-0.17332829210327327,37.70334928229666,-7.978081433545441,-8.282965360925783,0.30488392738034165,3.3128571428571405,-645628929.0
2022-02-11,146.92,147.74,146.02,147.51,108574652.0,AMZN,154.607,,,154.607,175.1220605525228,134.0919394474772,-0.036197321136883454,-0.20325159338878696,34.56140350877193,-7.590700849964435,-8.144512458733512,0.5538116087690774,3.6649999999999983,-754203581.0
2022-02-14,146.0,146.07,145.91,146.0,40746691.0,AMZN,153.337,,,153.337,172.58025839571363,134.09374160428635,-0.010236594129211518,-0.21140758345036192,36.1882893226177,-7.321149670805909,-7.979839901147992,0.6586902303420832,3.509999999999997,-794950272.0
2022-02-15,145.08,145.2,144.97,145.06,112977131.0,AMZN,151.969,,,151.969,169.29472519937343,134.64327480062656,-0.006438356164383596,-0.21648482229664046,35.249042145593876,-7.101516699433233,-7.8041752608050405,0.7026585613718073,3.518571428571426,-907927403.0
2022-02-16,140.88,142.63,140.75,142.12,47522569.0,AMZN,150.73200000000003,,,150.73200000000003,167.08672646957845,134.3772735304216,-0.020267475527367962,-0.23236469698606466,33.33333333333336,-7.083040534404091,-7.659948315524851,0.5769077811207595,3.7957142857142827,-955449972.0
2022-02-17,145.81,145.82,145.49,145.62,41784568.0,AMZN,149.52100000000002,,,149.52100000000002,163.3027772897094,135.73922271029062,0.024627075710667024,-0.21346008426055962,42.45785270629993,-6.708644216681506,-7.469687495756182,0.7610432790746762,3.6771428571428544,-913665404.0
2022-02-18,146.39,146.88,144.64,145.04,48146604.0,AMZN,148.6065,,,148.6065,160.87427769091352,136.3387223090865,-0.003982969372338996,-0.2165928486550719,43.838754008245544,-6.385129788646083,-7.252775954334163,0.8676461656880807,3.537857142857141,-961812008.0
2022-02-21,149.05,149.22,149.01,149.15,69119839.0,AMZN,147.9845,,,147.9845,158.6354569127795,137.3335430872205,0.028337010479867697,-0.19439343199740733,53.83190553368835,-5.731035808975662,-6.948427925262464,1.2173921162868018,3.5064285714285717,-892692169.0
2022-02-22,147.24,147.51,146.88,147.36,62684996.0,AMZN,147.451,,,147.451,156.99468548473646,137.90731451526352,-0.012001340931947602,-0.20406179107702271,54.08234473133289,-5.296050089188526,-6.617952358047676,1.3219022688591497,3.5264285714285717,-955377165.0
2022-02-23,146.65,148.61,145.97,148.54,77810143.0,AMZN,146.97050000000002,,,146.97050000000002,155.1105749382294,138.83042506177063,0.008007600434310369,-0.19768823592956686,54.18890693896495,-4.80076441027623,-6.254514768493387,1.4537503582171567,3.622857142857145,-877567022.0
2022-02-24,147.35,147.56,147.05,147.13,71848375.0,AMZN,146.439,,,146.439,152.80835392906332,140.06964607093667,-0.009492392621516021,-0.20530409419898454,58.9348813730439,-4.470489141495676,-5.897709643093845,1.4272205015981685,3.3792857142857144,-949415397.0
2022-02-25,146.03,146.11,145.68,145.79,37382022.0,AMZN,146.1075,,,146.1075,151.82270916410445,140.39229083589552,-0.00910759192550803,-0.2125418602138922,50.796311818943835,-4.267675308217491,-5.571702776118574,1.3040274679010828,3.1092857142857144,-986797419.0
2022-02-28,146.28,146.6,146.07,146.55,70980744.0,AMZN,145.914,,,145.914,151.26487754730994,140.56312245269004,0.005212977570478117,-0.2084368585934968,54.129751357530736,-3.9995143242164204,-5.257265085738144,1.2577507615217236,3.0264285714285717,-915816675.0
2022-03-01,149.01,149.57,148.18,148.45,44402397.0,AMZN,146.04450000000003,,,146.04450000000003,151.51377677312485,140.5752232268752,0.012964858410098756,-0.19817435454250854,53.799654576856625,-3.5922712247943025,-4.924266313549376,1.3319950887550736,3.087142857142855,-871414278.0
2022-03-02,144.67,145.86,144.47,145.69,74885562.0,AMZN,146.1365,,,146.1365,151.51143706205409,140.76156293794594,-0.01859211855843712,-0.2130819920060496,37.83873099801717,-3.4524394947650876,-4.6299009497925185,1.177461455027431,2.839285714285712,-946299840.0
2022-03-03,143.27,143.34,142.71,143.02,68385044.0,AMZN,146.041,,,146.041,151.57180902048177,140.51019097951823,-0.018326583842405042,-0.2275035108566491,41.80357794815629,-3.5165321336907596,-4.407227186572166,0.8906950528814068,2.549999999999997,-1014684884.0
2022-03-04,140.7,141.35,140.61,140.98,119573465.0,AMZN,146.0875,,,146.0875,151.41824844157537,140.75675155842464,-0.014263739337155745,-0.23852219941665787,41.0100286532951,-3.689407766653119,-4.263663302588357,0.5742555359352384,2.60785714285714,-1134258349.0
2022-03-07,141.41,141.73,138.96,140.56,45108230.0,AMZN,145.8545,,,145.8545,151.72494506516736,139.98405493483264,-0.002979145978152853,-0.24079075294371843,41.7883211678832,-3.8163113791831336,-4.1741929179073125,0.35788153872417894,2.732142857142853,-1179366579.0
2022-03-08,136.07,136.57,135.77,136.22,114451429.0,AMZN,145.48250000000002,,,145.48250000000002,152.72179590935113,138.2432040906489,-0.030876494023904355,-0.2642324727233446,39.75694444444443,-4.218457384678942,-4.183045811261639,-0.03541157341730283,2.7664285714285666,-1293818008.0
2022-03-09,135.45,135.58,135.37,135.43,56686237.0,AMZN,144.9635,,,144.9635,153.47965746065833,136.4473425393417,-0.005799442078989858,-0.26849951388138715,30.47144499808354,-4.548475395996974,-4.256131728208706,-0.29234366778826804,2.5628571428571383,-1350504245.0
2022-03-10,138.84,138.84,138.82,138.83,55245534.0,AMZN,144.2525,,,144.2525,152.28678672365405,136.21821327634595,0.025105220409067375,-0.2501350329480394,39.259771705292316,-4.483976967303164,-4.301700776027597,-0.18227619127556682,2.646428571428566,-1295258711.0
2022-03-11,134.99,135.5,133.92,134.76,113155908.0,AMZN,143.615,154.5442,,143.615,152.5354613994421,134.6945386005579,-0.02931643016639074,-0.2721183968888411,25.077935573259396,-4.7070169224028575,-4.382764005302649,-0.32425291710020865,2.6985714285714244,-1408414619.0
2022-03-14,134.38,134.76,133.9,134.05,100747318.0,AMZN,143.0175,153.5224,,143.0175,152.82233634689854,133.2126636531015,-0.005268625704956786,-0.2759533326131577,26.05253688377111,-4.884760284120233,-4.483163261066165,-0.40159702305406775,2.597857142857137,-1509161937.0
2022-03-15,138.92,139.47,138.6,139.28,95600697.0,AMZN,142.7285,152.5832,,142.7285,152.62019832685277,132.83680167314722,0.039015292801193535,-0.24770443988333168,35.45854271356784,-4.551143142626785,-4.496759237378289,-0.054383905248495346,2.7964285714285637,-1413561240.0
2022-03-16,138.47,138.8,137.23,137.49,118568853.0,AMZN,142.497,151.6398,,142.497,152.6616116761195,132.33238832388054,-0.012851809304997075,-0.25737279896294707,35.04034761018002,-4.380689334988034,-4.4735452569002385,0.09285592191220449,2.836428571428566,-1532130093.0
2022-03-17,134.79,134.83,134.77,134.77,26992842.0,AMZN,141.9545,150.6578,,141.9545,152.5656569387572,131.3433430612428,-0.019783256964142848,-0.27206438370962527,33.601190476190496,-4.414200575897979,-4.461676320699787,0.04747574480180816,2.927142857142852,-1559122935.0
2022-03-18,135.39,135.62,135.35,135.6,63343806.0,AMZN,141.48250000000002,149.7946,,141.48250000000002,152.352427371083,130.61257262891704,0.006158640647028202,-0.26758128983471985,33.73923373923368,-4.323940715347106,-4.434129199629251,0.110188484282145,2.929999999999995,-1495779129.0
2022-03-21,135.94,136.57,134.89,135.62,62144489.0,AMZN,140.80599999999998,149.1354,,140.80599999999998,151.34578008359344,130.26621991640653,0.00014749262536883911,-0.2674732634762883,29.820698332809073,-4.20235318112239,-4.387773995927879,0.18542081480548855,2.8342857142857105,-1433634640.0
2022-03-22,137.26,138.6,136.09,138.19,61669880.0,AMZN,140.3475,148.5054,,140.3475,150.47663645199552,130.21836354800448,0.018950007373543576,-0.2535918764178462,38.132911392405056,-3.854187982728405,-4.281056793287984,0.42686881055957926,2.7628571428571393,-1371964760.0
2022-03-23,133.28,133.61,133.07,133.39,33099493.0,AMZN,139.58999999999997,147.84400000000002,,139.58999999999997,149.4004219556222,129.77957804437776,-0.034734785440335814,-0.2795182024413959,35.72487399940702,-3.9203925938701047,-4.208923953404408,0.28853135953430353,2.9157142857142833,-1405064253.0
2022-03-24,133.5,133.72,133.48,133.58,73742935.0,AMZN,138.9125,147.1568,,138.9125,148.39654949042483,129.42845050957516,0.0014243946322813894,-0.27849195203629695,38.39397741530743,-3.9124287696207887,-4.149624916647685,0.2371961470268964,2.7671428571428556,-1331321318.0
2022-03-25,134.05,136.02,133.14,133.92,31459643.0,AMZN,138.31900000000002,146.4066,,138.31900000000002,147.47069676531055,129.16730323468948,0.0025452912112589043,-0.27665550394296234,39.55974842767293,-3.834480716210379,-4.086596076560224,0.25211536034984494,2.7750000000000017,-1299861675.0
2022-03-28,133.6,133.81,133.47,133.68,39968147.0,AMZN,137.6755,145.6522,,137.6755,146.17712207432916,129.17387792567084,-0.0017921146953403522,-0.27795182024413967,45.41516245487365,-3.7488578171998768,-4.019048424688155,0.27019060748827783,2.465000000000001,-1339829822.0
2022-03-29,131.49,131.71,131.3,131.6,103399909.0,AMZN,136.83300000000003,144.8358,,136.83300000000003,144.08695311464425,129.5790468853558,-0.015559545182525558,-0.2891865615210113,43.394273887547406,-3.8049782488332085,-3.9762343895171655,0.171256140683957,2.5742857142857156,-1443229731.0
2022-03-30,131.05,132.73,130.51,132.22,76209158.0,AMZN,136.1595,144.143,,136.1595,142.37840995694694,129.94059004305308,0.0047112462006080325,-0.28583774440963605,37.39030904235021,-3.756126983032175,-3.932212908220168,0.17608592518799293,2.489285714285716,-1367020573.0
2022-03-31,138.02,140.9,134.12,135.74,27810267.0,AMZN,135.7955,143.461,,135.7955,141.11012916466206,130.48087083533795,0.0266222961730449,-0.2668251053256996,51.90958690568983,-3.394250612583704,-3.8246204490928752,0.43036983650917104,2.758571428571429,-1339210306.0
2022-04-01,135.75,136.61,135.7,136.02,102641164.0,AMZN,135.5475,142.91479999999999,,135.5475,140.27382883012893,130.8211711698711,0.0020627670546633503,-0.26531273630765917,53.90408244153786,-3.0497121387271022,-3.669638787019721,0.6199266482926187,2.76214285714286,-1236569142.0
2022-04-04,135.64,138.59,133.99,136.54,44788772.0,AMZN,135.34650000000002,142.41379999999998,,135.34650000000002,139.48001526198152,131.21298473801852,0.0038229672107041868,-0.2625040509884413,43.32358674463935,-2.7035385522158037,-3.4764187400589375,0.7728801878431337,2.7035714285714323,-1191780370.0
2022-04-05,137.67,137.75,137.65,137.69,75508989.0,AMZN,135.42000000000002,142.007,,135.42000000000002,139.66956220655138,131.17043779344866,0.008422440310531742,-0.2562925353786325,50.50301810865188,-2.3097724824167187,-3.2430894885304937,0.933317006113775,2.643571428571432,-1116271381.0
2022-04-06,136.8,137.13,135.07,137.03,91037247.0,AMZN,135.5,141.5846,,135.5,139.810164241587,131.189835758413,-0.004793376425303197,-0.2598574052068706,56.34118967452299,-2.027593681492476,-2.9999903271228905,0.9723966456304143,2.636428571428575,-1207308628.0
2022-04-07,134.88,135.96,134.78,135.04,72864062.0,AMZN,135.3105,141.1302,,135.3105,139.32750844436333,131.29349155563665,-0.014522367364810718,-0.2706060278708007,48.52476290832455,-1.9421533824037738,-2.7884229381790675,0.8462695557752937,2.7364285714285757,-1280172690.0
2022-04-08,135.95,136.04,135.9,136.0,60325837.0,AMZN,135.3725,140.80180000000001,,135.3725,139.39200965849295,131.35299034150705,0.007109004739336511,-0.2654207626660907,50.95381526104416,-1.7764989784749616,-2.5860381462382467,0.809539167763285,2.6878571428571467,-1219846853.0
2022-04-11,140.32,140.51,140.06,140.46,84806962.0,AMZN,135.69299999999998,140.6026,,135.69299999999998,140.2542191352731,131.13178086472686,0.032794117647058973,-0.2413308847358756,55.20403484640075,-1.2706842861834389,-2.3229673742272854,1.0522830880438465,2.797142857142861,-1135039891.0
2022-04-12,142.59,142.8,142.36,142.51,86031240.0,AMZN,135.8545,140.536,,135.8545,141.1241887953637,130.5848112046363,0.014594902463334725,-0.23025818299665124,73.92444910807976,-0.6963772277079272,-1.9976493449234138,1.3012721172154866,2.5985714285714323,-1049008651.0
2022-04-13,142.08,142.14,141.32,141.81,25663601.0,AMZN,136.07049999999998,140.4952,,136.07049999999998,141.94221085979498,130.19878914020498,-0.004911936004490802,-0.2340391055417521,71.02708226877876,-0.294326088130731,-1.6569846935648773,1.3626586054341463,2.660000000000003,-1074672252.0
2022-04-14,145.33,146.05,145.2,145.53,43670421.0,AMZN,136.6085,140.5072,,136.6085,143.80159105651742,129.41540894348256,0.026232282631690307,-0.21394620287350108,75.29411764705887,0.32077752365344736,-1.2614322501212125,1.5822097737746599,2.757142857142859,-1031001831.0
2022-04-15,148.04,149.57,146.36,148.51,89589519.0,AMZN,137.254,140.6764,,137.254,146.1754452452022,128.33255475479777,0.0204768776197346,-0.19785027546721412,78.86337096146357,1.036761521220484,-0.8017934958528732,1.8385550170733571,3.0135714285714306,-941412312.0
2022-04-18,153.07,153.21,151.57,152.51,73602072.0,AMZN,138.0985,140.82219999999998,,138.0985,149.28001533841197,126.91698466158802,0.02693421318429734,-0.17624500378092267,87.86671495834844,1.9049910176480012,-0.2604365931526984,2.1654276108006996,3.179285714285718,-867810240.0
2022-04-19,145.52,147.02,144.66,146.22,27170143.0,AMZN,138.5,140.8734,,138.5,150.25720339106763,126.74279660893237,-0.04124319716739877,-0.21021929350761592,71.03365384615387,2.06175212148554,0.20400114977494932,1.857750971710591,3.5814285714285745,-894980383.0
2022-04-20,146.65,147.02,146.47,146.97,93520918.0,AMZN,139.179,140.8966,,139.179,151.25776936917293,127.10023063082707,0.0051292572835452965,-0.20616830506643635,68.40380203212062,2.220903959290041,0.6073817116779677,1.6135222476120732,3.018571428571432,-801459465.0
2022-04-21,153.2,153.22,152.78,152.87,107979387.0,AMZN,140.14350000000002,140.893,,140.14350000000002,153.3662766412827,126.92072335871734,0.040144247125263766,-0.1743005293291564,73.31857182396901,2.7909413939313197,1.0440936481286383,1.7468477458026814,3.4000000000000017,-693480078.0
2022-04-22,156.6,159.27,153.37,158.76,47338019.0,AMZN,141.3855,141.11800000000002,,141.3855,156.6549362423072,126.11606375769283,0.038529469483875145,-0.1424867667710923,76.77108433734941,3.675603869574104,1.5703956924177316,2.1052081771563724,3.528571428571431,-646142059.0
2022-04-25,158.81,158.94,158.3,158.58,20241820.0,AMZN,142.63049999999998,141.36960000000002,,142.63049999999998,159.25492777804274,126.00607222195721,-0.0011337868480724156,-0.1434590039969753,75.77103380212193,4.312469297846093,2.118810413503404,2.193658884342689,3.487857142857144,-666383879.0
2022-04-26,157.59,157.64,155.87,156.56,24725757.0,AMZN,143.87849999999997,141.59959999999998,,143.87849999999997,160.76183999757384,126.9951600024261,-0.012738050195485018,-0.15436966619855252,73.31105275722132,4.60115338782731,2.6152790083681854,1.9858743794591245,3.4942857142857155,-691109636.0
2022-04-27,153.77,153.86,153.67,153.76,101616653.0,AMZN,144.9555,141.8324,,144.9555,161.45110640068472,128.45989359931528,-0.017884517118037846,-0.16949335637895657,71.92037470725997,4.551533761598023,3.002529959014153,1.54900380258387,3.5400000000000023,-792726289.0
2022-04-28,154.27,154.48,153.43,153.61,106820547.0,AMZN,145.849,141.9922,,145.849,162.1779022417629,129.52009775823709,-0.0009755463059312186,-0.17030355406719244,71.01933635712587,4.448822843480002,3.291788535907323,1.1570343075726792,3.5435714285714295,-899546836.0
2022-04-29,153.25,153.93,153.12,153.35,55918222.0,AMZN,146.7155,142.1584,,146.7155,162.68353580182668,130.7474641981733,-0.001692598138142154,-0.17170789672680142,67.10002653223668,4.296911749872066,3.4928131787002714,0.804098571171795,3.279285714285716,-955465058.0
2022-05-02,155.15,155.36,154.72,154.84,80691307.0,AMZN,147.6305,142.2722,,147.6305,163.23662899168986,132.02437100831017,0.009716335180958602,-0.1636599330236579,66.60382440075415,4.247785830380138,3.6438077090362446,0.6039781213438937,3.2557142857142884,-874773751.0
2022-05-03,153.46,154.37,153.32,154.2,40931954.0,AMZN,148.456,142.409,,148.456,163.58759316063407,133.3244068393659,-0.004133298889176018,-0.16711677649346457,66.71162665227945,4.1098349153322715,3.73701315029545,0.3728217650368215,3.279285714285718,-915705705.0
2022-05-04,152.93,153.27,151.38,151.99,88319407.0,AMZN,149.204,142.47799999999998,,149.204,163.4080015118054,134.99999848819462,-0.014332036316471952,-0.1790536891001404,59.083239595050635,3.7786216922567917,3.7453348586877184,0.03328683356907325,3.1778571428571456,-1004025112.0
2022-05-05,151.69,152.61,150.59,151.2,92676044.0,AMZN,150.012,142.55939999999998,,150.012,162.56620013591603,137.45779986408397,-0.005197710375682729,-0.18332073025818307,54.03056637698532,3.41304299392408,3.678876485734991,-0.2658334918109113,3.0335714285714324,-1096701156.0
2022-05-06,150.54,150.74,150.44,150.53,39915565.0,AMZN,150.7385,142.6542,,150.7385,161.42064304341613,140.05635695658384,-0.0044312169312168415,-0.1869396132656368,46.70439414114515,3.0342785665246765,3.5499569018929287,-0.5156783353682521,2.7521428571428594,-1136616721.0
2022-05-09,148.91,149.03,148.81,148.88,110839750.0,AMZN,151.1595,142.7008,,151.1595,160.74320870965846,141.57579129034156,-0.010961270178701965,-0.19585178783623203,55.236220472440934,2.571323205268442,3.3542301625680313,-0.7829069572995895,2.3142857142857167,-1247456471.0
2022-05-10,143.9,144.33,143.87,144.2,116531896.0,AMZN,151.244,142.6158,,151.244,160.531835621194,141.956164378806,-0.03143471252015051,-0.22112995570919303,45.277872485509704,1.8059727290105059,3.0445786758565263,-1.2386059468460204,2.615000000000001,-1363988367.0
2022-05-11,143.45,143.63,143.11,143.58,116937725.0,AMZN,151.3325,142.5736,,151.3325,160.268923104058,142.39607689594203,-0.004299583911234195,-0.22447877282056805,30.686070686070693,1.136299589731351,2.6629228586314913,-1.5266232689001402,2.2464285714285706,-1480926092.0
2022-05-12,141.37,142.11,141.14,141.82,28666491.0,AMZN,151.147,142.5496,,151.147,160.72178948511217,141.57221051488781,-0.012257974648279824,-0.2339850923625364,7.479919678714907,0.45827875878921986,2.221994038663037,-1.763715279873817,1.9635714285714292,-1509592583.0
2022-05-13,141.08,141.14,140.31,140.76,119276362.0,AMZN,150.7595,142.5452,,150.7595,161.35638827215968,140.16261172784033,-0.007474263150472393,-0.23971048935940364,7.163461538461576,-0.1627150974621827,1.745052211437993,-1.9077673089001757,2.0257142857142867,-1628868945.0
2022-05-16,137.75,138.27,136.12,137.6,75273781.0,AMZN,150.01399999999998,142.486,,150.01399999999998,162.08736764601292,137.94063235398704,-0.02244955953395844,-0.25677865399157385,6.7912488605287535,-0.8994742144971895,1.2161469262509566,-2.115621140748146,2.163571428571428,-1704142726.0
2022-05-17,140.67,142.37,137.3,139.4,46163114.0,AMZN,149.673,142.5496,,149.673,162.55568049910838,136.79031950089163,0.013081395348837344,-0.24705628173274263,15.711556829035416,-1.3228669789605476,0.7083441452086559,-2.0312111241692037,2.319285714285712,-1657979612.0
2022-05-18,140.43,141.01,139.57,140.57,31538915.0,AMZN,149.353,142.6524,,149.353,162.8229417417566,135.8830582582434,0.008393113342898051,-0.2407367397645025,20.30965391621129,-1.5461762163155015,0.25744007290382437,-1.803616289219326,2.359285714285712,-1626440697.0
2022-05-19,133.48,133.58,133.1,133.15,118929555.0,AMZN,148.367,142.5388,,148.367,163.53317302454792,133.20082697545206,-0.05278508927936254,-0.2808145187425731,15.315934065934087,-2.295422186137017,-0.2531323789043439,-2.0422898072326734,2.8349999999999977,-1745370252.0
2022-05-20,135.96,136.01,135.9,136.0,102210993.0,AMZN,147.22899999999998,142.5636,,147.22899999999998,162.52666531894732,131.93133468105265,0.021404431092752585,-0.2654207626660904,19.09448818897637,-2.6289291746166725,-0.7282917380468097,-1.9006374365698628,2.895714285714281,-1643159259.0
2022-05-23,136.47,136.57,136.04,136.32,93732228.0,AMZN,146.116,142.609,,146.116,161.17360084335783,131.0583991566422,0.0023529411764704466,-0.2636923409311872,20.35809018567636,-2.8347374513501222,-1.149580880707472,-1.6851565706426501,2.827857142857137,-1549427031.0
2022-05-24,137.68,138.09,137.29,137.63,33108009.0,AMZN,145.16950000000003,142.576,,145.16950000000003,159.83770187738716,130.5012981226129,0.009609741784037507,-0.2566166144539268,25.461380724538586,-2.8591771274079463,-1.491500130047567,-1.3676769973603793,2.7528571428571382,-1516319022.0
2022-05-25,139.14,139.9,139.09,139.46,74616695.0,AMZN,144.4545,142.61540000000002,,144.4545,158.7489147723579,130.1600852276421,0.013296519654145245,-0.24673220265744844,30.62706270627065,-2.699758900645179,-1.7331518841670892,-0.9666070164780898,2.770714285714281,-1441702327.0
2022-05-26,141.93,142.09,141.53,141.73,83858760.0,AMZN,143.8605,142.75459999999998,,143.8605,157.52653084100723,130.19446915899277,0.01627706869353207,-0.23447121097547818,36.20689655172411,-2.363009476251051,-1.8591234025838816,-0.5038860736671693,2.90428571428571,-1357843567.0
2022-05-27,137.47,138.39,136.89,138.05,98848549.0,AMZN,143.0955,142.80360000000002,,143.0955,156.22737119387875,129.96362880612122,-0.02596486276723331,-0.25434806092686624,34.04067197170646,-2.3658068277798634,-1.9604600876230782,-0.4053467401567852,3.1271428571428532,-1456692116.0
2022-05-30,142.54,142.83,142.38,142.67,91838730.0,AMZN,142.487,142.94459999999998,,142.487,154.3986132629592,130.5753867370408,0.03346613545816712,-0.22939397212919976,47.741364038972534,-1.9724907148433886,-1.9628662130671404,-0.009624501776248184,3.1107142857142827,-1364853386.0
2022-05-31,140.78,141.2,140.23,140.51,47919150.0,AMZN,141.8025,142.991,,141.8025,152.3785839932164,131.2264160067836,-0.015139833181467721,-0.24106081883979713,45.665066365433454,-1.814166230749663,-1.933126216603645,0.11895998585398182,3.2071428571428555,-1412772536.0
2022-06-01,139.69,139.74,139.45,139.53,113629942.0,AMZN,141.17950000000002,143.1138,,141.17950000000002,150.63767268431403,131.721327315686,-0.006974592555689885,-0.24635411040293842,46.6936182500722,-1.7476252106676782,-1.8960260154164517,0.14840080474877348,3.1085714285714254,-1526402478.0
2022-06-02,141.68,142.08,141.02,141.96,106482757.0,AMZN,140.7175,143.2814,,140.7175,148.93623053329614,132.49876946670386,0.017415609546334254,-0.23322890785351624,51.6666666666667,-1.4817298221627766,-1.813166776765717,0.3314369546029403,3.182857142857141,-1419919721.0
2022-06-03,137.52,138.02,136.3,136.72,43402914.0,AMZN,140.027,143.3374,,140.027,147.00078278381073,133.05321721618924,-0.03691180614257539,-0.2615318137625581,48.84453781512605,-1.6745271123978114,-1.7854388438921358,0.11091173149432443,3.2557142857142845,-1463322635.0
2022-06-06,140.46,141.35,140.44,141.01,21943386.0,AMZN,139.6335,143.484,,139.6335,145.26244128588894,134.00455871411106,0.03137799882972492,-0.2383601598790105,51.98422479664776,-1.4642739681386843,-1.7212058687414455,0.2569319006027613,3.2242857142857133,-1441379249.0
2022-06-07,138.93,139.16,138.58,139.09,31525677.0,AMZN,139.378,143.63379999999998,,139.378,144.5820575262795,134.17394247372047,-0.013616055598893562,-0.2487306902884303,48.20909970958375,-1.436021231546647,-1.6641689413024858,0.22814770975583887,3.2828571428571416,-1472904926.0
2022-06-08,136.57,137.69,136.44,137.54,57275287.0,AMZN,139.076,143.7402,,139.076,143.94346189128805,134.20853810871193,-0.01114386368538367,-0.25710273306686837,56.19181946403384,-1.5211677059369322,-1.6355686942293752,0.11440098829244305,2.9385714285714277,-1530180213.0
2022-06-09,144.97,144.97,144.97,144.97,22563711.0,AMZN,139.2335,143.9248,,139.2335,144.64793402300347,133.8190659769965,0.054020648538607,-0.2169709409095819,61.20409692730453,-0.977836109451431,-1.5040221772737865,0.5261860678223556,3.2650000000000006,-1507616502.0
2022-06-10,139.97,140.02,139.9,139.95,103409034.0,AMZN,139.19299999999998,144.0034,,139.19299999999998,144.57135466916716,133.8146453308328,-0.03462785403876667,-0.24408555687587774,54.05767940979209,-0.9414613702169277,-1.3915100158624147,0.4500486456454871,3.586428571428572,-1611025536.0
2022-06-13,134.2,134.93,134.0,134.42,102113168.0,AMZN,139.034,143.961,,139.034,144.78570601693502,133.28229398306496,-0.039514112182922445,-0.2739548449821757,46.7211440245148,-1.3433733395321212,-1.381882680596356,0.03850934106423476,3.884999999999999,-1713138704.0
2022-06-14,135.65,135.7,135.5,135.56,77782569.0,AMZN,138.84199999999998,143.9184,,138.84199999999998,144.79510657511855,132.88889342488142,0.00848088082130638,-0.2677973425515826,45.95938665561541,-1.5520123657530576,-1.4159086176276965,-0.13610374812536108,3.8142857142857127,-1635356135.0
2022-06-15,131.53,133.03,131.21,132.54,80117783.0,AMZN,138.4405,143.8286,,138.4405,144.9591807674061,131.92181923259386,-0.02227795809973454,-0.28410932267473277,40.624362375025505,-1.9387009205899233,-1.520467078220142,-0.41823384236978134,3.9371428571428555,-1715473918.0
2022-06-16,130.77,131.0,129.24,129.77,79534049.0,AMZN,138.2715,143.7232,,138.2715,145.50387829413364,131.03912170586636,-0.020899351139278544,-0.29907097331748944,41.39293139293139,-2.440537242236047,-1.7044811110233231,-0.7360561312127241,3.827142857142854,-1795007967.0
2022-06-17,129.83,130.03,129.12,129.22,88762962.0,AMZN,137.9325,143.5876,,137.9325,146.1778326510394,129.6871673489606,-0.004238267704400167,-0.30204169817435456,34.7263229616171,-2.849776101164082,-1.933540109051475,-0.9162359921126069,3.550714285714282,-1883770929.0
2022-06-20,130.06,130.22,129.95,130.11,116284648.0,AMZN,137.622,143.3806,,137.622,146.56149627687103,128.682503723129,0.006887478718464735,-0.2972345252241546,37.839101964452794,-3.066931604869353,-2.1602184082150506,-0.9067131966543025,3.4478571428571394,-1767486281.0
2022-06-21,129.81,129.91,129.22,129.45,86909665.0,AMZN,137.213,143.1194,,137.213,146.87061461231391,127.55538538768607,-0.005072630850818771,-0.30079939505239284,38.124410933082,-3.254766468400618,-2.379128020252164,-0.8756384481484538,3.4357142857142833,-1854395946.0
2022-06-22,131.26,131.26,130.71,131.07,45467199.0,AMZN,136.7935,142.9046,,136.7935,146.76396221807613,126.82303778192386,0.012514484356894506,-0.29204926001944487,36.92049003122749,-3.2356084102738123,-2.550424098256494,-0.6851843120173182,3.38285714285714,-1808928747.0
2022-06-23,127.09,127.27,126.87,127.12,53047136.0,AMZN,136.063,142.5364,,136.063,146.6333957999877,125.49260420001228,-0.030136568245975326,-0.3133844658096576,38.10114030738724,-3.49882522045624,-2.7401043226964434,-0.7587208977597966,3.278571428571425,-1861975883.0
2022-06-24,130.9,131.14,130.52,130.98,67643698.0,AMZN,135.7095,142.18579999999997,,135.7095,146.47124995552485,124.94775004447514,0.030365009439899282,-0.29253537863238643,37.43422701077426,-3.3572563370327373,-2.863534725563702,-0.49372161146903526,3.2349999999999954,-1794332185.0
2022-06-27,125.86,125.91,125.65,125.78,114537666.0,AMZN,134.865,141.65120000000002,,134.865,145.97218401945693,123.75781598054307,-0.03970071766681926,-0.3206222318245653,34.591340588099115,-3.622896028515356,-3.015406986154033,-0.6074890423613231,3.4421428571428527,-1908869851.0
2022-06-28,126.02,126.28,125.87,126.17,108297244.0,AMZN,134.14799999999997,141.2502,,134.14799999999997,145.56783979977843,122.7281602002215,0.0031006519319447534,-0.31851571783515176,36.47394718058532,-3.7586206183833326,-3.164049712599893,-0.5945709057834394,3.288571428571424,-1800572607.0
2022-06-29,131.2,131.92,131.04,131.09,61054130.0,AMZN,133.726,140.93259999999998,,133.726,144.93017478583545,122.52182521416455,0.03899500673694223,-0.2919412336610132,32.439271255060746,-3.429645631888036,-3.217168896457522,-0.21247673543051393,3.1685714285714224,-1739518477.0
2022-06-30,129.6,129.68,129.19,129.59,73069186.0,AMZN,133.10750000000002,140.46699999999998,,133.10750000000002,143.74943467768816,122.46556532231189,-0.01144252040582805,-0.30004321054337246,35.61111111111114,-3.252475535552577,-3.2242302242765333,-0.028245311276043683,2.942142857142852,-1812587663.0
2022-07-01,131.61,132.81,131.56,132.4,57294641.0,AMZN,132.8915,139.9398,,132.8915,143.39922602972499,122.38377397027503,0.021683771895979698,-0.2848655071837527,46.965144230769255,-2.8524422630897277,-3.1498726320391723,0.29743036894944463,2.7471428571428524,-1755293022.0
2022-07-04,128.85,129.84,128.71,129.34,34146989.0,AMZN,132.308,139.355,,132.308,142.19528178280564,122.42071821719433,-0.02311178247734136,-0.3013935400237656,41.164772727272734,-2.7506219810964296,-3.070022501850624,0.31940052075419434,2.9192857142857096,-1789440011.0
2022-07-05,125.5,125.54,125.42,125.47,117490139.0,AMZN,131.627,138.7332,,131.627,141.42323579694983,121.83076420305018,-0.029921138085665766,-0.32229664038025263,40.19417475728156,-2.948220085163257,-3.045662018513151,0.09744193334989415,2.8885714285714243,-1906930150.0
2022-07-06,120.59,122.18,120.19,120.41,80235526.0,AMZN,130.7705,138.06619999999998,,130.7705,141.35375683630156,120.18724316369844,-0.04032836534629791,-0.34962730906341133,37.79342723004694,-3.473082188518589,-3.1311460525142385,-0.34193613600435047,3.029999999999997,-1987165676.0
2022-07-07,119.01,119.23,118.77,119.06,107325208.0,AMZN,129.475,137.3752,,129.475,139.0333405298291,119.91665947017087,-0.011211693380948407,-0.3569190882575347,37.020950434338275,-3.9524119596543272,-3.2953992339422564,-0.6570127257120708,3.0821428571428546,-2094490884.0
2022-07-08,123.64,124.68,122.39,123.35,97641179.0,AMZN,128.645,136.7752,,128.645,137.2041551476806,120.08584485231941,0.03603225264572485,-0.33374743437398713,42.05453690644097,-3.940691273682006,-3.4244576418902066,-0.5162336317917995,3.4121428571428547,-1996849705.0
2022-07-11,124.67,125.61,124.22,124.25,118683503.0,AMZN,128.1365,136.1634,,128.1365,136.45610088870433,119.8168991112957,0.007296311309282544,-0.3288862482445716,43.922393641888746,-3.8148053655990424,-3.502527186631974,-0.31227817896706833,3.509999999999997,-1878166202.0
2022-07-12,126.08,126.42,125.94,126.18,49247591.0,AMZN,127.66750000000002,135.60299999999998,,127.66750000000002,135.24996141121682,120.08503858878322,0.015533199195171044,-0.31846170465593593,44.32582965885357,-3.5187431257551367,-3.5057703744566067,-0.012972751298530039,3.5357142857142825,-1828918611.0
2022-07-13,134.68,134.73,134.35,134.52,36760795.0,AMZN,127.76650000000002,135.2536,,127.76650000000002,135.6620637777414,119.87093622225865,0.06609605325725165,-0.2734147131900182,57.79275484414491,-2.581386748375934,-3.3208936492404724,0.7395069008645385,3.846428571428568,-1792157816.0
2022-07-14,135.26,135.27,135.18,135.22,67343063.0,AMZN,128.039,134.93400000000003,,128.039,136.57585730415707,119.5021426958429,0.005203687184061723,-0.2696337906449173,54.783393501805065,-1.761732757570286,-3.0090614709064356,1.2473287133361497,3.6128571428571408,-1724814753.0
2022-07-15,134.55,134.78,134.31,134.42,79141320.0,AMZN,128.299,134.6118,,128.299,137.29186945599642,119.30613054400361,-0.0059162845732880776,-0.2739548449821757,60.82164328657313,-1.163294642180432,-2.639908105161235,1.476613462980803,3.297142857142856,-1803956073.0
2022-07-18,136.09,136.79,134.62,135.13,101541656.0,AMZN,128.55,134.33679999999998,,128.55,138.0231020873765,119.07689791262354,0.005281952090462783,-0.2701199092578589,61.13320079522862,-0.62453777522623,-2.236834039174234,1.612296263948004,3.4307142857142847,-1702414417.0
2022-07-19,138.4,138.43,137.82,138.08,112113534.0,AMZN,128.9815,134.21439999999998,,128.9815,139.36925042765907,118.59374957234094,0.021830829571523935,-0.25418602138921875,59.132479749150775,0.040010058145043104,-1.7814652197103786,1.8214752778554217,3.2557142857142867,-1590300883.0
2022-07-20,138.7,138.98,137.93,138.18,76317452.0,AMZN,129.337,134.1064,,129.337,140.48455975184774,118.18944024815224,0.0007242178447277592,-0.25364588959706147,61.649037157580686,0.5681884454513693,-1.311534486678029,1.8797229321293982,3.1949999999999994,-1513983431.0
2022-07-21,139.22,139.34,139.12,139.19,40315994.0,AMZN,129.9405,134.05380000000002,,129.9405,141.86266595474982,118.01833404525016,0.007309306701403839,-0.24819055849627292,59.680638722554875,1.056098139831505,-0.8380079613761222,1.8941061012076272,3.047857142857142,-1473667437.0
2022-07-22,139.03,139.12,137.93,138.37,71371677.0,AMZN,130.31,134.006,,130.31,142.81179776545702,117.80820223454297,-0.005891227818090372,-0.2526196391919626,63.75266524520256,1.3609151580514833,-0.3982233374906011,1.7591384955420843,2.874285714285713,-1545039114.0
2022-07-25,138.4,138.46,138.06,138.13,32866217.0,AMZN,130.9275,134.0166,,130.9275,143.70417591231725,118.15082408768278,-0.001734480017344886,-0.25391595549314017,71.6780821917808,1.5650776064226761,-0.005563148707945664,1.5706407551306218,2.622857142857142,-1577905331.0
2022-07-26,142.85,142.9,142.15,142.63,64908389.0,AMZN,131.75050000000002,134.0812,,131.75050000000002,145.33202378862626,118.16897621137377,0.03257800622601903,-0.2296100248460622,88.79189944134076,2.0661726573525527,0.4087840125041541,1.6573886448483988,2.586428571428571,-1512996942.0
2022-07-27,140.93,141.29,140.83,141.18,40690916.0,AMZN,132.255,134.0934,,132.255,146.46813921397234,118.04186078602766,-0.01016616420107963,-0.23744193583234274,88.48295059151009,2.3195528521568463,0.7909377804346926,1.5286150717221536,2.597857142857141,-1553687858.0
2022-07-28,142.12,142.32,142.05,142.17,81316621.0,AMZN,132.884,134.2738,,132.884,147.70116984127645,118.0668301587235,0.00701232469188251,-0.23209463108998574,86.98899371069182,2.570610807035905,1.1468723857549352,1.4237384212809698,2.27785714285714,-1472371237.0
2022-07-29,141.7,141.75,141.06,141.7,61359074.0,AMZN,133.349,134.3878,,133.349,148.67712056319922,118.02087943680077,-0.003305901385665,-0.2346332505131249,84.88604558176729,2.7005210473880368,1.4576021180815557,1.242918929306481,2.1957142857142813,-1533730311.0
2022-08-01,143.08,143.44,142.17,142.35,71379661.0,AMZN,133.9995,134.5084,,133.9995,149.71071955800926,118.28828044199078,0.004587155963302836,-0.2311223938641025,84.07079646017698,2.82337925795008,1.7307575460552607,1.0926217118948194,2.164999999999996,-1462350650.0
2022-08-02,139.8,139.87,139.51,139.58,96228670.0,AMZN,134.70499999999998,134.5474,,134.70499999999998,150.06685638452984,119.34314361547013,-0.019459079733052165,-0.24608404450685917,63.93171806167403,2.666491767559137,1.917904390356036,0.7485873772031009,1.7571428571428547,-1558579320.0
2022-08-03,140.2,140.22,140.18,140.21,103222007.0,AMZN,135.695,134.5624,,135.695,149.66709625232326,121.72290374767672,0.004513540621865486,-0.24268121421626832,63.79215035931458,2.563443257793466,2.0470121638435224,0.5164310939499437,1.7492857142857108,-1455357313.0
2022-08-04,140.48,140.96,140.12,140.16,105030664.0,AMZN,136.75,134.531,,136.75,148.432150126536,125.06784987346401,-0.00035660794522507366,-0.242951280112347,66.55132641291816,2.4495056133013406,2.127510853735086,0.32199475956625445,1.7442857142857113,-1560387977.0
2022-08-05,142.72,143.28,142.08,143.05,88643938.0,AMZN,137.735,134.631,,137.735,147.88099220848883,127.5890077915112,0.020619292237443076,-0.2273414713190013,70.2868852459017,2.562864944673038,2.2145816719226765,0.3482832727503613,1.79785714285714,-1471744039.0
2022-08-08,142.14,142.16,142.13,142.15,87718188.0,AMZN,138.63000000000002,134.6206,,138.63000000000002,146.71633675438045,130.5436632456196,-0.0062915064662705245,-0.23220265744841684,61.6485403548941,2.5506779257229653,2.2818009226827343,0.268877003040231,1.6278571428571402,-1559462227.0
2022-08-09,145.9,145.94,144.8,145.43,30500149.0,AMZN,139.5925,134.719,,139.5925,145.80465065733728,133.38034934266273,0.02307421737601123,-0.2144863346656578,67.55447941888622,2.7737145584461302,2.3801836498354136,0.3935309086107166,1.8235714285714266,-1528962078.0
2022-08-10,150.88,151.01,149.58,150.0,36555005.0,AMZN,140.3665,134.9284,,140.3665,147.67778406894615,133.05521593105385,0.03142405280891136,-0.18980231176406992,72.32548533663777,3.2814074808537725,2.5604284160390858,0.7209790648146868,2.1392857142857116,-1492407073.0
2022-08-11,151.77,153.41,150.77,151.34,104665660.0,AMZN,141.1725,135.116,,141.1725,149.56860404639437,132.77639595360566,0.00893333333333346,-0.18256454574916214,76.22321067529317,3.7486722208500396,2.798077177001277,0.9505950438487627,2.2928571428571405,-1387741413.0
2022-08-12,152.34,152.34,151.29,151.83,66672511.0,AMZN,142.043,135.41819999999998,,142.043,151.07720191331325,133.00879808668677,0.003237742830712431,-0.17991789996759133,77.42193755004007,4.11113123684882,3.0606879889707854,1.0504432478780346,2.339285714285712,-1321068902.0
2022-08-15,152.81,152.96,152.55,152.75,102936629.0,AMZN,142.924,135.65300000000002,,142.924,152.5376622081608,133.3103377918392,0.0060594085490350835,-0.17494868747974435,73.64485981308415,4.421648913350992,3.332880173846827,1.0887687395041654,2.079285714285711,-1218132273.0
2022-08-16,155.85,156.21,155.54,155.65,66795503.0,AMZN,143.8025,135.9842,,143.8025,154.6803710668659,132.92462893313413,0.01898527004909978,-0.15928486550718313,81.66301969365428,4.845881863164976,3.635480511710457,1.2104013514545193,2.1978571428571416,-1151336770.0
2022-08-17,154.9,155.66,154.6,155.33,43583805.0,AMZN,144.66000000000003,136.34,,144.66000000000003,156.3455556361821,132.97444436381795,-0.002055894635399902,-0.1610132872420864,79.66636609558165,5.09750731543329,3.9278858724550236,1.1696214429782668,2.192142857142857,-1194920575.0
2022-08-18,159.6,159.95,159.33,159.52,30122053.0,AMZN,145.6765,136.631,,145.6765,158.80626734471363,132.54673265528638,0.02697482778600402,-0.1383817651506961,84.40154440154444,5.570803526578771,4.256469403279773,1.3143341232989982,2.442857142857142,-1164798522.0
2022-08-19,164.44,165.14,162.3,163.39,52049605.0,AMZN,146.9275,137.09980000000002,,146.9275,161.7807426018519,132.07425739814812,0.024260280842527404,-0.11747866479420932,86.12637362637365,6.186852654666211,4.642546053557061,1.5443066011091497,2.7199999999999966,-1112748917.0
2022-08-22,162.98,164.32,161.21,163.9,113375300.0,AMZN,148.216,137.6894,,148.216,164.27775241143732,132.1542475885627,0.003121366056674235,-0.11472399265420719,95.27177959791508,6.639690545279791,5.041974951901608,1.597715593378183,2.73928571428571,-999373617.0
2022-08-23,161.69,162.91,161.6,162.48,56632996.0,AMZN,149.20850000000002,138.2278,,149.20850000000002,166.2407397389866,132.17626026101343,-0.008663819402074502,-0.1223938641028407,90.27124773960209,6.80553572401945,5.3946871063251765,1.4108486176942732,2.85785714285714,-1056006613.0
2022-08-24,168.64,170.04,165.14,167.19,44846005.0,AMZN,150.50900000000001,138.92079999999999,,150.50900000000001,168.87953235340143,132.1384676465986,0.028988183161004377,-0.09695365669223255,91.82915506035279,7.233641938427809,5.7624780727457035,1.4711638656821053,3.33785714285714,-1011160608.0
2022-08-25,165.44,165.68,161.99,163.8,89792796.0,AMZN,151.5905,139.6014,,151.5905,170.4346368516632,132.74636314833677,-0.020276332316526036,-0.11526412444636447,81.6214568729046,7.216190773779914,6.053220612952546,1.162970160827368,3.4864285714285677,-1100953404.0
2022-08-26,161.81,162.04,161.71,161.74,67145267.0,AMZN,152.59250000000003,140.2518,,152.59250000000003,171.35327865626792,133.83172134373214,-0.012576312576312643,-0.12639083936480466,78.83426552840743,6.955951932260547,6.233766876814147,0.7221850554464,3.5699999999999954,-1168098671.0
2022-08-29,157.33,157.9,156.95,157.72,25805115.0,AMZN,153.361,140.804,,153.361,171.60734342604172,135.11465657395826,-0.024854705082230755,-0.14810413740952755,67.70383174877554,6.352107233836421,6.257434948218602,0.09467228561781837,3.641428571428569,-1193903786.0
2022-08-30,156.04,156.09,155.72,155.93,90111034.0,AMZN,154.1785,141.3336,,154.1785,171.25252246566112,137.1044775343389,-0.011349226477301522,-0.15777249648914293,59.285937989351716,5.663828826423412,6.138713723859565,-0.47488489743615325,3.385714285714284,-1284014820.0
2022-08-31,158.63,161.13,158.13,159.81,93019189.0,AMZN,155.1585,141.9084,,155.1585,171.06690529240362,139.2500947075964,0.024882960302699875,-0.1368153829534403,62.28604583695967,5.369549973590722,5.984880973805797,-0.6153310002150754,3.5135714285714266,-1190995631.0
2022-09-01,161.41,162.0,159.85,161.73,84731343.0,AMZN,156.23700000000002,142.6006,,156.23700000000002,170.72535336254276,141.74864663745728,0.01201426694199359,-0.12644485254402038,63.788300835654574,5.230960559279168,5.834096890900471,-0.603136331621303,3.5949999999999966,-1106264288.0
2022-09-02,162.58,162.69,162.41,162.47,34214436.0,AMZN,157.208,143.2304,,157.208,170.53134966574845,143.88465033425155,0.004575527113089839,-0.1224478772820563,63.60582306830907,5.121798362205681,5.691637185161514,-0.5698388229558331,3.5828571428571405,-1072049852.0
2022-09-05,164.97,165.62,163.46,164.22,72909215.0,AMZN,158.31150000000002,143.9992,,158.31150000000002,169.9304577845869,146.69254221541314,0.01077121930202507,-0.11299557091930368,62.39514029505351,5.117505491424964,5.5768108464142045,-0.4593053549892403,3.5607142857142833,-999140637.0
2022-09-06,168.71,169.07,168.51,168.96,112622008.0,AMZN,159.488,144.855,,159.488,170.35586978594355,148.62013021405645,0.0288637194008039,-0.08739332397104815,67.47884072839187,5.433942638346906,5.548237204800746,-0.11429456645383951,3.8314285714285683,-886518629.0
2022-09-07,167.53,167.57,167.38,167.42,85605977.0,AMZN,160.35899999999998,145.5816,,160.35899999999998,170.80935360771736,149.9086463922826,-0.009114583333333481,-0.0957113535702705,60.86956521739126,5.497089204871514,5.538007604814899,-0.04091839994338464,3.614285714285714,-972124606.0
2022-09-08,169.37,169.37,169.0,169.21,33108372.0,AMZN,161.2525,146.37400000000002,,161.2525,171.51000533948147,150.99499466051853,0.010691673635169208,-0.08604299449065489,58.493870402802116,5.6267101421215955,5.555748112276239,0.07096202984535616,3.3521428571428595,-939016234.0
2022-09-09,170.42,171.57,170.37,171.16,38882100.0,AMZN,162.219,147.1492,,162.219,172.3805433970704,152.0574566029296,0.011524141599196236,-0.0755104245435878,60.168067226890734,5.819698510142359,5.608538191849464,0.2111603182928956,3.298571428571431,-900134134.0
2022-09-12,170.48,170.6,170.37,170.5,48878889.0,AMZN,163.1065,147.9724,,163.1065,172.87896890100313,153.3340310989969,-0.003856041131105381,-0.07907529437182592,61.47681740125931,5.851929299786633,5.657216413436897,0.19471288634973583,3.1907142857142867,-949013023.0
2022-09-13,167.21,167.62,166.89,167.55,83172270.0,AMZN,163.70149999999998,148.81400000000002,,163.70149999999998,173.00000304873797,154.402996951262,-0.01730205278592367,-0.09500918224046584,50.54249547920436,5.575165054638603,5.640806141677238,-0.06564108703863525,2.9085714285714306,-1032185293.0
2022-09-14,162.13,162.81,162.07,162.3,80619791.0,AMZN,164.05,149.6518,,164.05,172.51228039441534,155.58771960558468,-0.031333930170098445,-0.12336610132872339,47.85958904109589,4.875988907532445,5.48784269484828,-0.6118537873158347,2.928571428571433,-1112805084.0
2022-09-15,157.77,158.31,157.11,157.44,59137410.0,AMZN,163.946,150.4194,,163.946,172.68915708365665,155.20284291634334,-0.02994454713493544,-0.14961650642756763,44.31818181818181,3.884942195041475,5.167262594886919,-1.2823203998454442,3.1500000000000035,-1171942494.0
2022-09-16,156.35,156.65,155.01,155.73,97574257.0,AMZN,163.56300000000002,151.06699999999998,,163.56300000000002,173.04831296823065,154.0776870317694,-0.01086128048780488,-0.15885276007345728,47.19954967632985,2.927797993573705,4.719369674624277,-1.7915716810505717,2.981428571428574,-1269516751.0
2022-09-19,158.02,158.28,157.86,158.14,40364193.0,AMZN,163.275,151.7448,,163.275,173.0622043210037,153.48779567899632,0.01547550247222751,-0.14583558388246676,53.05670816044257,2.3367841833802174,4.242852576375465,-1.9060683929952473,3.020714285714289,-1229152558.0
2022-09-20,159.78,159.82,159.71,159.73,83169328.0,AMZN,163.1375,152.4158,,163.1375,173.0482212016514,153.2267787983486,0.010054382192993483,-0.13724748838716594,49.88186650915533,1.9739467630476213,3.7890714137098964,-1.8151246506622751,2.769285714285719,-1145983230.0
2022-09-21,165.68,167.31,165.56,165.66,37589771.0,AMZN,163.06099999999998,153.0386,,163.06099999999998,172.86303609353521,153.25896390646474,0.03712514868841166,-0.10521767311223884,55.18880380248217,2.140225744119846,3.4593022797918866,-1.3190765356720409,3.15428571428572,-1108393459.0
2022-09-22,164.88,165.87,164.19,164.53,67312804.0,AMZN,163.09750000000003,153.6248,,163.09750000000003,172.91654459925334,153.2784554007467,-0.006821200048291676,-0.11132116236361622,52.692106638787244,2.155968811978454,3.1986355862292006,-1.0426667742507467,3.2057142857142913,-1175706263.0
2022-09-23,167.39,167.84,167.09,167.74,95187139.0,AMZN,163.39749999999998,154.2912,,163.39749999999998,173.40670392228648,153.38829607771348,0.019510119735002718,-0.09398293183536732,54.43101711983888,2.399802055320947,3.0388688800475503,-0.6390668247266031,3.217142857142863,-1080519124.0
2022-09-26,166.2,168.23,163.91,164.31,26325133.0,AMZN,163.727,154.87480000000002,,163.727,173.37667433320232,154.0773256667977,-0.020448312865148477,-0.11250945230636233,43.94688883103358,2.2898730914972703,2.8890697223374944,-0.5991966308402241,3.1792857142857196,-1106844257.0
2022-09-27,168.0,168.12,167.29,167.59,71224243.0,AMZN,164.31,155.465,,164.31,173.36694034545195,155.25305965454805,0.01996226644756871,-0.0947931295236033,50.21170610211707,2.439303412245124,2.7991164603190204,-0.35981304807389636,3.3385714285714334,-1035620014.0
2022-09-28,167.64,168.7,166.73,167.95,22675110.0,AMZN,164.71699999999998,156.06040000000002,,164.71699999999998,173.65327050431773,155.78072949568224,0.0021480995286113913,-0.09284865507183715,48.372933884297495,2.557298069101762,2.750752782075569,-0.19345471297380712,3.3400000000000034,-1012944904.0
2022-09-29,171.65,172.47,171.12,172.36,38198892.0,AMZN,165.24849999999998,156.72379999999998,,165.24849999999998,174.68709774375648,155.80990225624348,0.02625781482584122,-0.06902884303770063,51.45701796988831,2.9723958991848747,2.79508140549743,0.17731449368744467,3.4942857142857195,-974746012.0
2022-09-30,172.15,173.07,171.77,172.62,117018368.0,AMZN,165.756,157.40879999999999,,165.756,175.6462576199763,155.8657423800237,0.0015084706428405426,-0.06762450037809176,52.59931338891614,3.284482280028527,2.8929615804036493,0.3915206996248779,3.53071428571429,-857727644.0
2022-10-03,163.89,164.22,162.8,163.44,58201057.0,AMZN,165.71699999999998,157.915,,165.71699999999998,175.63886124305014,155.79513875694983,-0.05318039624608972,-0.11720859889813073,45.628589661774086,2.759256711971233,2.8662206067171665,-0.10696389474593371,3.9742857142857173,-915928701.0
2022-10-04,167.12,167.43,165.58,166.62,82845778.0,AMZN,165.6,158.3948,,165.6,175.41545934255183,155.78454065744816,0.019456681350954463,-0.10003240790752899,54.80640854472629,2.569985891277099,2.806973663629153,-0.23698777235205393,3.867857142857145,-833082923.0
2022-10-05,169.49,169.62,169.43,169.55,68241064.0,AMZN,165.7065,158.96220000000002,,165.7065,175.65048686326904,155.76251313673097,0.017584923778658057,-0.0842065463973205,64.07812136712393,2.6261413919722827,2.770807209297779,-0.14466581732549644,3.711428571428574,-764841859.0
2022-10-06,162.9,163.71,162.75,163.34,36702891.0,AMZN,165.413,159.38559999999998,,165.413,175.2676982650288,155.55830173497122,-0.03662636390445306,-0.11774873069028813,58.00884024415913,2.1448257142608043,2.6456109102903844,-0.5007851960295802,4.023571428571431,-801544750.0
2022-10-07,161.44,161.5,159.04,159.84,46040081.0,AMZN,164.84699999999998,159.7484,147.811,164.84699999999998,174.61181136800167,155.0821886319983,-0.021427696828700826,-0.13665334341579316,51.748971193415656,1.4640817990822086,2.4093050880487494,-0.9452232889665408,4.148571428571431,-847584831.0
2022-10-10,162.01,162.19,161.99,162.14,85829332.0,AMZN,164.429,160.1442,147.696,164.429,173.88579126620942,154.97220873379058,0.014389389389389384,-0.12423031219617553,52.443723382681,1.0975265174000413,2.146949373919008,-1.0494228565189667,4.196428571428574,-761755499.0
2022-10-11,163.67,164.37,163.37,164.12,119398542.0,AMZN,164.2575,160.635,147.5854,164.2575,173.59968925092093,154.91531074907905,0.012211668928086894,-0.11353570271146118,48.30246913580248,0.9557806241458877,1.908715623964384,-0.9529349998184964,3.8142857142857167,-642356957.0
2022-10-12,170.3,170.51,170.08,170.36,98317590.0,AMZN,164.6605,161.238,147.5139,164.6605,174.336557211381,154.98444278861902,0.03802096027297108,-0.07983147888084641,55.775708341589066,1.331611840267044,1.7932948672249163,-0.4616830269578722,4.150714285714287,-544039367.0
2022-10-13,174.94,175.51,174.82,175.25,83001304.0,AMZN,165.551,161.9398,147.4708,165.551,175.69590777110542,155.40609222889455,0.02870392110824138,-0.053419034244355124,57.20038350910833,2.0009769031509563,1.8348312744101243,0.16614562874083205,4.282142857142857,-461038063.0
2022-10-14,175.27,175.32,175.27,175.29,81878583.0,AMZN,166.529,162.5846,147.45345,166.529,176.45644605944472,156.60155394055528,0.00022824536376608862,-0.053202981527492144,61.259228876127956,2.50579594782468,1.9690242090930354,0.5367717387316446,3.9785714285714278,-379159480.0
2022-10-17,170.2,170.31,167.7,169.17,104771173.0,AMZN,167.0805,163.125,147.4564,167.0805,176.24161800807752,157.91938199192248,-0.03491357179531063,-0.08625904720751809,51.53100775193798,2.3845482369812885,2.052129014670686,0.3324192223106026,4.248571428571428,-483930653.0
2022-10-18,168.11,168.59,166.52,168.44,56746691.0,AMZN,167.516,163.58520000000001,147.45015,167.516,176.0096394778078,159.02236052219217,-0.004315185907666774,-0.09020200929026623,50.471425822589964,2.2041456346170207,2.082532338659953,0.12161329595706771,4.2971428571428545,-540677344.0
2022-10-19,168.11,168.36,168.06,168.11,118092515.0,AMZN,167.6385,163.94740000000002,147.4584,167.6385,176.08999697110872,159.18700302889127,-0.0019591545951079814,-0.09198444420438523,45.56274796408435,2.0113613092932496,2.0682981327866123,-0.05693682349336271,4.001428571428568,-658769859.0
2022-10-20,168.62,168.87,168.19,168.33,109467814.0,AMZN,167.8285,164.2872,147.46035,167.8285,176.1556964701609,159.50130352983908,0.001308666944262571,-0.09079615426163934,45.51724137931035,1.854947820116024,2.0256280702524947,-0.1706802501364706,3.96285714285714,-549302045.0
2022-10-21,174.07,174.51,173.91,174.02,78566449.0,AMZN,168.1425,164.731,147.4733,168.1425,176.9172289656765,159.36777103432354,0.03380264955741685,-0.06006265528788979,61.92515779981968,2.165165766542799,2.053535609510556,0.1116301570322431,3.702857142857139,-470735596.0
2022-10-24,170.46,170.52,170.38,170.5,79886953.0,AMZN,168.452,165.08599999999998,147.46880000000002,168.452,177.0932026453454,159.8107973546546,-0.020227560050568916,-0.07907529437182625,54.340044742729305,2.102742040620285,2.063376895732502,0.0393651448877832,3.6778571428571394,-550622549.0
2022-10-25,173.96,174.07,173.87,174.0,20073859.0,AMZN,168.77249999999998,165.453,147.4767,168.77249999999998,177.74810641552122,159.79689358447874,0.02052785923753664,-0.06017068164632122,54.91495471614755,2.309073969990152,2.1125163105840317,0.19655765940612024,3.718571428571425,-530548690.0
2022-10-26,182.69,182.87,181.68,182.11,23621075.0,AMZN,169.4805,165.98860000000002,147.55295,169.4805,180.23962630966847,158.72137369033155,0.04660919540229891,-0.01636599330236521,69.89612041551835,3.0913673736846192,2.308286523204149,0.78308085048047,3.866428571428567,-506927615.0
2022-10-27,180.24,181.06,179.46,179.57,98730669.0,AMZN,169.841,166.3896,147.6016,169.841,181.4555243009292,158.22647569907082,-0.013947614079402704,-0.03008534082316039,71.34819303181129,3.4664249706112003,2.5399142126855594,0.9265107579256409,3.748571428571424,-605658284.0
2022-10-28,176.55,178.15,176.07,177.28,117214994.0,AMZN,170.074,166.6674,147.67135,170.074,182.1028397305472,158.04516026945282,-0.012752686974438876,-0.04245435886356219,66.38528138528139,3.538092034065272,2.739549776961502,0.7985422571037701,3.8307142857142815,-722873278.0
2022-10-31,180.41,180.83,180.12,180.68,50861694.0,AMZN,170.936,167.003,147.7668,170.936,183.4252212896196,158.4467787103804,0.01917870036101088,-0.024089877930214443,67.38765224695506,3.8251463768390863,2.956669096937019,0.8684772799020672,3.924999999999995,-672011584.0
2022-11-01,185.43,185.97,185.28,185.39,30562774.0,AMZN,171.8745,167.46120000000002,147.90359999999998,171.8745,185.74292453011174,158.0060754698883,0.02606818684967882,0.0013503294803935972,66.30505532653501,4.382181586968528,3.241771594943321,1.1404099920252073,3.846428571428567,-641448810.0
2022-11-02,184.17,184.87,182.62,184.42,57258111.0,AMZN,172.618,167.80579999999998,148.03495,172.618,187.51775711564792,157.71824288435207,-0.005232213172231548,-0.0038889489035320857,60.872658287882366,4.691286875964863,3.53167465114763,1.1596122248172334,3.676428571428567,-698706921.0
2022-11-03,184.51,185.16,184.46,185.0,50742194.0,AMZN,173.701,168.22979999999998,148.17115,173.701,188.90687130372024,158.49512869627975,0.0031449951198352366,-0.0007561845090197084,61.3673612737064,4.926269232005126,3.8105935673191293,1.1156756646859964,3.724285714285711,-647964727.0
2022-11-04,179.97,180.02,179.8,179.81,66451431.0,AMZN,174.6995,168.59120000000001,148.3081,174.6995,188.64330069761394,160.75569930238606,-0.028054054054054034,-0.028789024521982842,62.73336524652946,4.64021530318189,3.9765179144916813,0.6636973886902084,3.5535714285714244,-714416158.0
2022-11-07,183.51,184.21,182.31,182.85,70881852.0,AMZN,175.73499999999999,169.09380000000002,148.47025,175.73499999999999,188.79989792898436,162.6701020710156,0.016906734886825037,-0.012369018040401247,66.34157405307326,4.605726153212913,4.102359562235928,0.5033665909769853,3.6785714285714266,-643534306.0
2022-11-08,181.34,182.0,179.73,180.49,103361338.0,AMZN,176.5535,169.585,148.6435,176.5535,188.5630387965279,164.54396120347212,-0.012906754170084689,-0.02511612833531318,63.42150910667822,4.337955723428536,4.14947879447445,0.18847692895408574,3.874285714285713,-746895644.0
2022-11-09,180.96,181.41,180.76,180.76,38823664.0,AMZN,177.0735,170.00400000000002,148.82805,177.0735,188.8522949968999,165.2947050031001,0.001495927752229953,-0.023657772496488594,63.46112194065408,4.100267144840444,4.1396364645476496,-0.039369319707205364,3.885714285714284,-708071980.0
2022-11-10,179.92,180.48,179.13,179.73,116750510.0,AMZN,177.29749999999999,170.364,149.00205,177.29749999999999,189.10065189840785,165.49434810159212,-0.005698163310466908,-0.02922112995570869,56.87786075644421,3.7851519662333715,4.068739564884794,-0.28358759865142247,3.5607142857142855,-824822490.0
2022-11-11,183.48,183.93,182.55,183.15,115871882.0,AMZN,177.6905,170.77759999999998,149.21755,177.6905,189.7331968041148,165.64780319588516,0.019028542814221394,-0.010748622663929397,65.2740883844482,3.7679517326667735,4.00858199844119,-0.24063026577441615,3.6007142857142855,-708950608.0
2022-11-14,182.51,183.57,180.62,181.24,116408757.0,AMZN,178.29399999999998,171.118,149.39765,178.29399999999998,189.73346888719496,166.854531112805,-0.01042861042861043,-0.02106513989413361,59.09090909090911,3.559171472947469,3.9186998933424455,-0.3595284203949767,3.556428571428571,-825359365.0
2022-11-15,178.49,178.55,176.85,177.59,69560276.0,AMZN,178.7515,171.2906,149.5673,178.7515,189.22251317171148,168.2804868282885,-0.020139042154049935,-0.040779950307874624,43.60859728506785,3.0638687455554248,3.7477336637850414,-0.6838649182296166,3.2364285714285717,-894919641.0
2022-11-16,177.48,177.48,177.4,177.44,68267717.0,AMZN,179.21800000000002,171.491,149.72545,179.21800000000002,188.45096291612708,169.98503708387295,-0.0008446421532743997,-0.041590147996110605,46.7697907188353,2.6289293580481967,3.523972802637673,-0.8950434445894762,3.0607142857142855,-963187358.0
2022-11-17,181.53,181.98,181.46,181.75,43832118.0,AMZN,179.889,171.7418,149.86894999999998,179.889,187.618421303323,172.15957869667702,0.02428990081154203,-0.018310467754131476,56.38753929694198,2.602023235550547,3.339582889220248,-0.7375596536697011,3.134999999999999,-919355240.0
2022-11-18,180.87,181.21,180.6,181.07,59601482.0,AMZN,180.24150000000003,171.94,150.03674999999998,180.24150000000003,187.47080083247127,173.0121991675288,-0.003741403026134793,-0.021983363940801026,50.60427641772542,2.497045239456355,3.1710753592674696,-0.6740301198111145,2.963571428571427,-978956722.0
2022-11-21,188.36,188.38,188.08,188.36,63016267.0,AMZN,181.13449999999997,172.2972,150.24855,181.13449999999997,187.6768719342736,174.59212806572634,0.04026067266802902,0.01739224370746517,54.26111908177909,2.9678796272520174,3.1304362128643795,-0.16255658561236208,3.107857142857142,-915940455.0
2022-11-22,191.29,191.65,191.1,191.14,102625672.0,AMZN,181.9915,172.769,150.47895,181.9915,189.0675151587156,174.9154848412844,0.01475897218093003,0.032407907529437674,59.16530278232406,3.52471135982978,3.2092912422574598,0.31542011757232036,3.145,-813314783.0
2022-11-23,189.82,190.15,189.74,189.97,29622971.0,AMZN,182.3845,173.3224,150.7182,182.3845,190.31028596468218,174.45871403531783,-0.006121167730459232,0.026088365561197646,56.671140939597315,3.8274745536177193,3.332927904529512,0.49454664908820734,3.192142857142855,-842937754.0
2022-11-24,188.61,190.15,188.47,189.75,68788053.0,AMZN,182.8935,173.9686,150.93885,182.8935,191.3481275712464,174.43887242875357,-0.0011580775911985697,0.024900075618451645,65.39653035935565,4.003514382897521,3.4670452002031142,0.5364691826944066,2.940714285714285,-911725807.0
2022-11-25,191.65,191.93,191.21,191.83,26350104.0,AMZN,183.621,174.6906,151.1728,183.621,192.5334157041888,174.70858429581122,0.010961791831357148,0.036134816895323274,64.33588761174971,4.261739156459782,3.625983991454448,0.6357551650053344,2.782142857142856,-885375703.0
2022-11-28,197.03,197.21,196.79,197.05,64957217.0,AMZN,184.4395,175.46880000000002,151.4123,184.4395,195.05813005338206,173.82086994661796,0.027211593598498673,0.06432969644593367,74.22469280280866,4.8318954416557744,3.867166281494714,0.9647291601610606,2.943571428571427,-820418486.0
2022-11-29,206.89,207.16,206.32,206.51,68798495.0,AMZN,185.4955,176.4044,151.70805000000001,185.4955,200.0013136802587,170.98968631974128,0.0480081197665565,0.11542616398401284,79.68641918376758,5.978178623029777,4.289368749801726,1.6888098732280508,3.5999999999999983,-751619991.0
2022-11-30,211.91,211.92,211.85,211.9,41973195.0,AMZN,186.8695,177.32920000000001,152.02485000000001,186.8695,205.55116506159854,168.18783493840144,0.026100430971865762,0.14453926758129065,83.69997904881626,7.238107854897947,4.879116570820971,2.3589912840769767,3.8699999999999983,-709646796.0
2022-12-01,215.99,216.31,215.81,216.14,68632436.0,AMZN,188.42649999999998,178.3614,152.3699,188.42649999999998,211.195611371146,165.65738862885397,0.020009438414346326,0.16744085556875943,83.97528321318228,8.48097995559354,5.599489247775485,2.881490707818055,3.884999999999997,-641014360.0
2022-12-02,218.85,220.44,217.96,219.96,56745119.0,AMZN,190.434,179.40580000000003,152.74075,190.434,216.80012851048963,164.06787148951037,0.01767372998982153,0.18807389002916786,88.3670233848593,9.662820148952278,6.412155428010844,3.250664720941434,3.98142857142857,-584269241.0
2022-12-05,223.29,228.54,222.24,225.75,52207173.0,AMZN,192.579,180.63460000000003,153.13675,192.579,223.01358136984925,162.14441863015077,0.026322967812329567,0.2193475207950748,95.77946768060836,10.940526053732441,7.317829553155164,3.622696500577277,4.280714285714282,-532062068.0
2022-12-06,219.75,220.06,219.17,219.37,113107923.0,AMZN,194.523,181.6702,153.49135,194.523,226.6273817963592,162.4186182036408,-0.028261351052048744,0.18488711245543987,85.63657997620263,11.307953459999169,8.115854334523965,3.1920991254752042,4.737142857142855,-645169991.0
2022-12-07,224.42,225.41,223.27,224.18,42037992.0,AMZN,196.69400000000002,182.7948,153.8838,196.69400000000002,230.69597046921788,162.69202953078215,0.021926425673519656,0.21086745165820542,85.75762683296816,11.850662072202425,8.862815882059657,2.9878461901427684,4.844285714285712,-603131999.0
2022-12-08,222.9,225.07,222.22,224.0,60018085.0,AMZN,198.9075,183.8276,154.28869999999998,198.9075,234.00581357472277,163.80918642527723,-0.0008029262200017762,0.20989521443232229,86.4864864864865,12.126451872963372,9.5155430802404,2.610908792722972,4.965714285714283,-663150084.0
2022-12-09,229.85,229.88,229.83,229.87,99511337.0,AMZN,201.24349999999998,184.97260000000003,154.73315,201.24349999999998,238.10090618283408,164.3860938171659,0.0262053571428571,0.24160095063195497,86.1522382860129,12.672595427713844,10.14695354973509,2.525641877978755,4.863571428571425,-563638747.0
2022-12-12,238.94,239.8,237.67,237.72,27917469.0,AMZN,204.06750000000002,186.4582,155.21894999999998,204.06750000000002,243.0644509604358,165.07054903956424,0.03414973680776079,0.2840012963163019,87.27592829705507,13.58227946146178,10.834018732080427,2.7482607293813537,5.33785714285714,-535721278.0
2022-12-13,239.67,240.24,239.39,239.9,82300483.0,AMZN,207.183,187.9238,155.73735,207.183,247.21562779809946,167.15037220190052,0.009170452633350257,0.2957761693853309,89.32115293747047,14.314114194894358,11.530037824643214,2.784076370251144,5.417857142857143,-453420795.0
2022-12-14,232.63,235.04,231.02,233.5,47551874.0,AMZN,209.98600000000002,189.2028,156.2277,209.98600000000002,249.08965679494648,170.88234320505356,-0.02667778240933727,0.26120773468726455,81.39801923352948,14.213823867015094,12.066795033117591,2.1470288338975028,5.932142857142856,-500972669.0
2022-12-15,229.95,230.51,229.07,229.32,109641586.0,AMZN,212.3645,190.52239999999998,156.68015,212.3645,249.9959328160595,174.73306718394048,-0.017901498929336235,0.23863022577508985,76.11815521805767,13.639820631588151,12.381400152811704,1.258420478776447,6.092857142857142,-610614255.0
2022-12-16,221.46,224.72,219.93,223.09,40549391.0,AMZN,214.46549999999996,191.7874,157.1218,214.46549999999996,249.33065103713497,179.60034896286496,-0.02716727716727707,0.2049800151236909,67.88953009068425,12.5376833886572,12.412656799980805,0.12502658867639482,6.379285714285713,-651163646.0
2022-12-19,229.97,231.62,228.92,229.39,24777662.0,AMZN,216.517,193.13240000000002,157.5985,216.517,249.70250609433248,183.33149390566751,0.02823972387825524,0.23900831802959965,66.43205975294455,12.033870068541376,12.33689945369292,-0.30302938515154487,6.266428571428571,-626385984.0
2022-12-20,229.58,229.62,229.51,229.57,73473005.0,AMZN,218.43849999999998,194.4414,158.04995,218.43849999999998,249.8395226283381,187.03747737166185,0.0007846898295480464,0.239980555255483,63.71681415929203,11.516365386757883,12.172792640305914,-0.6564272535480313,5.896428571428572,-552912979.0
2022-12-21,219.98,221.25,219.29,220.31,54385221.0,AMZN,219.95549999999997,195.4404,158.46405000000001,219.95549999999997,248.35355884767358,191.55744115232636,-0.04033628087293628,0.1899643513017184,53.00302462912287,10.240982910867586,11.78643069441825,-1.5454477835506637,6.315714285714287,-607298200.0
2022-12-22,217.74,217.85,217.73,217.77,106423723.0,AMZN,221.35649999999995,196.29080000000002,158.87905,221.35649999999995,245.99615334257464,196.71684665742526,-0.01152920884208608,0.17624500378092334,48.393250183418935,8.922424185758445,11.21362939268629,-2.2912052069278452,6.192857142857144,-713721923.0
2022-12-23,208.33,212.4,207.72,210.16,115498190.0,AMZN,222.273,196.9882,159.25185,222.273,243.4018399562041,201.1441600437959,-0.034945125591220205,0.13514097439775363,38.859511219093896,7.180619780778244,10.407027470304682,-3.2264076895264377,6.297857142857146,-829220113.0
2022-12-26,210.27,211.53,209.69,211.16,68970427.0,AMZN,222.97850000000003,197.828,159.62955,222.97850000000003,241.31957759562056,204.6374224043795,0.004758279406166688,0.14054229231932647,43.64452701656603,5.813899864844728,9.48840194921269,-3.674502084367962,5.959285714285717,-760249686.0
2022-12-27,218.2,218.2,217.78,218.17,26887448.0,AMZN,223.56150000000002,198.82260000000002,160.02945,223.56150000000002,240.3762132000565,206.74678679994355,0.03319757529835199,0.17840553094955225,45.500823476568335,5.236054918004015,8.637932542970955,-3.4018776249669394,6.030714285714288,-733362238.0
2022-12-28,233.06,233.18,233.05,233.11,68352814.0,AMZN,224.62199999999999,200.12260000000003,160.52805,224.62199999999999,241.0099244374807,208.23407556251928,0.06847870926341848,0.2591012206978509,55.58553034947885,5.915452125829631,8.09343645954269,-2.1779843337130593,6.8992857142857185,-665009424.0
2022-12-29,238.37,238.62,234.66,236.72,114950793.0,AMZN,225.651,201.49040000000002,161.04375,225.651,242.37740383535316,208.92459616464686,0.015486251126077821,0.27859997839472905,54.319586328666915,6.6683080336607645,7.808410774366306,-1.140102740705541,6.872857142857147,-550058631.0
2022-12-30,233.09,233.35,232.86,232.99,82782895.0,AMZN,226.3025,202.6698,161.5391,226.3025,243.11041902959508,209.49458097040494,-0.015757012504224344,0.2584530625472623,46.85379805773581,6.884610433999569,7.623650706292958,-0.7390402722933889,6.439285714285717,-632841526.0
2023-01-02,227.6,227.97,227.59,227.7,75554779.0,AMZN,226.4,203.81380000000001,162.0092,226.4,243.21704523768898,209.58295476231103,-0.022704837117472954,0.22988009074214166,42.207460398569225,6.55362672561543,7.409645910157453,-0.8560191845420224,6.645000000000002,-708396305.0
2023-01-03,222.39,223.07,221.1,221.7,76931887.0,AMZN,226.5165,204.7678,162.4597,226.5165,243.15987677655824,209.87312322344178,-0.026350461133069825,0.19747218321270443,42.424242424242415,5.740991321888629,7.075914992503688,-1.3349236706150593,6.482142857142859,-785328192.0
2023-01-04,226.27,226.9,225.63,226.72,67583833.0,AMZN,226.6435,205.66,162.93220000000002,226.6435,243.25053119956482,210.03646880043516,0.022643211547135778,0.22458679917900026,48.34857723577236,5.439342600200803,6.748600514043112,-1.309257913842309,6.53714285714286,-717744359.0
2023-01-05,228.25,228.27,226.81,227.64,102072882.0,AMZN,226.8255,206.6214,163.39170000000001,226.8255,243.39027870918815,210.26072129081186,0.0040578687367678334,0.22955601166684736,53.099032829314794,5.214411634773597,6.44176273818921,-1.2273511034156126,5.977142857142861,-615671477.0
2023-01-06,226.05,226.38,225.97,226.12,106714329.0,AMZN,226.638,207.5982,163.84220000000002,226.638,243.14246268199042,210.1335373180096,-0.0066772096292391225,0.22134600842605656,47.61765991548887,4.857506614740629,6.1249115134994945,-1.2674048987588655,5.487142857142861,-722385806.0
2023-01-09,224.19,224.22,224.16,224.18,23717732.0,AMZN,225.961,208.4682,164.28040000000001,225.961,241.64170607970365,210.28029392029637,-0.00857951530160972,0.2108674516582052,46.17133115499362,4.3677661390482285,5.773482438609242,-1.4057162995610133,5.610714285714288,-746103538.0
2023-01-10,219.57,220.04,219.55,219.65,99833744.0,AMZN,224.94850000000002,209.15339999999998,164.6902,224.94850000000002,239.40701746786576,210.4899825321343,-0.02020697653671155,0.18639948147348018,49.49741090466038,3.572923702092112,5.3333706913058165,-1.7604469892137047,5.20714285714286,-845937282.0
2023-01-11,213.75,214.69,213.24,213.59,115582209.0,AMZN,223.95300000000003,209.73680000000002,165.07299999999998,223.95300000000003,238.67175581126796,209.2342441887321,-0.027589346687912575,0.15366749486874864,46.97889563457647,2.4260480184131836,4.75190615672729,-2.325858138314106,5.480714285714287,-961519491.0
2023-01-12,212.64,212.66,212.6,212.64,27445792.0,AMZN,223.11899999999997,210.28960000000004,165.46099999999998,223.11899999999997,238.43542791941638,207.80257208058356,-0.004447773772180419,0.1485362428432544,51.9833653230966,1.4240679469449447,4.086338514770821,-2.6622705678258765,4.83357142857143,-988965283.0
2023-01-13,214.36,215.09,214.05,214.18,99270902.0,AMZN,222.67350000000002,210.977,165.8519,222.67350000000002,238.50319930226573,206.8438006977343,0.00724228743416111,0.15685427244247663,52.394544877894084,0.7456611337211427,3.4182030385608857,-2.672541904839743,4.877142857142859,-889694381.0
2023-01-16,208.79,210.44,208.67,209.69,73907992.0,AMZN,221.68850000000003,211.51379999999997,166.19805,221.68850000000003,238.19564330222374,205.18135669777632,-0.020963675413203875,0.13260235497461448,42.9963660389825,-0.15252837673875774,2.704056755500957,-2.8565851322397147,4.767857142857147,-963602373.0
2023-01-17,206.81,207.3,206.77,207.07,21930857.0,AMZN,220.56350000000003,212.04539999999997,166.52085,220.56350000000003,237.8571097416035,203.26989025839657,-0.012494634937288418,0.11845090202009345,22.998755703027783,-1.0635027410394002,1.9505448561928855,-3.0140475972322855,3.904285714285716,-985533230.0
2023-01-18,211.98,212.41,211.21,211.34,108648174.0,AMZN,220.115,212.65699999999998,166.8685,220.115,237.89472292721587,202.33527707278415,0.02062104602308401,0.1415145295452096,24.038461538461576,-1.4244826248528284,1.2755393599837428,-2.700021984836571,3.89214285714286,-876885056.0
2023-01-19,208.69,208.7,208.69,208.7,112364548.0,AMZN,219.66150000000002,213.2364,167.18435000000002,219.66150000000002,238.14194801804092,201.18105198195911,-0.01249171950411665,0.12725505023225714,24.58673362628167,-1.901666492514579,0.6400981894840785,-2.5417646819986572,3.80571428571429,-989249604.0
2023-01-20,212.41,213.36,209.84,210.88,24316954.0,AMZN,219.6975,213.791,167.4962,219.6975,238.10266732362595,201.29233267637403,0.010445615716339285,0.13902992330128594,31.177260519248023,-2.0799539501696245,0.09608776155333787,-2.1760417117229625,3.7528571428571484,-964932650.0
2023-01-23,200.04,201.09,200.01,200.09,111947791.0,AMZN,219.144,214.168,167.7341,219.144,239.22017745121747,199.06782254878254,-0.051166540212443046,0.08074970292751482,28.158479886800123,-3.0566754175612516,-0.5344648742695801,-2.5222105432916715,4.0578571428571495,-1076880441.0
2023-01-24,192.39,192.57,192.04,192.14,55285644.0,AMZN,217.84249999999997,214.459,167.9637,217.84249999999997,241.27837252595404,194.4066274740459,-0.03973212054575448,0.03780922545101051,17.00381679389315,-4.421267160759129,-1.31182533156749,-3.1094418291916393,4.261428571428577,-1132166085.0
2023-01-25,189.88,190.43,189.72,190.11,51462328.0,AMZN,215.69250000000002,214.71239999999997,168.17940000000002,215.69250000000002,241.04241155388132,190.34258844611873,-0.010565212865618734,0.026844550070217688,14.931788450756926,-5.601944256874162,-2.1698491166288245,-3.432095140245338,4.323571428571433,-1183628413.0
2023-01-26,194.89,195.29,194.58,194.67,54114079.0,AMZN,213.58999999999997,214.97079999999997,168.3884,213.58999999999997,238.56921325296224,188.6107867470377,0.02398611330282452,0.05147455979258986,22.192749778956667,-6.0993756654329445,-2.9557544263896487,-3.143621239043296,4.574285714285717,-1129514334.0
2023-01-27,193.22,193.77,192.96,193.53,62521196.0,AMZN,211.61700000000002,215.22,168.56224999999998,211.61700000000002,236.37691760891215,186.85708239108789,-0.005856064108491266,0.04531705736199676,22.511210762331856,-6.5105327443273495,-3.6667100899771894,-2.84382265435016,4.556428571428573,-1192035530.0
2023-01-30,198.14,198.55,197.62,198.42,118531582.0,AMZN,210.15300000000002,215.4212,168.76144999999997,210.15300000000002,234.36537708715605,185.940622912844,0.02526740040303821,0.07172950199848804,31.081803600071282,-6.368384783411841,-4.20704502866412,-2.161339754747721,4.584285714285717,-1073503948.0
2023-01-31,200.8,201.65,200.79,201.42,43721431.0,AMZN,209.13899999999998,215.6268,168.98575,209.13899999999998,233.01148748973338,185.26651251026658,0.015119443604475258,0.08793345576320655,38.52968897266728,-5.945124873481888,-4.554660997627674,-1.3904638758542136,4.357142857142861,-1029782517.0
2023-02-01,206.35,206.57,206.2,206.35,40070391.0,AMZN,208.1205,215.95440000000002,169.24869999999999,208.1205,230.52794469802038,185.7130553019796,0.024476218846192,0.1145619531165607,44.48535858320183,-5.1524839198503685,-4.674225582072213,-0.4782583377781551,4.654285714285718,-989712126.0
2023-02-02,217.18,217.18,217.08,217.1,29034107.0,AMZN,207.5935,216.5014,169.56615,207.5935,228.51445627783423,186.67254372216578,0.05209595347710194,0.17262612077346895,52.20410628019323,-3.615201304670677,-4.4624207265919065,0.8472194219212295,5.252857142857146,-960678019.0
2023-02-03,222.15,223.75,220.54,221.16,87217997.0,AMZN,207.3455,217.088,169.9052,207.3455,227.44315157792,187.24784842207998,0.018701059419622412,0.1945554715350548,58.71448108190245,-2.0457040841775154,-3.9790773981090286,1.9333733139315132,5.334285714285717,-873460022.0
2023-02-06,219.57,219.57,219.55,219.56,100577083.0,AMZN,207.1145,217.5382,170.2288,207.1145,226.49069535192322,187.73830464807676,-0.007234581298607323,0.18591336286053828,59.63883315326441,-0.9203634802677243,-3.367334614540768,2.446971134273044,5.240714285714288,-974037105.0
2023-02-07,220.59,221.15,220.02,220.5,64421708.0,AMZN,207.15699999999998,217.81799999999998,170.56029999999998,207.15699999999998,226.65232856326293,187.66167143673704,0.004281289852432035,0.1909906017068166,57.452001301659614,0.04678785875293556,-2.684510119882028,2.7312979786349634,4.972857142857145,-909615397.0
2023-02-08,219.18,224.84,219.03,222.51,98540080.0,AMZN,207.60299999999998,218.0302,170.9129,207.60299999999998,228.1003683548349,187.10563164516506,0.009115646258503363,0.20184725072917797,61.35130692092719,0.9643361972021296,-1.9547408564651967,2.9190770536673263,5.198571428571431,-811075317.0
2023-02-09,223.65,224.38,223.44,223.63,53149888.0,AMZN,208.1525,218.18,171.27505000000002,208.1525,229.77670366650833,186.52829633349168,0.005033481641274484,0.20789672680133942,60.66588589593442,1.7615682435973667,-1.2114790364526842,2.973047280050051,4.9992857142857146,-757925429.0
2023-02-10,228.28,228.32,228.27,228.29,110132067.0,AMZN,208.858,218.3466,171.66385000000002,208.858,232.16538721837944,185.55061278162057,0.02083799132495634,0.23306686831586898,76.28635346756155,2.7378432857178723,-0.4216145720185729,3.159457857736445,4.557857142857143,-647793362.0
2023-02-13,228.58,229.85,228.25,229.64,41748425.0,AMZN,209.85549999999998,218.4244,172.06765,209.85549999999998,234.95178655692868,184.75921344307127,0.00591353103508685,0.24035864750999214,89.8596938775511,3.579222953638862,0.37855293311291405,3.2006700205259477,4.097142857142856,-606044937.0
2023-02-14,233.18,234.1,233.06,233.83,108712279.0,AMZN,211.1935,218.7136,172.5158,211.1935,238.42689611966608,183.96010388033392,0.0182459501828951,0.26299016960138255,94.43089430894312,4.5318796968403205,1.2092182858583955,3.322661410981925,4.242857142857143,-497332658.0
2023-02-15,234.36,235.39,232.66,232.87,27129270.0,AMZN,212.26999999999998,218.88739999999999,172.96224999999998,212.26999999999998,241.17837431028036,183.3616256897196,-0.004105546764743617,0.2578049043966726,91.88596491228073,5.150036635851876,1.9973819558570918,3.152654679994784,4.067857142857144,-524461928.0
2023-02-16,236.72,236.97,236.32,236.51,92169594.0,AMZN,213.6605,219.1376,173.4357,213.6605,244.45937180093864,182.86162819906139,0.015631038777000006,0.27746570163119766,94.67775467775468,5.86602812213323,2.7711111891123195,3.0949169330209103,4.238571428571431,-432292334.0
2023-02-17,233.62,233.78,233.49,233.67,68526076.0,AMZN,214.8,219.21359999999996,173.90024999999997,214.8,246.82758547844463,182.7724145215554,-0.01200794892393553,0.26212595873393085,88.27361563517914,6.133588082927645,3.443606567875385,2.68998151505226,4.095714285714286,-500818410.0
2023-02-20,231.45,234.76,231.44,234.17,38130407.0,AMZN,216.504,219.1426,174.3831,216.504,248.86098925555876,184.14701074444122,0.00213976976077368,0.26482661769471716,87.60045924225028,6.31320243303233,4.017525740906774,2.2956766921255563,4.102142857142856,-462688003.0
2023-02-21,233.33,234.55,232.75,233.65,64130943.0,AMZN,218.57949999999997,219.0176,174.85434999999998,218.57949999999997,249.6561688420096,187.50283115799033,-0.002220608959302983,0.2620179323754994,84.87480838017376,6.340499118350493,4.482120416395518,1.8583787019549751,3.8628571428571417,-526818946.0
2023-02-22,237.68,237.73,237.51,237.61,25028545.0,AMZN,220.9545,219.0998,175.33954999999997,220.9545,250.06840297290867,191.84059702709132,0.016948427134602984,0.2834071513449279,81.70015455950545,6.605526445954723,4.906801622307359,1.698724823647364,3.3807142857142827,-501790401.0
2023-02-23,239.45,239.47,239.39,239.44,73461918.0,AMZN,223.19299999999998,219.3022,175.87099999999998,223.19299999999998,250.63408721185405,195.75191278814592,0.007701696056563234,0.29329156314140614,80.34528552456842,6.883875190420099,5.3022163359299075,1.5816588544901915,3.038571428571424,-428328483.0
2023-02-24,239.27,239.58,239.19,239.26,92706550.0,AMZN,225.4795,219.62560000000002,176.38729999999998,225.4795,249.97657305824964,200.98242694175036,-0.0007517540928834165,0.292319325915523,84.3205574912892,7.0091469965918805,5.643602468062302,1.3655445285295782,2.951428571428569,-521035033.0
2023-02-27,244.91,244.92,244.8,244.81,20362567.0,AMZN,227.79900000000004,219.93399999999997,176.92974999999998,227.79900000000004,250.203681747588,205.39431825241206,0.02319652261138505,0.3222966403802523,86.49054338036626,7.470153146765313,6.008912603802904,1.4612405429624085,3.2421428571428543,-500672466.0
2023-02-28,247.84,249.38,246.7,248.9,65741352.0,AMZN,230.173,220.32059999999998,177.4861,230.173,250.8002146243277,209.5457853756723,0.01670683387116534,0.3443880306794853,87.28454365640012,8.072478157336917,6.421625714509707,1.65085244282721,3.153571428571425,-434931114.0
2023-03-01,241.89,247.03,240.21,244.43,104952178.0,AMZN,232.077,220.803,178.01095,232.077,250.33977098938485,213.81422901061515,-0.01795901968662117,0.3202441395700546,76.84563758389262,8.095809967245287,6.7564625650568235,1.339347402188464,3.6407142857142816,-539883292.0
2023-03-02,243.35,243.47,243.19,243.43,33815135.0,AMZN,233.3935,221.31619999999998,178.51945,233.3935,250.89043780727854,215.89656219272143,-0.004091150840731528,0.31484282164848176,71.57924743443559,7.942057852874399,6.993581622620339,0.9484762302540597,3.394285714285711,-573698427.0
2023-03-03,245.32,245.35,245.21,245.32,116595325.0,AMZN,234.60150000000004,222.0194,179.0558,234.60150000000004,251.87683108830993,217.32616891169016,0.007764038943433471,0.32505131252025454,72.01010668163954,7.8818582435767155,7.171236946811614,0.7106212967651011,3.4171428571428533,-457103102.0
2023-03-06,256.39,256.54,256.17,256.48,40867378.0,AMZN,236.4475,222.92579999999998,179.62485,236.4475,254.8113304397873,218.08366956021268,0.045491602804500264,0.38533002052500764,76.59074900211317,8.635127971408139,7.464015151730919,1.1711128196772194,3.8999999999999977,-416235724.0
2023-03-07,263.44,264.46,263.37,263.69,86217441.0,AMZN,238.60700000000003,223.8362,180.24075000000002,238.60700000000003,259.1081220232147,218.1058779767853,0.0281113537117903,0.42427352273954777,81.55200655200656,9.702047239977986,7.911621569380333,1.790425670597653,4.274999999999996,-330018283.0
2023-03-08,260.97,261.52,260.58,261.37,34198087.0,AMZN,240.55,224.4014,180.84995000000004,240.55,261.9727709643196,219.12722903568044,-0.00879821001934089,0.4117424651614987,76.15740740740743,10.242316783843506,8.377760612272969,1.8645561715705377,4.204285714285711,-364216370.0
2023-03-09,254.97,258.04,254.4,255.99,97992980.0,AMZN,242.16799999999998,224.7868,181.4201,242.16799999999998,263.09237772451354,221.2436222754864,-0.020583846654168347,0.38268337474343683,72.2932481022773,10.119709540047609,8.726150397827897,1.3935591422197113,4.486428571428569,-462209350.0
2023-03-10,263.76,267.46,262.76,263.78,65678581.0,AMZN,243.94249999999997,225.40259999999998,182.05540000000002,243.94249999999997,265.90511500584495,221.97988499415496,0.03043087620610163,0.4247596413524892,75.81517000871841,10.529749909836596,9.086870300229638,1.4428796096069583,5.068571428571425,-396530769.0
2023-03-13,264.11,264.52,264.11,264.48,49820558.0,AMZN,245.6845,226.13819999999998,182.67275,245.6845,268.384972033122,222.98402796687802,0.002653726590340577,0.4285405638975903,76.79471580045195,10.786849915684542,9.42686622332062,1.3599836923639224,4.992857142857139,-346710211.0
2023-03-14,258.65,258.8,258.06,258.28,34611420.0,AMZN,246.907,226.8698,183.2687,246.907,269.5528157864057,224.26118421359433,-0.023442226255293575,0.3950523927838383,67.29128325246775,10.370767585044774,9.615646495665452,0.7551210893793225,5.159999999999998,-381321631.0
2023-03-15,254.5,255.24,253.63,254.2,110329482.0,AMZN,247.9735,227.4194,183.852,247.9735,269.83121527041084,226.11578472958917,-0.0157968096639306,0.373015015663821,61.89938729442114,9.601121684001725,9.612741533332706,-0.011619849330980259,5.359285714285712,-491651113.0
2023-03-16,258.14,259.64,256.97,259.49,93505225.0,AMZN,249.1225,228.0564,184.4246,249.1225,270.85858484089937,227.3864151591006,0.02081038552321024,0.40158798746894164,65.06777893639207,9.310702568552017,9.552333740376568,-0.24163117182455096,5.719999999999997,-398145888.0
2023-03-17,264.53,264.56,263.97,264.3,98933342.0,AMZN,250.654,228.82,185.04635,250.654,272.1204461795427,229.1875538204573,0.01853635978265067,0.4275683266717072,64.67841542400964,9.360765055666292,9.514020003434513,-0.15325494776822168,5.67785714285714,-299212546.0
2023-03-20,263.36,263.84,263.3,263.6,28524344.0,AMZN,252.12550000000002,229.6084,185.69224999999997,252.12550000000002,272.8564069799367,231.39459302006335,-0.0026485054861898893,0.4237874041266063,61.66666666666668,9.237471960890701,9.45871039492575,-0.22123843403504928,5.42285714285714,-327736890.0
2023-03-21,257.71,258.27,257.3,258.25,99140971.0,AMZN,253.35550000000003,230.3804,186.3057,253.35550000000003,272.3142768592878,234.39672314071228,-0.020295902883156414,0.3948903532461914,60.817157169693154,8.608823844347029,9.288733084810007,-0.6799092404629778,5.2521428571428554,-426877861.0
2023-03-22,254.56,256.18,253.93,254.47,20221740.0,AMZN,254.19850000000002,231.19800000000004,186.91535,254.19850000000002,271.6487339299734,236.74826607002663,-0.014636979670861527,0.37447337150264604,58.28082808280826,7.716648552532462,8.974316178354497,-1.2576676258220356,5.472142857142854,-447099601.0
2023-03-23,252.37,252.67,251.81,252.23,82138790.0,AMZN,254.83800000000002,231.9898,187.52765,254.83800000000002,270.89256564018496,238.7834343598151,-0.008802609344912948,0.36237441935832293,55.15594687360094,6.751022343247172,8.529657411333034,-1.7786350680858618,5.524999999999998,-529238391.0
2023-03-24,244.64,245.23,244.35,244.79,99265115.0,AMZN,255.1145,232.60199999999998,188.10550000000003,255.1145,270.2006895366959,240.02831046330408,-0.02949688776117032,0.32218861402182086,40.76473376520776,5.324038591319976,7.888533647330422,-2.564495056010446,5.286428571428567,-628503506.0
2023-03-27,244.65,245.19,242.97,243.63,113778681.0,AMZN,255.0555,233.28080000000003,188.6731,255.0555,270.31955267977014,239.79144732022988,-0.004738755668123651,0.31592308523279633,32.477288609364095,4.05282296127649,7.121391510119636,-3.068568548843146,4.874999999999998,-742282187.0
2023-03-28,239.11,239.97,238.32,238.98,50774299.0,AMZN,254.55949999999999,233.919,189.22074999999998,254.55949999999999,271.2443175234176,237.8746824765824,-0.019086319418790798,0.2908069568974825,31.206983380896432,2.639730111968646,6.225059230489439,-3.585329118520793,5.032142857142854,-793056486.0
2023-03-29,238.11,238.23,238.06,238.11,106716869.0,AMZN,254.24349999999998,234.45440000000002,189.75594999999998,254.24349999999998,271.94453806055793,236.54246193944203,-0.0036404720060254636,0.2861078103057142,33.763167453686904,1.4331219808930484,5.266671780570161,-3.8335497996771126,4.599999999999996,-899773355.0
2023-03-30,232.42,233.45,230.55,231.93,107417873.0,AMZN,253.66850000000005,234.919,190.28,253.66850000000005,273.4709456490727,233.86605435092739,-0.025954390827768736,0.25272766555039383,20.205799812909348,-0.02154959736725459,4.209027504982678,-4.230577102349932,4.320714285714284,-1007191228.0
2023-03-31,234.86,234.91,234.83,234.84,109464929.0,AMZN,253.14449999999997,235.3982,190.79930000000002,253.14449999999997,274.3798899992752,231.90911000072475,0.012546889147587725,0.2684455007021709,23.374056773266275,-0.9288672202507371,3.181448559935995,-4.110315780186732,4.480714285714283,-897726299.0
2023-04-03,233.3,233.4,232.1,233.15,110716452.0,AMZN,251.978,236.0594,191.33615,251.978,274.9352303482676,229.02076965173242,-0.007196389030829531,0.25931727341471267,25.434995112414498,-1.7639580390882088,2.1923672401311545,-3.9563252792193633,4.21785714285714,-1008442751.0
2023-04-04,237.56,237.57,237.52,237.56,94361813.0,AMZN,250.67149999999998,236.96779999999998,191.8931,250.67149999999998,273.7957977930424,227.5472022069575,0.018914861677032047,0.2831370854488491,33.83838383838386,-2.046334514939957,1.3446268891169322,-3.390961404056889,4.201428571428569,-914080938.0
2023-04-05,239.39,239.93,239.24,239.63,44989068.0,AMZN,249.5845,237.9582,192.43579999999997,249.5845,272.63505265920946,226.53394734079052,0.008713588146152418,0.29431781354650477,29.423953584749256,-2.0791213890124993,0.6598772334910459,-2.738998622503545,3.982142857142855,-869091870.0
2023-04-06,237.91,243.01,236.99,239.53,91762795.0,AMZN,248.76149999999998,238.8554,192.9855,248.76149999999998,272.0235036019943,225.49949639800565,-0.0004173100196135371,0.2937776817543476,21.56142365097587,-2.08909262779855,0.11008326123312673,-2.1991758890316766,4.049999999999997,-960854665.0
2023-04-07,236.53,239.51,232.82,234.27,28635866.0,AMZN,247.286,239.6702,193.49485,247.286,270.27904279216546,224.29295720783458,-0.021959671022418914,0.26536674948687433,19.517771773020144,-2.4926986681260814,-0.41047312463871494,-2.0822255434873664,4.457857142857141,-989490531.0
2023-04-10,235.75,236.07,235.65,235.92,37420484.0,AMZN,245.858,240.4202,194.02774999999997,245.858,267.8819043338257,223.83409566617433,0.007043155333589457,0.2742789240574697,24.85926593109656,-2.6488834727345534,-0.8581551942578827,-1.7907282784766707,4.136428571428567,-952070047.0
2023-04-11,230.17,231.9,229.53,229.77,102334670.0,AMZN,244.43249999999998,240.98719999999997,194.54925000000003,244.43249999999998,266.7596153297421,222.10538467025788,-0.026068158697863608,0.2410608188397967,23.599828986746445,-3.2316620692485003,-1.3328565692560064,-1.898805499992494,4.284285714285709,-1054404717.0
2023-04-12,225.3,225.3,224.12,224.71,72657877.0,AMZN,242.958,241.3544,195.07075,242.958,266.43459672278846,219.4814032772115,-0.02202202202202208,0.213730150156638,22.258064516128997,-4.055073652622696,-1.8772999859293444,-2.1777736666933514,4.497857142857138,-1127062594.0
2023-04-13,223.05,223.72,222.96,223.54,113600359.0,AMZN,241.1605,241.4832,195.59315000000004,241.1605,264.8119020726093,217.50909792739074,-0.005206710871790365,0.20741060818839774,25.478882990999267,-4.747318355806215,-2.4513036599047187,-2.296014695901496,4.059999999999996,-1240662953.0
2023-04-14,214.37,215.46,213.23,215.3,76276466.0,AMZN,238.7105,241.366,196.05290000000002,238.7105,262.42092806335614,215.00007193664382,-0.036861411827860735,0.1629037485146374,21.90041658401107,-5.892896760228524,-3.1396222799694797,-2.7532744802590443,4.637857142857139,-1316939419.0
2023-04-17,229.16,229.16,227.45,227.74,55735899.0,AMZN,236.91750000000002,241.5296,196.57035000000005,236.91750000000002,257.97853198851533,215.8564680114847,0.057779842080817545,0.23009614345900387,40.34364261168385,-5.730909507166473,-3.6578797254088786,-2.0730297817575942,5.248571428571424,-1261203520.0
2023-04-18,226.18,227.08,224.38,226.59,38899359.0,AMZN,235.3345,241.6514,197.07240000000002,235.3345,254.29932891538127,216.36967108461872,-0.005049617985422028,0.22388462784919505,40.150478796169615,-5.630424798845297,-4.052388740096163,-1.5780360587491344,5.42285714285714,-1300102879.0
2023-04-19,216.76,216.96,216.24,216.39,56053172.0,AMZN,233.4305,241.52899999999997,197.48175,233.4305,251.94723436594987,214.91376563405012,-0.04501522573811734,0.16879118504915192,37.56799999999997,-6.301208291769228,-4.5021526504307765,-1.7990556413384517,5.622142857142854,-1356156051.0
2023-04-20,222.85,223.23,222.55,222.86,101013311.0,AMZN,231.962,241.5136,197.91995,231.962,248.78187746373123,215.14212253626874,0.02989971810157588,0.2037377120017283,40.93248561913412,-6.238816916803415,-4.849485503705305,-1.3893314130981107,5.8978571428571405,-1255142740.0
2023-04-21,225.65,225.77,225.63,225.66,73700064.0,AMZN,231.00550000000004,241.46099999999998,198.37614999999997,231.00550000000004,246.90435196120796,215.10664803879212,0.012563941487929497,0.21886140218213224,44.42459431293731,-5.895475333376595,-5.058683469639563,-0.836791863737032,5.909999999999997,-1181442676.0
2023-04-24,228.01,228.47,227.62,228.21,46321841.0,AMZN,230.23449999999997,241.43239999999997,198.84155,230.23449999999997,245.0115953274309,215.45740467256903,0.011300186120712707,0.23263476288214324,42.84183126626857,-5.3558718097986,-5.118121137671371,-0.23775067212722956,5.794999999999997,-1135120835.0
2023-04-25,229.8,229.96,229.65,229.68,37111964.0,AMZN,229.76950000000002,241.34939999999997,199.29955,229.76950000000002,243.96157558723795,215.5774244127621,0.006441435519915828,0.24057470022685523,42.31185288208932,-4.754804982952038,-5.0454579067275045,0.2906529237754665,5.750714285714283,-1098008871.0
2023-04-26,224.07,224.52,222.16,222.82,117221263.0,AMZN,229.00499999999997,241.14839999999995,199.72275000000002,229.00499999999997,242.95048559288057,215.05951440711937,-0.029867641936607514,0.2035216592848652,38.309780327410095,-4.776934335332044,-4.991753192448413,0.21481885711636917,5.857857142857142,-1215230134.0
2023-04-27,227.9,229.51,226.31,226.34,116893267.0,AMZN,228.7255,240.945,200.15849999999998,228.7255,242.64820311776597,214.80279688223405,0.015797504712323995,0.2225342983688019,44.31378172952817,-4.459036428104611,-4.885209839579653,0.42617341147504195,5.85642857142857,-1098336867.0
2023-04-28,223.83,225.85,223.17,223.58,80809903.0,AMZN,228.1625,240.7432,200.58455,228.1625,241.95416472147792,214.37083527852207,-0.012194044358045386,0.20762666090526083,41.29023150762283,-4.3793268263953,-4.784033236942783,0.40470641054748313,5.9542857142857155,-1179146770.0
2023-05-01,219.01,219.61,217.76,218.62,104303294.0,AMZN,227.436,240.43220000000002,200.987,227.436,241.64589781066906,213.22610218933096,-0.022184452992217607,0.1808361240142593,41.9956927494616,-4.66263894099464,-4.759754377753154,0.0971154367585143,5.913571428571432,-1283450064.0
2023-05-02,217.33,217.34,214.49,216.5,82363753.0,AMZN,226.38300000000004,240.0892,201.35635000000002,226.38300000000004,240.55525027632936,212.21074972367072,-0.009697191473790112,0.1693853300205248,43.84649977514615,-5.000588444558275,-4.807921191114178,-0.19266725344409696,5.805000000000002,-1365813817.0
2023-05-03,215.36,215.43,214.62,214.89,22884106.0,AMZN,225.14600000000002,239.63479999999998,201.72490000000002,225.14600000000002,238.75754989435416,211.53445010564587,-0.007436489607390406,0.16068920816679233,43.55919583023083,-5.336809982170166,-4.913698949325376,-0.42311103284479046,5.814285714285717,-1388697923.0
2023-05-04,214.73,219.01,213.98,217.14,48862893.0,AMZN,224.02650000000003,239.18880000000001,202.09975000000003,224.02650000000003,236.27123124074467,211.78176875925539,0.010470473265391522,0.17284217349033115,51.5042511445389,-5.359925887909725,-5.002944337042246,-0.35698155086747896,5.4371428571428595,-1339835030.0
2023-05-05,225.93,226.47,224.62,224.91,38424176.0,AMZN,223.5585,238.9018,202.51579999999998,223.5585,234.83170675435733,212.2852932456427,0.03578336557059969,0.21481041374095233,47.495131881748975,-4.697125803940338,-4.941780630421865,0.24465482648152737,5.113571428571433,-1301410854.0
2023-05-08,229.61,230.0,229.43,229.96,77444096.0,AMZN,223.2605,238.60479999999998,202.95385,223.2605,233.41769703358747,213.10330296641254,0.02245342581477039,0.24208706924489531,52.790197052492125,-3.721460486825407,-4.697716601702574,0.9762561148771667,5.237142857142861,-1223966758.0
2023-05-09,226.22,226.53,224.94,225.69,43897495.0,AMZN,223.0565,238.1406,203.3844,223.0565,232.81945527950649,213.29354472049351,-0.018568446686380247,0.21902344171977917,58.5383767903048,-3.2552673125977094,-4.409226743881601,1.1539594312838917,4.856428571428576,-1267864253.0
2023-05-10,226.65,227.04,226.0,226.47,101173703.0,AMZN,223.14450000000002,237.7814,203.8157,223.14450000000002,233.00148464622725,213.2875153537728,0.003456068057955619,0.223236469698606,53.70104572483082,-2.790696964555025,-4.085520788016286,1.294823823461261,4.464285714285718,-1166690550.0
2023-05-11,229.39,230.93,228.38,229.38,74724933.0,AMZN,223.43650000000002,237.5004,204.2618,223.43650000000002,233.6811952126538,213.19180478734626,0.012849384024373967,0.23895430485038283,53.80523731587561,-2.1627777805950075,-3.70097218653203,1.5381944059370225,4.575000000000005,-1091965617.0
2023-05-12,219.71,219.85,219.6,219.62,94197935.0,AMZN,223.6525,236.9864,204.64465,223.6525,233.34199919949498,213.96300080050503,-0.04254948121021884,0.1862374419358317,42.34266357639508,-2.4247467643232596,-3.445727102090276,1.0209803377670164,5.072857142857147,-1186163552.0
2023-05-15,206.17,207.35,206.16,206.6,23844036.0,AMZN,222.5955,235.9888,204.96689999999998,222.5955,234.71504050719048,210.4759594928095,-0.05928421819506424,0.11591228259695296,32.9390892962744,-3.6409931559698805,-3.484780312866197,-0.15621284310368333,5.90928571428572,-1210007588.0
2023-05-16,196.63,196.92,196.07,196.75,69567533.0,AMZN,221.10350000000003,234.65,205.22349999999997,221.10350000000003,237.68000877471064,204.5269912252894,-0.047676669893514045,0.06270930106946038,31.544669403936027,-5.3381549368215815,-3.8554552376572744,-1.482699699164307,6.124285714285719,-1279575121.0
2023-05-17,194.65,196.53,194.25,196.0,108175036.0,AMZN,220.084,233.34259999999998,205.4535,220.084,240.04390233074278,200.12409766925722,-0.003811944091486663,0.058658312628280695,27.645151783082838,-6.6668354780948675,-4.417731285744793,-2.2491041923500745,5.825000000000005,-1387750157.0
2023-05-18,194.73,194.86,194.32,194.66,31389693.0,AMZN,218.67400000000004,232.11599999999999,205.67010000000002,218.67400000000004,241.57562338534908,195.772376614651,-0.0068367346938775775,0.05142054661337303,28.236002408187844,-7.738743759968884,-5.081933780589612,-2.656809979379272,5.718571428571432,-1419139850.0
2023-05-19,194.42,194.5,194.23,194.42,21953982.0,AMZN,217.112,230.7288,205.88305,217.112,242.16754301526157,192.05645698473842,-0.0012329189355800851,0.05012423031219537,30.395333765392095,-8.509512427990188,-5.767449510069728,-2.7420629179204603,5.333571428571432,-1441093832.0
2023-05-22,197.18,197.67,196.77,196.98,20590104.0,AMZN,215.5505,229.37879999999998,206.1042,215.5505,241.56799328513895,189.53300671486105,0.013167369612179902,0.06395160419142187,34.2985842985843,-8.812199989226372,-6.376399605901057,-2.435800383325315,5.2707142857142895,-1420503728.0
2023-05-23,193.79,193.81,193.75,193.79,81259884.0,AMZN,213.756,228.08900000000003,206.29489999999998,213.756,240.60761675030764,186.90438324969236,-0.01619453751649913,0.04672140002160452,33.44838406024476,-9.203397366386014,-6.941799157998049,-2.261598208387965,5.36714285714286,-1501763612.0
2023-05-24,191.89,194.59,191.42,192.64,93759478.0,AMZN,212.24699999999999,226.8578,206.48145,212.24699999999999,240.31827027294943,184.17572972705054,-0.005934258733680808,0.040509884411795705,30.44380587484038,-9.496746908418402,-7.45278870808212,-2.0439582003362817,5.234285714285718,-1595523090.0
2023-05-25,187.52,187.74,187.41,187.59,72819673.0,AMZN,210.30949999999999,225.4198,206.6218,210.30949999999999,239.6074571588931,181.01154284110686,-0.026214700996677665,0.013233228907852945,18.85847797062752,-10.021203137550089,-7.966471593975715,-2.0547315435743734,4.941428571428574,-1668342763.0
2023-05-26,183.01,183.53,182.87,183.36,116065354.0,AMZN,208.29850000000002,223.80100000000002,206.72165,208.29850000000002,239.23662451363487,177.36037548636517,-0.02254917639533016,-0.009614345900400223,10.575296108291028,-10.65533604484645,-8.504244484149863,-2.151091560696587,4.915000000000002,-1784408117.0
2023-05-29,183.07,187.48,180.8,183.58,63819952.0,AMZN,206.5465,222.2006,206.82004999999998,206.5465,238.9571111766227,174.13588882337731,0.0011998254799301389,-0.008426055957654222,11.7529518619437,-11.013185632672958,-9.006032713854482,-2.007152918818475,5.033571428571428,-1720588165.0
2023-05-30,183.32,183.36,183.27,183.31,101396165.0,AMZN,204.887,220.7018,206.9242,204.887,238.52723474478617,171.24676525521383,-0.0014707484475433574,-0.00988441179647892,10.43270993766042,-11.189584191423961,-9.442743009368378,-1.746841182055583,4.9592857142857145,-1821984330.0
2023-05-31,186.44,187.1,184.27,185.63,55459772.0,AMZN,203.424,219.325,207.0164,203.424,237.77014903718197,169.07785096281805,0.012656156238066707,0.002646645781570145,9.453197405004616,-11.015200336412107,-9.757234474777125,-1.2579658616349825,4.911428571428571,-1766524558.0
2023-06-01,190.84,190.97,190.25,190.4,95734329.0,AMZN,202.087,218.0884,207.14939999999999,202.087,236.26646388665344,167.90753611334654,0.025696277541345847,0.02841093226747282,20.159313725490208,-10.372532639905216,-9.880294107802744,-0.4922385321024727,4.594285714285713,-1670790229.0
2023-06-02,188.93,189.92,188.78,189.32,75821899.0,AMZN,200.3075,216.979,207.2873,200.3075,233.16410832353836,167.45089167646165,-0.005672268907563116,0.022577508912174027,26.661264181523492,-9.836966408853897,-9.871628568012975,0.03466215915907789,3.7485714285714278,-1746612128.0
2023-06-05,189.27,191.08,188.62,190.33,89703760.0,AMZN,198.326,215.91299999999998,207.45035,198.326,228.30721264357123,168.34478735642875,0.005334882738221136,0.0280328400129628,38.60894251242019,-9.224691254510503,-9.74224110531248,0.5175498508019771,3.1721428571428567,-1656908368.0
2023-06-06,188.27,189.41,186.98,187.41,36674786.0,AMZN,196.41199999999998,214.8816,207.60774999999998,196.41199999999998,223.81445828388541,169.00954171611454,-0.015341774812168474,0.012260991681969813,35.84843492586492,-8.872798284531967,-9.56835254115638,0.695554256624412,3.2328571428571444,-1693583154.0
2023-06-07,184.27,185.07,184.2,184.46,106803479.0,AMZN,194.3115,213.8086,207.731,194.3115,218.23187165263272,170.39112834736727,-0.015740888960034116,-0.003672896186670105,34.042553191489404,-8.731311789140989,-9.400944390753303,0.6696326016123137,3.3421428571428584,-1800386633.0
2023-06-08,182.79,182.86,182.76,182.77,52720727.0,AMZN,191.981,212.82539999999997,207.8362,191.981,209.82628113949,174.13571886051,-0.009161877913910876,-0.012801123474128207,32.565100269380466,-8.655773232476974,-9.251910159098038,0.5961369266210639,3.432857142857145,-1853107360.0
2023-06-09,177.2,177.68,176.7,177.28,116031803.0,AMZN,189.864,211.6742,207.91025000000002,189.864,203.43818664811843,176.28981335188158,-0.03003775236636219,-0.0424543588635633,22.894881673087554,-8.935898030162093,-9.18870773331085,0.25280970314875617,3.634285714285718,-1969139163.0
2023-06-12,172.04,172.26,171.01,171.5,57281742.0,AMZN,188.109,210.44119999999998,207.94665,188.109,201.64857458711523,174.56942541288478,-0.03260379061371843,-0.07367397645025442,21.371692781916295,-9.514618050796741,-9.253889796808028,-0.260728253988713,3.8514285714285768,-2026420905.0
2023-06-13,168.19,169.39,166.79,168.41,67798810.0,AMZN,186.692,209.0582,207.94389999999999,186.692,202.211063455195,171.17293654480503,-0.01801749271137032,-0.0903640488279146,20.35723024223151,-10.106098203136753,-9.424331478073775,-0.6817667250629782,3.961428571428576,-2094219715.0
2023-06-14,165.78,165.87,164.58,165.14,91995845.0,AMZN,185.149,207.5684,207.9325,185.149,202.76615180994887,167.53184819005114,-0.01941689923401224,-0.10802635843145791,21.284215911997975,-10.715194069464275,-9.682503996351876,-1.0326900731123985,3.8614285714285757,-2186215560.0
2023-06-15,161.09,161.75,160.74,161.7,37052771.0,AMZN,183.501,206.0118,207.89495,183.501,203.39179437962883,163.61020562037118,-0.020830810221630136,-0.12660689208166853,21.723237597911236,-11.344711411236943,-10.01494547932889,-1.329765931908053,3.838571428571431,-2223268331.0
2023-06-16,160.96,161.09,159.76,160.34,88969577.0,AMZN,181.797,204.5332,207.84085,181.797,203.50531817287498,160.08868182712501,-0.008410636982065456,-0.13395268445500752,20.537525354969603,-11.817128571756996,-10.375382097814512,-1.4417464739424837,3.500000000000004,-2312237908.0
2023-06-19,160.53,161.26,160.16,160.22,100117994.0,AMZN,179.959,203.01919999999998,207.78945,179.959,202.46477086227654,157.45322913772347,-0.0007484096295372611,-0.13460084260559624,20.61593280733014,-12.062160494423637,-10.712737777136336,-1.3494227172873003,3.556428571428575,-2412355902.0
2023-06-20,160.27,160.39,159.86,159.88,78893344.0,AMZN,178.26350000000002,201.62140000000002,207.7511,178.26350000000002,201.48008415874367,155.04691584125638,-0.002122082137061554,-0.13643729069893107,15.491825247922861,-12.143799060678958,-10.99895003384486,-1.1448490268340983,3.3235714285714306,-2491249246.0
2023-06-21,162.66,163.09,162.06,162.35,81432332.0,AMZN,176.749,200.37419999999997,207.75135000000003,176.749,199.96867396298643,153.52932603701356,0.015449086815111368,-0.12309603543264602,9.940017137960623,-11.8723329908143,-11.173626625238748,-0.6987063655755517,3.171428571428574,-2409816914.0
2023-06-22,161.13,161.26,160.85,161.19,28137070.0,AMZN,175.42900000000003,199.12720000000002,207.7701,175.42900000000003,199.05184879651853,151.80615120348153,-0.007145056975669806,-0.12936156422167056,9.917355371900868,-11.616884269515026,-11.262278154094004,-0.3546061154210225,3.162857142857145,-2437953984.0
2023-06-23,159.75,159.77,159.44,159.51,112685659.0,AMZN,174.2365,198.01139999999998,207.789,174.2365,198.57082860017033,149.90217139982968,-0.01042248278429192,-0.13843577832991305,6.907158836689035,-11.41837733095278,-11.29349798946576,-0.12487934148701996,3.112142857142859,-2550639643.0
2023-06-26,159.93,160.15,159.77,159.95,78334978.0,AMZN,173.055,196.65560000000002,207.79805,173.055,197.7708253160327,148.33917468396731,0.002758447746222803,-0.13605919844442105,8.743990384615387,-11.097628278450117,-11.254324047262632,0.156695768812515,2.9185714285714295,-2472304665.0
2023-06-27,166.83,167.0,166.62,166.63,80824901.0,AMZN,172.221,195.4564,207.83255,172.221,196.60324798582184,147.83875201417817,0.04176305095342303,-0.09997839472831427,25.911915698459865,-10.186982972034059,-11.040855832216916,0.8538728601828574,3.192857142857144,-2391479764.0
2023-06-28,170.55,170.88,170.27,170.36,96339720.0,AMZN,171.4575,194.53580000000002,207.85604999999998,171.4575,195.0141505303817,147.90084946961832,0.02238492468343045,-0.0798314788808474,34.11011523687583,-9.059873595531059,-10.644659384879745,1.584785789348686,3.375,-2295140044.0
2023-06-29,171.21,171.21,171.09,171.15,82773372.0,AMZN,170.495,193.5016,207.88915,170.495,192.30083263354345,148.68916736645656,0.004637238788447906,-0.07556443772280497,41.07714701601166,-8.010544327951465,-10.11783637349409,2.107292045542625,3.002142857142855,-2212366672.0
2023-06-30,168.61,168.84,168.46,168.73,111957234.0,AMZN,169.4655,192.363,207.8941,169.4655,189.39239425718023,149.53860574281975,-0.01413964358749642,-0.08863562709301132,45.53081639238463,-7.290180436509303,-9.552305186097133,2.26212474958783,2.7464285714285688,-2324323906.0
2023-07-03,168.99,169.42,168.78,169.06,27119252.0,AMZN,168.402,191.18,207.91785,168.402,185.74286575875482,151.06113424124516,0.001955787352575289,-0.08685319217889209,51.15125752745307,-6.616389006615748,-8.965121950200857,2.3487329435851088,2.4592857142857105,-2297204654.0
2023-07-04,167.26,168.71,167.11,167.49,72303916.0,AMZN,167.406,189.9362,207.91735,167.406,182.25994918248293,152.55205081751708,-0.009286643795102245,-0.09533326131576136,54.428948360346816,-6.138331458902968,-8.39976385194128,2.2614323930383122,2.3249999999999966,-2369508570.0
2023-07-05,165.06,165.37,165.02,165.23,89219026.0,AMZN,166.4445,188.78440000000003,207.90375,166.4445,178.95508915689524,153.93391084310477,-0.013493342886142567,-0.10754023981851613,56.96252465483234,-5.874117352188932,-7.894634551990811,2.020517199801879,2.1871428571428555,-2458727596.0
2023-07-06,161.63,162.26,161.47,162.03,101514200.0,AMZN,165.4075,187.4982,207.85210000000004,165.4075,175.4064891594359,155.4085108405641,-0.01936694304908304,-0.1248244571675492,53.10776020595806,-5.855441144909435,-7.486795870574536,1.6313547256651013,2.317142857142855,-2560241796.0
2023-07-07,164.23,164.39,164.15,164.21,68706637.0,AMZN,164.754,186.31080000000003,207.81005000000002,164.754,173.0490902409348,156.4589097590652,0.013454298586681457,-0.1130495840985204,56.820512820512825,-5.600176980859544,-7.109472092631538,1.5092951117719942,2.4071428571428544,-2491535159.0
2023-07-10,172.17,172.34,169.98,171.19,56244864.0,AMZN,164.7385,185.3622,207.84879999999998,164.7385,172.98150986163037,156.4954901383696,0.04250654649534136,-0.07534838500594176,65.75647812761213,-4.779554892434561,-6.6434886525921435,1.8639337601575825,2.949999999999999,-2435290295.0
2023-07-11,170.42,170.86,169.69,170.82,56773053.0,AMZN,164.85899999999998,184.4486,207.8698,164.85899999999998,173.39330945623166,156.3246905437683,-0.002161341199836464,-0.07734687263692375,62.53329387392718,-4.111665166261929,-6.137123955326102,2.0254587890641726,2.827857142857141,-2492063348.0
2023-07-12,165.15,165.67,164.35,165.64,103483508.0,AMZN,164.88400000000001,183.4636,207.85025000000002,164.88400000000001,173.4247023007164,156.34329769928362,-0.03032431799555091,-0.10532569947067116,55.884686590848965,-3.9547525299014694,-5.700649670241176,1.7458971403397063,3.182857142857141,-2595546856.0
2023-07-13,170.47,171.35,168.62,169.01,66048190.0,AMZN,165.24949999999998,182.50099999999998,207.8786,165.24949999999998,173.84198502747358,156.65701497252638,0.020345327215648412,-0.08712325807497057,62.025316455696185,-3.517914965460619,-5.264102729285065,1.7461877638244454,3.4657142857142844,-2529498666.0
2023-07-14,171.14,171.63,171.08,171.46,77435445.0,AMZN,165.8055,181.43199999999996,207.93669999999997,165.8055,174.49888157208608,157.1121184279139,0.014496183657771722,-0.07389002916711707,63.86412912551192,-2.9401315179304675,-4.799308487014145,1.859176969083678,3.607142857142855,-2452063221.0
2023-07-17,169.89,170.06,169.11,169.39,85123003.0,AMZN,166.26399999999998,180.22060000000002,207.97294999999997,166.26399999999998,174.67986321681872,157.84813678318125,-0.012072786655779932,-0.08507075726477309,53.73983739837396,-2.6190746115415777,-4.363261711919632,1.7441871003780545,3.2714285714285682,-2537186224.0
2023-07-18,163.78,166.54,163.46,165.14,82948695.0,AMZN,166.527,179.00959999999998,207.97805,166.527,174.41505385910892,158.63894614089105,-0.02509002892732748,-0.1080263584314578,43.025120256547275,-2.6767186351794408,-4.025953096571595,1.3492344613921539,3.3914285714285666,-2620134919.0
2023-07-19,163.67,163.99,163.29,163.36,22475574.0,AMZN,166.5775,177.74740000000003,207.94304999999997,166.5775,174.365252530331,158.78974746966898,-0.010778733196075918,-0.11764070433185736,39.859411611559516,-2.8333717176856794,-3.787436820794412,0.9540651031087326,3.462857142857138,-2642610493.0
2023-07-20,163.76,164.59,163.09,163.77,61329116.0,AMZN,166.70649999999998,176.4352,207.88565,166.70649999999998,174.1983517842979,159.21464821570206,0.002509794319294878,-0.1154261639840124,43.186813186813225,-2.891109925145713,-3.6081714416646724,0.7170615165189593,3.3778571428571382,-2581281377.0
2023-07-21,162.94,163.21,162.92,163.11,74682978.0,AMZN,166.8865,175.305,207.82475000000002,166.8865,173.80108344446867,159.97191655553135,-0.00403004213225866,-0.11899103381225051,41.900353934113824,-2.95604886346743,-3.4777469260252243,0.5216980625577943,3.3892857142857116,-2655964355.0
2023-07-24,164.03,164.51,162.49,163.66,48498460.0,AMZN,167.072,174.44619999999998,207.79719999999998,167.072,173.37507393678877,160.76892606321124,0.0033719575746427033,-0.11602030895538562,44.63735648277792,-2.9293651386372517,-3.36807056854763,0.43870542991037853,3.394285714285711,-2607465895.0
2023-07-25,163.68,165.57,163.29,164.74,90365782.0,AMZN,166.97750000000002,173.80599999999998,207.77870000000001,166.97750000000002,173.36458853860614,160.5904114613939,0.006599046804350639,-0.11018688560008683,49.29047205328702,-2.7889221617630255,-3.2522408871907094,0.4633187254276838,3.3807142857142827,-2517100113.0
2023-07-26,166.06,166.4,165.16,165.41,117242538.0,AMZN,166.73,173.19420000000002,207.7652,166.73,172.9465551469226,160.51344485307737,0.004067014689814075,-0.10656800259263322,55.28124999999999,-2.59365860823749,-3.1205244314000655,0.5268658231625754,3.2307142857142828,-2399857575.0
2023-07-27,164.03,164.36,162.06,163.81,91160678.0,AMZN,166.363,172.5772,207.74259999999998,166.363,172.34301267381096,160.38298732618904,-0.009672933921770155,-0.11521011126714975,49.3634627625716,-2.5387523072332954,-3.004170006566712,0.4654176993334165,3.3014285714285694,-2491018253.0
2023-07-28,162.62,163.31,161.61,161.7,85372347.0,AMZN,166.0115,171.9228,207.681,166.0115,172.22748033933016,159.79551966066987,-0.012880776509370695,-0.12660689208166853,32.12806026365347,-2.6351219881305212,-2.930360402879474,0.29523841474895285,2.8778571428571404,-2576390600.0
2023-07-31,161.67,163.01,158.9,160.6,95468742.0,AMZN,165.5885,171.1952,207.63150000000002,165.5885,172.07646221353062,159.1005377864694,-0.006802721088435382,-0.13254834179539865,31.268328445747798,-2.7683447069174463,-2.897957263687069,0.1296125567696227,3.0642857142857105,-2671859342.0
2023-08-01,161.58,161.82,161.26,161.55,39833763.0,AMZN,165.29149999999998,170.5504,207.56925000000004,165.29149999999998,171.95442894343418,158.6285710565658,0.00591531755915331,-0.1274170897699043,41.12798264642088,-2.7653899172842102,-2.8714437944064977,0.10605387712228742,2.6892857142857105,-2632025579.0
2023-08-02,161.6,161.62,161.33,161.41,50476746.0,AMZN,165.1005,169.9258,207.46575,165.1005,171.98613867771098,158.21486132228904,-0.0008666047663262733,-0.12817327427892455,30.82744702320892,-2.7427285873176004,-2.8457007529887184,0.102972165671118,2.302142857142852,-2682502325.0
2023-08-03,163.98,164.08,163.72,163.84,27744310.0,AMZN,165.19099999999997,169.45080000000002,207.38710000000003,165.19099999999997,171.95318868336744,158.4288113166325,0.015054829316647034,-0.11504807172950249,30.75757575757575,-2.4998716639840097,-2.776534935187777,0.2766632712037671,2.3057142857142816,-2654758015.0
2023-08-04,169.87,169.96,168.32,169.56,48689091.0,AMZN,165.45850000000002,169.1748,207.34849999999997,165.45850000000002,172.47575474886844,158.4412452511316,0.034912109375,-0.08415253321810567,50.36247334754802,-1.8248142834351029,-2.5861908048372424,0.7613765214021395,2.5749999999999966,-2606068924.0
2023-08-07,171.7,171.71,170.97,171.21,71468791.0,AMZN,165.4595,168.92739999999998,207.30114999999998,165.4595,172.48019864569576,158.43880135430422,0.009731068648266117,-0.07524035864751044,64.55635491606719,-1.1435036373248693,-2.2976533713347678,1.1541497340098985,2.304999999999999,-2534600133.0
2023-08-08,173.8,174.99,173.36,174.78,116454753.0,AMZN,165.6575,168.7568,207.24809999999997,165.6575,173.49104695490666,157.82395304509333,0.02085158577185897,-0.0559576536674955,75.22084805653705,-0.3118955398045671,-1.900501805028728,1.5886062652241608,2.442857142857142,-2418145380.0
2023-08-09,177.8,180.78,177.33,179.35,99224172.0,AMZN,166.34300000000002,168.63119999999998,207.22275,166.34300000000002,176.2856483816988,156.40035161830124,0.026147156425220253,-0.0312736307659075,79.06716417910444,0.7077620356293153,-1.3788490368971194,2.0866110725264346,2.7642857142857133,-2318921208.0
2023-08-10,173.73,175.0,172.14,172.85,49907645.0,AMZN,166.535,168.2802,207.162,166.535,176.83633460949767,156.23366539050232,-0.03624198494563702,-0.06638219725613104,64.92034313725486,0.9800548706771792,-0.9070682553822595,1.8871231260594388,3.2185714285714266,-2368828853.0
2023-08-11,167.8,169.23,167.26,169.1,43962706.0,AMZN,166.417,167.87579999999997,207.10845,166.417,176.53320086791442,156.3007991320856,-0.021695111368238318,-0.08663713946202922,57.5892857142857,0.8830756973308951,-0.5490394648396286,1.4321151621705237,3.4735714285714283,-2412791559.0
2023-08-14,165.49,166.63,164.33,165.54,76212201.0,AMZN,166.2245,167.38,207.02190000000002,166.2245,176.24860247983867,156.20039752016135,-0.021052631578947434,-0.10586583126282867,51.043841336116884,0.513042718813665,-0.33662302810896993,0.849665746922635,3.65142857142857,-2489003760.0
2023-08-15,170.58,171.1,170.4,171.02,57477830.0,AMZN,166.51850000000002,167.0522,206.97455,166.51850000000002,176.75141340929346,156.28558659070657,0.03310378156336857,-0.07626660905260918,56.50359378622769,0.6544351975387315,-0.13841138297942965,0.7928465805181611,3.929999999999999,-2431525930.0
2023-08-16,173.51,173.57,173.47,173.57,71933906.0,AMZN,167.029,166.8344,206.9386,167.029,177.61120731128156,156.44679268871843,0.014910536779323857,-0.06249324835259862,61.07078039927402,0.9611736330351732,0.08150562022349095,0.8796680128116823,3.8728571428571406,-2359592024.0
2023-08-17,169.22,169.26,169.08,169.1,84739128.0,AMZN,167.2955,166.56099999999998,206.88545,167.2955,177.80030887373388,156.79069112626613,-0.025753298381056666,-0.08663713946202933,57.96726959517657,0.8339610268510569,0.23199670154900415,0.6019643253020528,4.036428571428568,-2444331152.0
2023-08-18,164.44,164.91,163.46,164.73,85490042.0,AMZN,167.3765,166.31,206.79335,167.3765,177.76981217152314,156.98318782847684,-0.025842696629213457,-0.11024089877930265,54.15409374371354,0.3761852125831524,0.26083440375583383,0.11535080882731857,4.145714285714283,-2529821194.0
2023-08-21,158.85,159.63,157.33,157.57,63137107.0,AMZN,167.072,166.0314,206.675,167.072,178.25092867477844,155.89307132522157,-0.04346506404419348,-0.1489143350977643,46.44134477825463,-0.5579261542943641,0.09708229214579424,-0.6550084464401583,4.587142857142853,-2592958301.0
2023-08-22,150.28,152.29,149.51,151.62,103651497.0,AMZN,166.416,165.6956,206.54515,166.416,179.5414632399451,153.2905367600549,-0.0377609951132829,-0.18105217673112273,42.07030617203952,-1.7580655311437567,-0.273947272512116,-1.4841182586316408,5.142142857142853,-2696609798.0
2023-08-23,158.71,159.14,157.98,158.52,112861572.0,AMZN,166.0715,165.5632,206.45055,166.0715,179.66159434148705,152.48140565851293,0.04550850811238627,-0.14378308307226995,45.98187311178248,-2.127883384445795,-0.6447344948988518,-1.4831488895469431,5.488571428571423,-2583748226.0
2023-08-24,159.01,160.01,158.31,160.01,112393603.0,AMZN,165.88150000000002,165.52939999999998,206.34185000000002,165.88150000000002,179.70890265597694,152.0540973440231,0.009399444865001216,-0.1357351193691264,42.294658705825384,-2.2745169346459875,-0.970690982848279,-1.3038259517977084,5.1728571428571355,-2471354623.0
2023-08-25,166.73,167.34,164.59,164.97,37646597.0,AMZN,166.045,165.622,206.26135000000002,166.045,179.74092563309833,152.34907436690165,0.030998062621086175,-0.108944582478125,45.2205882352941,-1.9678108336957791,-1.170114953017779,-0.7976958806780001,5.5428571428571365,-2433708026.0
2023-08-28,162.88,163.25,158.89,161.49,114308174.0,AMZN,166.0895,165.6474,206.127,166.0895,179.716545051738,152.46245494826198,-0.02109474449899973,-0.12774116884519848,39.8067188219052,-1.9826956738778279,-1.3326310971897888,-0.6500645766880391,5.707142857142851,-2548016200.0
2023-08-29,162.01,162.67,161.32,162.53,68238523.0,AMZN,166.1385,165.7004,205.98395,166.1385,179.70372376481367,152.5732762351863,0.00644002724626902,-0.12212379820676278,36.36068764190723,-1.8887998002440725,-1.4438648378006458,-0.4449349624434267,5.374999999999994,-2479777677.0
2023-08-30,161.37,161.91,161.0,161.09,61381605.0,AMZN,166.1225,165.67520000000002,205.83955000000003,166.1225,179.7119399791662,152.5330600208338,-0.008859902787177742,-0.12990169601382773,39.611307420494704,-1.9085816679071854,-1.5368082038219537,-0.3717734640852317,4.969285714285708,-2541159282.0
2023-08-31,159.85,161.12,159.65,160.64,43904535.0,AMZN,165.9625,165.66420000000002,205.69400000000002,165.9625,179.73915588480793,152.18584411519208,-0.0027934694891055267,-0.13233228907853556,42.063789868667904,-1.9382274996328874,-1.6170920629841405,-0.3211354366487469,4.674999999999993,-2585063817.0
2023-09-01,157.16,157.19,157.08,157.1,73225653.0,AMZN,165.3395,165.61599999999999,205.52035,165.3395,179.55121862639348,151.1277813736065,-0.022036852589641387,-0.15145295452090346,42.07957957957958,-2.221759390590222,-1.738025528505357,-0.483733862084865,4.588571428571421,-2658289470.0
2023-09-04,145.46,146.48,145.36,146.43,64252142.0,AMZN,164.10049999999998,165.34560000000002,205.26725000000002,164.10049999999998,180.33415895779143,147.86684104220853,-0.06791852323360914,-0.20908501674408586,28.972122455960303,-3.269748656832121,-2.0443701541707098,-1.2253785026614112,5.029999999999991,-2722541612.0
2023-09-05,147.83,148.49,147.23,147.26,85399729.0,AMZN,162.72449999999998,164.9582,204.97100000000003,162.72449999999998,179.7906788958527,145.65832110414726,0.00566823738304989,-0.20460192286918044,26.819383259911874,-3.987349949109074,-2.4329661131583826,-1.5543838359506914,4.994999999999992,-2637141883.0
2023-09-06,143.68,143.68,143.03,143.26,61603888.0,AMZN,160.92000000000002,164.4162,204.62779999999998,160.92000000000002,178.2149265453921,143.62507345460793,-0.027162841233193014,-0.2262071945554719,27.04335465529492,-4.82322161742735,-2.911017214012176,-1.9122044034151742,4.976428571428564,-2698745771.0
2023-09-07,147.22,147.88,146.36,146.65,37801137.0,AMZN,159.61,163.9262,204.28035,159.61,177.06840048138432,142.1515995186157,0.02366326957978515,-0.20789672680133975,33.65280289330923,-5.152713988703169,-3.359356568950375,-1.7933574197527946,4.903571428571423,-2660944634.0
2023-09-08,146.13,146.16,145.91,146.01,30947213.0,AMZN,158.45549999999997,163.4718,203.91060000000002,158.45549999999997,176.32062212163768,140.59037787836226,-0.004364132287760114,-0.21135357027114654,38.15088150881508,-5.403197026156278,-3.768124660391556,-1.6350723657647217,4.42785714285714,-2691891847.0
2023-09-11,143.37,144.24,142.36,142.51,85074660.0,AMZN,157.304,162.9408,203.49439999999998,157.304,176.18630628197442,138.42169371802558,-0.023970960893089477,-0.23025818299665157,40.168357435786724,-5.817071804489586,-4.177914089211162,-1.639157715278424,4.112857142857138,-2776966507.0
2023-09-12,142.28,144.34,139.29,140.7,101034649.0,AMZN,155.78799999999998,162.405,203.10105,155.78799999999998,174.9008015517837,136.67519844821626,-0.012700863097326542,-0.2400345684346985,28.394762366634296,-6.219428718517207,-4.586217015072371,-1.633211703444836,3.9364285714285683,-2878001156.0
2023-09-13,143.61,143.61,143.6,143.61,99016769.0,AMZN,154.29000000000002,161.97259999999997,202.69819999999999,154.29000000000002,172.19263256148514,136.3873674385149,0.020682302771855232,-0.22431673328292134,30.778246601031455,-6.23165218428224,-4.915304048914345,-1.3163481353678943,4.022857142857142,-2778984387.0
2023-09-14,144.55,145.36,144.06,144.92,92753730.0,AMZN,153.081,161.63039999999998,202.3028,153.081,170.01195812876105,136.15004187123893,0.009121927442378386,-0.21724100680566116,24.301461163804134,-6.065711569889828,-5.145385553109442,-0.9203260167803862,3.624285714285713,-2686230657.0
2023-09-15,138.89,139.04,138.38,138.61,23670942.0,AMZN,151.775,161.1184,201.84650000000002,151.775,168.95038201520956,134.59961798479046,-0.04354126414573545,-0.25132332289078585,22.657743785850855,-6.369938022204678,-5.390296046928489,-0.9796419752761896,3.6571428571428544,-2709901599.0
2023-09-18,142.73,143.19,139.74,141.94,21492201.0,AMZN,150.99349999999998,160.5334,201.3676,150.99349999999998,168.47823412346844,133.50876587653153,0.024024240675275754,-0.23333693421194834,26.67119873102196,-6.270059168352162,-5.5662486712132235,-0.7038104971389387,3.8878571428571393,-2688409398.0
2023-09-19,142.14,142.3,142.0,142.05,25218488.0,AMZN,150.51500000000001,159.958,200.87834999999998,150.51500000000001,168.44565648840623,132.5843435115938,0.0007749753416936844,-0.23274278924057534,27.757009345794387,-6.111577910566268,-5.675314519083833,-0.4362633914824352,3.8042857142857116,-2663190910.0
2023-09-20,150.61,150.86,150.41,150.55,77417870.0,AMZN,150.11650000000003,159.6562,200.4636,150.11650000000003,167.64788692084517,132.5851130791549,0.05983808518127409,-0.18683158690720614,40.07866273353,-5.239701393377146,-5.588191893942495,0.34849050056534914,4.3285714285714265,-2585773040.0
2023-09-21,148.23,148.29,147.91,148.04,114082023.0,AMZN,149.518,159.23680000000002,200.05720000000002,149.518,166.4337461369098,132.6022538630902,-0.016672201926270502,-0.20038889489035416,40.9072661581694,-4.697123479415552,-5.409978211037107,0.7128547316215545,4.262857142857143,-2699855063.0
2023-09-22,151.52,151.57,151.25,151.46,57111788.0,AMZN,148.84250000000003,158.8368,199.69905,148.84250000000003,164.1640209839988,133.52097901600126,0.023101864360983715,-0.18191638759857487,55.907916373032656,-3.9456778376573993,-5.1171181363611655,1.1714402987037662,3.6764285714285734,-2642743275.0
2023-09-25,152.02,152.08,150.74,151.36,112637247.0,AMZN,148.33599999999998,158.47619999999998,199.3089,148.33599999999998,162.5249911365692,134.14700886343076,-0.0006602403274791335,-0.18245651939073215,54.8996175908222,-3.3199505931157773,-4.757684627712089,1.4377340345963114,3.625000000000002,-2755380522.0
2023-09-26,146.79,148.33,146.22,147.55,101867849.0,AMZN,147.58700000000002,158.1244,198.89879999999997,147.58700000000002,160.10421862496688,135.06978137503316,-0.025171775898520043,-0.20303554067192475,55.150060024009626,-3.095805879094655,-4.425308877988602,1.3295029988939469,3.690000000000004,-2857248371.0
2023-09-27,147.16,147.25,146.71,146.81,90831359.0,AMZN,146.873,157.7934,198.53130000000002,146.873,157.6561293182772,136.08987068172277,-0.0050152490681125705,-0.20703251593388872,50.205128205128204,-2.943945423618345,-4.129036187114551,1.1850907634962056,3.420000000000004,-2948079730.0
2023-09-28,144.55,145.89,143.22,145.56,25717930.0,AMZN,146.119,157.4292,198.17025,146.119,154.7412939919816,137.4967060080184,-0.008514406375587535,-0.21378416333585482,49.431961625852075,-2.891132298403363,-3.8814554093723133,0.9903231109689501,3.6235714285714318,-2973797660.0
2023-09-29,146.15,146.18,145.82,146.05,53827894.0,AMZN,145.5665,157.08800000000002,197.8497,145.5665,152.47112933948952,138.66187066051046,0.003366309425666403,-0.21113751755428412,54.83606557377052,-2.7777187980394444,-3.66070808710574,0.8829892890662956,3.4071428571428624,-2919969766.0
2023-10-02,141.32,141.8,140.42,140.82,34319022.0,AMZN,145.286,156.63119999999998,197.49800000000002,145.286,152.49215351078522,138.0798464892148,-0.035809654228004195,-0.23938641028411023,50.14992503748127,-3.074415129115721,-3.5434494955077365,0.46903436639201557,3.4485714285714346,-2954288788.0
2023-10-03,144.27,144.34,143.78,144.03,87420702.0,AMZN,145.1245,156.217,197.1273,145.1245,152.28903686018867,137.95996313981135,0.022795057520238693,-0.22204817975586133,50.520833333333314,-3.015765073644218,-3.437912611135033,0.42214753749081524,3.4921428571428623,-2866868086.0
2023-10-04,142.22,142.22,142.22,142.22,108046841.0,AMZN,145.0725,155.7532,196.67285,145.0725,152.3087533923187,137.8362466076813,-0.012566826355620342,-0.23182456519390815,46.69279764821168,-3.0798339467232836,-3.366296878252683,0.2864629315293996,3.4964285714285768,-2974914927.0
2023-10-05,144.96,145.86,143.89,145.4,98895326.0,AMZN,145.01,155.385,196.21625,145.01,152.21038887838353,137.80961112161646,0.022359724370693446,-0.2146483742033063,59.00769434863356,-2.8412573208254344,-3.261288966767234,0.4200316459417994,3.2892857142857213,-2876019601.0
2023-10-06,142.47,142.74,142.38,142.65,77495463.0,AMZN,144.842,155.004,195.76454999999999,144.842,152.10070395854822,137.5832960414518,-0.01891334250343879,-0.22950199848763164,50.95661546752898,-2.841332530497226,-3.1772976795132326,0.3359651490160065,3.177857142857152,-2953515064.0
2023-10-09,149.49,149.55,148.94,149.15,64384513.0,AMZN,145.174,154.775,195.3718,145.174,152.58931672318943,137.7586832768106,0.04556607080266395,-0.194393431997408,58.16091954022986,-2.2904930790378444,-2.9999367594181554,0.709443680380311,3.645000000000008,-2889130551.0
2023-10-10,146.43,146.45,146.36,146.4,108528735.0,AMZN,145.459,154.472,194.9953,145.459,152.58271547054017,138.33528452945984,-0.01843781428092528,-0.20924705628173335,44.50331125827815,-2.052194442378351,-2.8103882960101947,0.7581938536318438,3.2150000000000074,-2997659286.0
2023-10-11,147.06,147.35,146.12,146.34,55712646.0,AMZN,145.5955,154.1706,194.5934,145.5955,152.67452007788563,138.51647992211434,-0.0004098360655737654,-0.20957113535702776,47.59206798866858,-1.8468927248544844,-2.617689181779053,0.7707964569245687,3.11428571428572,-3053371932.0
2023-10-12,141.27,141.57,140.66,141.37,64326652.0,AMZN,145.418,153.7212,194.16205000000002,145.418,152.74211905965146,138.09388094034855,-0.03396200628672952,-0.2364156854272449,36.30936227951155,-2.061463826796114,-2.5064441107824655,0.4449802839863515,3.267857142857149,-3117698584.0
2023-10-13,139.73,139.79,139.58,139.76,50689103.0,AMZN,145.4755,153.1252,193.73025,145.4755,152.58962079858026,138.36137920141977,-0.011388554856051614,-0.24511180728097726,34.8800834202294,-2.3345156721715057,-2.472058423060274,0.13754275088876833,3.300000000000005,-3168387687.0
2023-10-16,140.15,140.8,140.07,140.36,33134030.0,AMZN,145.3965,152.5082,193.31115000000003,145.3965,152.7082735626542,138.0847264373458,0.004293073840870187,-0.24187101652803344,39.772403982930335,-2.4739777655890407,-2.4724422915660274,-0.0015354740230133501,3.007142857142863,-3135253657.0
2023-10-17,144.38,144.99,141.1,142.53,22296424.0,AMZN,145.4205,151.8632,192.92555000000002,145.4205,152.6890464412337,138.1519535587663,0.015460245084069513,-0.23015015663822036,44.14980863860034,-2.381944046578951,-2.454342642568612,0.07239859598966092,3.277857142857148,-3112957233.0
2023-10-18,145.66,145.7,145.52,145.58,60369002.0,AMZN,145.172,151.18779999999998,192.58550000000002,145.172,152.03041043421578,138.3135895657842,0.02139900371851544,-0.21367613697742316,50.026055237102675,-2.0393883516670144,-2.3713517843882927,0.3319634327212784,3.2478571428571468,-3052588231.0
2023-10-19,141.96,142.69,141.87,142.58,47229427.0,AMZN,144.899,150.5824,192.2352,144.899,151.71124872061552,138.0867512793845,-0.02060722626734446,-0.22988009074214177,45.75690877965274,-1.9870796066315677,-2.2944973488369476,0.3074177422053799,3.468571428571433,-3099817658.0
2023-10-20,143.8,144.79,140.6,142.79,31320396.0,AMZN,144.4655,150.0562,191.87825,144.4655,150.58835958304059,138.3426404169594,0.0014728573432456482,-0.2287458139786117,52.74602732088095,-1.906700053038179,-2.216937889677194,0.31023783663901483,3.365714285714288,-3068497262.0
2023-10-23,140.65,141.2,140.61,140.98,52141067.0,AMZN,143.94650000000001,149.565,191.53470000000002,143.94650000000001,149.32290175111766,138.57009824888237,-0.01267595770011909,-0.23852219941665864,45.57586306933565,-1.9663833081654332,-2.166826973374842,0.20044366520940882,3.27,-3120638329.0
2023-10-24,142.74,142.75,142.62,142.69,84465824.0,AMZN,143.70350000000002,148.9984,191.2128,143.70350000000002,148.8275332592648,138.57946674073523,0.0121293800539084,-0.229285945770769,50.683735816118705,-1.8543245102376034,-2.1043264807473943,0.2500019705097909,3.267142857142858,-3036172505.0
2023-10-25,143.35,143.35,143.33,143.34,58410552.0,AMZN,143.53,148.3938,190.87279999999998,143.53,148.44173460623145,138.61826539376855,0.0045553297357909805,-0.2257750891217466,46.765075376884425,-1.693545400633326,-2.022170264724581,0.328624864091255,3.054285714285714,-2977761953.0
2023-10-26,143.18,143.26,142.67,142.82,45264004.0,AMZN,143.393,147.8682,190.5434,143.393,148.21841997080907,138.56758002919094,-0.0036277382447328366,-0.22858377444096456,50.287065180682184,-1.5897606805658029,-1.9356883478928253,0.3459276673270224,2.886428571428571,-3023025957.0
2023-10-27,148.06,149.82,147.38,147.95,64772988.0,AMZN,143.488,147.5326,190.22875,143.488,148.59997397241838,138.37602602758162,0.03591933902814737,-0.20087501350329573,47.8753541076487,-1.0811001656346377,-1.764770711441188,0.6836705458065502,2.893571428571428,-2958252969.0
2023-10-30,150.44,151.5,149.57,150.76,30401092.0,AMZN,143.985,147.3964,189.9821,143.985,149.87793778937305,138.09206221062698,0.0189929030077729,-0.18569731014367596,57.70318021201409,-0.4460971962083988,-1.5010360083946304,1.0549388121862315,2.9478571428571434,-2927851877.0
2023-10-31,150.82,152.58,150.35,151.77,82694064.0,AMZN,144.372,147.3994,189.78024999999997,144.372,151.21706306917625,137.52693693082378,0.006699389758556773,-0.1802419790428873,59.28205128205128,0.1370657820738188,-1.1734156503009407,1.3104814323747596,3.0192857142857172,-2845157813.0
2023-11-01,150.96,151.16,149.98,150.5,102404173.0,AMZN,144.786,147.239,189.58219999999997,144.786,152.0705052571917,137.5014947428083,-0.008367925149897926,-0.18710165280328483,67.86692759295494,0.49108730885245677,-0.8405150584702612,1.331602367322718,2.741428571428575,-2947561986.0
2023-11-02,147.87,147.87,146.9,147.09,65288044.0,AMZN,144.87050000000002,146.9806,189.3443,144.87050000000002,152.22387652481757,137.51712347518247,-0.022657807308970046,-0.2055201469158482,63.400365630712976,0.4908353733217439,-0.5742449721118602,1.065080345433604,2.8707142857142895,-3012850030.0
2023-11-03,148.83,148.97,148.5,148.72,62017272.0,AMZN,145.174,146.65560000000002,189.12025000000003,145.174,152.64166334199814,137.70633665800187,0.011081650690053735,-0.1967159987036844,64.7286821705426,0.6150729124549912,-0.33638139519849,0.9514543076534812,2.930714285714288,-2950832758.0
2023-11-06,143.75,143.77,143.75,143.75,117672968.0,AMZN,144.904,146.3008,188.84690000000003,144.904,152.15367774238067,137.65432225761933,-0.03341850457235074,-0.22356054877390152,51.956382296343804,0.3089334013775442,-0.20731843588328316,0.5162518372608274,2.9550000000000023,-3068505726.0
2023-11-07,145.64,145.93,144.34,144.99,26975009.0,AMZN,144.83350000000002,145.95,188.56474999999998,144.83350000000002,152.0492671656881,137.61773283431194,0.008626086956521783,-0.21686291455115114,48.99557371467483,0.16447727843791426,-0.1329592930190437,0.29743657145695795,2.884285714285718,-3041530717.0
2023-11-08,149.08,150.82,148.4,150.19,82854351.0,AMZN,145.026,145.732,188.28395,145.026,152.6071550293406,137.44484497065943,0.035864542382233244,-0.1887760613589723,62.05258156477665,0.46423983421527737,-0.013519467572179478,0.47775930178745685,3.035714285714288,-2958676366.0
2023-11-09,146.4,146.68,146.32,146.52,92013686.0,AMZN,145.2835,145.4496,187.93105,145.2835,152.68962342662985,137.87737657337016,-0.02443571476130224,-0.20859889813114463,55.324007993148754,0.4010425222549543,0.06939293039324729,0.331649591861707,3.0128571428571456,-3050690052.0
2023-11-10,151.0,151.35,150.19,150.74,61514432.0,AMZN,145.8325,145.3224,187.57894999999996,145.8325,153.14185917703443,138.5231408229656,0.028801528801528864,-0.18580533650210707,63.034188034188055,0.6835968502375067,0.19223371436209918,0.49136313587540753,3.20214285714286,-2989175620.0
2023-11-13,149.0,149.72,147.52,148.06,74379340.0,AMZN,146.2175,145.35500000000002,187.22145,146.2175,153.11259322099903,139.32240677900097,-0.01777895714475264,-0.2002808685319224,56.99036709190315,0.6833918724433659,0.2904653459783525,0.39292652646501336,3.305714285714288,-3063554960.0
2023-11-14,149.01,149.72,148.38,148.56,49850989.0,AMZN,146.519,145.381,186.86175,146.519,153.26081890184057,139.77718109815945,0.003377009320545632,-0.1975802095711361,56.82174594877156,0.715329375625231,0.3754381519077282,0.3398912237175028,3.3771428571428594,-3013703971.0
2023-11-15,148.59,149.22,146.89,147.52,39864541.0,AMZN,146.61599999999999,145.46620000000001,186.48680000000002,146.61599999999999,153.3567586641544,139.87524133584557,-0.007000538502961673,-0.2031975802095718,56.05982465188244,0.6492367712734506,0.4301978757808727,0.21903889549257788,3.4957142857142878,-3053568512.0
2023-11-16,144.44,144.62,144.35,144.43,43317771.0,AMZN,146.70850000000002,145.4218,186.09080000000003,146.70850000000002,153.26429863856615,140.15270136143388,-0.020946312364425235,-0.21988765258723197,45.20958083832338,0.34356038015710055,0.4128703766561183,-0.06930999649901776,3.22214285714286,-3096886283.0
2023-11-17,145.38,146.55,143.69,145.84,37842082.0,AMZN,146.861,145.4184,185.67855,146.861,153.17026436615689,140.5517356338431,0.009762514713009818,-0.21227179431781418,43.03904923599323,0.2126337446082971,0.3728230502465541,-0.160189305638257,3.172857142857146,-3059044201.0
2023-11-20,141.54,142.33,140.78,142.02,79639746.0,AMZN,146.91299999999998,145.4086,185.24044999999998,146.91299999999998,153.0324671250599,140.79353287494007,-0.026193088315962676,-0.2329048287782225,37.221494102228036,-0.19709662506221548,0.2588391151848002,-0.45593574024701566,3.375000000000002,-3138683947.0
2023-11-21,143.35,144.91,142.23,144.38,54441041.0,AMZN,146.9975,145.4822,184.79319999999998,146.9975,152.91477133060098,141.08022866939902,0.01661737783410766,-0.22015771848331067,42.20183486238531,-0.32760222380622395,0.14155084738659535,-0.4691530711928193,3.4535714285714283,-3084242906.0
2023-11-22,144.15,144.28,143.18,143.76,86989883.0,AMZN,147.01850000000002,145.4852,184.34765000000004,147.01850000000002,152.88387125849272,141.15312874150732,-0.004294223576672751,-0.22350653559468592,45.43209876543208,-0.4755755308129892,0.018125571746678434,-0.49370110255966765,3.282142857142856,-3171232789.0
2023-11-23,140.94,143.14,139.53,140.29,113985457.0,AMZN,146.892,145.39260000000002,183.86655,146.892,153.2288183947761,140.55518160522388,-0.024137451307735147,-0.2422491087825438,38.99190389135543,-0.8628984860939113,-0.15807923982143954,-0.7048192462724717,3.449999999999999,-3285218246.0
2023-11-24,139.18,139.22,139.1,139.13,96851656.0,AMZN,146.45100000000002,145.403,183.39385000000001,146.45100000000002,153.64715657650916,139.25484342349088,-0.008268586499394104,-0.24851463757156833,43.30046403712296,-1.2490586534952968,-0.376275122556211,-0.8727835309390858,3.179999999999999,-3382069902.0
2023-11-27,139.86,139.92,139.44,139.6,87718416.0,AMZN,145.893,145.3562,182.921,145.893,153.40605698521637,138.37994301478363,0.003378135556673545,-0.24597601814842918,42.00533966182138,-1.4998786290548196,-0.6009958238559328,-0.8988828051988869,3.0807142857142833,-3294351486.0
2023-11-28,143.58,144.14,141.36,142.08,30471425.0,AMZN,145.4085,145.3568,182.46315,145.4085,152.56720695468863,138.24979304531138,0.017765042979942747,-0.2325807497029284,36.91513391416587,-1.4814626141335907,-0.7770891819114644,-0.7043734322221263,2.9885714285714267,-3263880061.0
2023-11-29,140.42,140.6,139.33,139.45,73378155.0,AMZN,144.856,145.13479999999998,181.97235,144.856,152.06562631340182,137.64637368659817,-0.018510698198198394,-0.24678621583666516,38.19699499165273,-1.6599519173818464,-0.9536617290055409,-0.7062901883763055,2.9085714285714266,-3337258216.0
2023-11-30,141.66,143.63,140.92,142.31,59051064.0,AMZN,144.617,145.02020000000002,181.48669999999998,144.617,151.83171916511841,137.40228083488157,0.020509143062029445,-0.2313384465809668,35.257082896117524,-1.5527289849708268,-1.0734751801985982,-0.47925380477222856,2.8621428571428567,-3278207152.0
2023-12-01,137.81,139.71,137.07,138.14,45945084.0,AMZN,144.08800000000002,144.75379999999998,180.9811,144.08800000000002,151.5821088441768,136.59389115582326,-0.029302227531445513,-0.25386194231392567,33.51063829787235,-1.7836770694354982,-1.2155155580459782,-0.56816151138952,3.0064285714285717,-3324152236.0
2023-12-04,136.41,136.49,136.34,136.48,39078499.0,AMZN,143.7245,144.4562,180.43945,143.7245,151.95656433149313,135.4924356685069,-0.012016794556247268,-0.2628281300637366,30.66581306017926,-2.076714149065225,-1.3877552762498278,-0.6889588728153972,3.0164285714285706,-3363230735.0
2023-12-05,128.61,128.77,128.35,128.47,83234138.0,AMZN,142.89849999999998,144.0746,179.8373,142.89849999999998,153.55431585702814,132.24268414297183,-0.05868991793669398,-0.3060926866155351,25.07197068830149,-2.9216097054809325,-1.6945261620960488,-1.2270835433848837,3.430714285714284,-3446464873.0
2023-12-06,131.56,132.78,130.29,131.59,90111597.0,AMZN,141.9685,143.7702,179.27309999999997,141.9685,153.17717760639738,130.75982239360263,0.02428582548454905,-0.2892405747002277,33.21129707112972,-3.3013813271116703,-2.015897195099173,-1.2854841320124972,3.5121428571428543,-3356353276.0
2023-12-07,126.25,126.4,126.01,126.2,97128210.0,AMZN,140.95250000000001,143.383,178.68695,140.95250000000001,153.96300567405737,127.94199432594266,-0.040960559313017675,-0.3183536782975054,26.740881099005236,-3.991272126655872,-2.410972181410513,-1.580299945245359,3.7064285714285674,-3453481486.0
2023-12-08,125.17,125.49,124.19,124.59,38414909.0,AMZN,139.645,142.9538,178.08329999999998,139.645,153.7259172847115,125.56408271528852,-0.012757527733755936,-0.32704980015123764,28.217945513621615,-4.614733327134587,-2.851724410555328,-1.7630089165792593,3.488571428571425,-3491896395.0
2023-12-11,123.78,124.04,123.48,123.48,48498013.0,AMZN,138.416,142.607,177.41830000000002,138.416,153.64809409524025,123.18390590475975,-0.008909222248976612,-0.33304526304418347,23.039215686274574,-5.139157534607847,-3.3092110353658315,-1.8299464992420154,3.3614285714285685,-3540394408.0
2023-12-12,126.07,126.08,126.0,126.05,111949530.0,AMZN,137.2905,142.2474,176.7301,137.2905,152.6922189402912,121.8887810597088,0.020813087139617714,-0.31916387598574125,28.248587570621496,-5.28645105858709,-3.7046590400100836,-1.5817920185770067,3.461428571428569,-3428444878.0
2023-12-13,126.49,126.92,125.85,126.39,21662123.0,AMZN,136.234,141.9308,176.0552,136.234,151.57994669611276,120.88805330388728,0.0026973423244744943,-0.3173274278924064,31.506120276742976,-5.314485004057019,-4.02662423281947,-1.2878607712375487,3.2357142857142844,-3406782755.0
2023-12-14,128.81,129.2,127.57,127.99,47253511.0,AMZN,135.41199999999998,141.5826,175.4152,135.41199999999998,150.67041490008347,120.15358509991648,0.012659229369412106,-0.3086853192178899,35.34981588637561,-5.148249662142462,-4.250949318684069,-0.8973003434583928,3.3514285714285696,-3359529244.0
2023-12-15,127.48,127.88,127.46,127.65,35823225.0,AMZN,134.5025,141.2826,174.73455,134.5025,149.30543694187725,119.69956305812276,-0.0026564575357449494,-0.3105217673112246,34.23066772235421,-4.9864612926978396,-4.398051713486823,-0.5884095792110164,3.3328571428571414,-3395352469.0
2023-12-18,126.44,126.61,125.94,125.96,73520369.0,AMZN,133.6995,140.8188,174.04194999999999,133.6995,148.5277681318286,118.87123186817142,-0.013239326282804664,-0.3196499945986828,28.274932614555254,-4.937693068287388,-4.505979984446936,-0.43171308384045126,3.130714285714286,-3468872838.0
2023-12-19,129.46,129.66,129.03,129.15,70982738.0,AMZN,132.93800000000002,140.47379999999998,173.3963,132.93800000000002,147.0013567902708,118.87464320972926,0.025325500158780656,-0.30241979042886535,36.32501327668617,-4.588741404509534,-4.522532268459456,-0.06620913605007761,3.198571428571429,-3397890100.0
2023-12-20,133.34,133.98,132.66,133.04,79058481.0,AMZN,132.402,140.2078,172.79049999999998,132.402,145.5136205590361,119.29037944096389,0.030120015485868956,-0.281408663713947,38.02016024812612,-3.9527394866834697,-4.408573712104259,0.455834225420789,3.2449999999999983,-3318831619.0
2023-12-21,132.81,133.27,132.57,133.14,104457939.0,AMZN,132.0445,140.04319999999998,172.15875,132.0445,144.62989082051845,119.45910917948153,0.0007516536380036687,-0.28086853192178973,42.77874061236279,-3.4014247136096856,-4.2071439124053445,0.8057191987956589,2.920714285714285,-3214373680.0
2023-12-22,133.87,134.32,132.51,133.9,61503036.0,AMZN,131.78300000000002,139.926,171.50674999999998,131.78300000000002,143.95919091765094,119.60680908234909,0.005708277001652551,-0.2767635303013942,46.17437722419931,-2.870093484408187,-3.939733826805913,1.0696403423977259,2.9214285714285717,-3152870644.0
2023-12-25,134.08,134.61,133.47,134.37,27859174.0,AMZN,131.5215,139.8062,170.8606,131.5215,143.2055210724296,119.83747892757039,0.0035100821508589064,-0.27422491087825496,61.2681436210848,-2.383607837775571,-3.628508628999845,1.244900791224274,2.422142857142859,-3125011470.0
2023-12-26,132.04,132.15,131.95,132.0,59642139.0,AMZN,131.01749999999998,139.59560000000002,170.22935,131.01749999999998,141.601692533154,120.43330746684597,-0.017637865594998914,-0.2870260343523826,50.80613448682657,-2.164354321607277,-3.335677767521332,1.1713234459140547,2.28714285714286,-3184653609.0
2023-12-27,134.22,134.25,134.03,134.09,53981525.0,AMZN,130.7495,139.3658,169.62744999999998,130.7495,140.6863118894463,120.81268811055372,0.015833333333333366,-0.27573727989629526,67.82647989154992,-1.8011858480098226,-3.0287793836190304,1.2275935356092078,2.049285714285717,-3130672084.0
2023-12-28,137.91,139.43,137.35,138.88,98232308.0,AMZN,130.578,139.2918,169.0607,130.578,139.76480655814453,121.39119344185548,0.035722276083227644,-0.24986496705196126,78.22994863690239,-1.1140175470658278,-2.6458270163083903,1.5318094692425626,2.28714285714286,-3032439776.0
2023-12-29,136.19,137.01,135.42,136.91,55296731.0,AMZN,130.5165,139.1742,168.52129999999997,130.5165,139.50447389497586,121.52852610502417,-0.014184907834101423,-0.2605055633574598,75.65915170042031,-0.7200934645932762,-2.2606803059653675,1.5405868413720913,2.455000000000003,-3087736507.0
2024-01-01,135.52,137.35,135.51,136.48,32881969.0,AMZN,130.5165,139.0842,167.98555,130.5165,139.50447389497586,121.52852610502417,-0.0031407493974143774,-0.2628281300637362,71.70203911776943,-0.4375592864214184,-1.8960561020565778,1.4584968156351594,2.40071428571429,-3120618476.0
2024-01-02,138.3,138.73,136.77,137.35,64046525.0,AMZN,130.9605,138.9774,167.47740000000002,130.9605,140.38932807920975,121.53167192079025,0.0063745603751466096,-0.2581289834719678,72.31270358306186,-0.141812459803333,-1.545207373605929,1.403394913802596,2.4850000000000034,-3056571951.0
2024-01-03,133.87,135.61,133.66,135.3,110321913.0,AMZN,131.14600000000002,138.8166,166.96335000000002,131.14600000000002,140.77091372483164,121.52108627516839,-0.01492537313432818,-0.26920168521119203,64.61415433826471,-0.07201865023301934,-1.250569628931347,1.1785509786983277,2.547857142857147,-3166893864.0
2024-01-04,139.87,139.99,139.45,139.49,66826767.0,AMZN,131.8105,138.75,166.50115000000002,131.8105,141.82484019162575,121.79615980837421,0.030968218773096856,-0.24657016311980173,70.51282051282051,0.3177288490056469,-0.9369099333439482,1.2546387823495952,2.8450000000000037,-3100067097.0
2024-01-05,136.64,138.0,136.51,137.49,26881146.0,AMZN,132.45549999999997,138.5408,166.0144,132.45549999999997,142.16890793358016,122.74209206641977,-0.014337945372428162,-0.2573727989629475,69.76345560507373,0.45992157520112187,-0.6575436316349342,1.117465206836056,2.9357142857142904,-3126948243.0
2024-01-08,138.31,138.84,138.21,138.48,91790490.0,AMZN,133.20549999999997,138.2952,165.54104999999998,133.20549999999997,142.29741537923042,124.11358462076952,0.007200523674449011,-0.2520254942205904,67.29699666295883,0.6450592202237715,-0.3970230612631931,1.0420822814869646,2.767857142857147,-3035157753.0
2024-01-09,137.55,138.18,137.01,138.09,28585195.0,AMZN,133.8075,138.0216,165.0437,133.8075,142.48970169747975,125.12529830252028,-0.0028162911611784303,-0.2541320082100037,60.75841499786966,0.7516478683728849,-0.16728887533597747,0.9189367437088624,2.527857142857148,-3063742948.0
2024-01-10,138.07,138.82,137.4,138.25,91442613.0,AMZN,134.4005,137.7766,164.5368,134.4005,142.5535297242278,126.2474702757722,0.0011586646390036037,-0.253267797342552,60.85847853803659,0.8393552380808842,0.03403994734739488,0.8053152907334893,2.5792857142857173,-2972300335.0
2024-01-11,137.41,137.96,137.23,137.87,85635843.0,AMZN,134.8945,137.5922,164.02849999999998,134.8945,142.59690830416972,127.19209169583027,-0.0027486437613019055,-0.2553202981527496,58.57451403887691,0.8681931461076147,0.20087058709943886,0.6673225590081758,2.5228571428571462,-3057936178.0
2024-01-12,142.14,142.21,142.12,142.15,54038281.0,AMZN,135.6195,137.4608,163.56789999999998,135.6195,143.17909752478764,128.05990247521234,0.031043736853557657,-0.23220265744841773,64.42878338278936,1.2223175111301714,0.4051599719055854,0.817157539224586,2.751428571428574,-3003897897.0
2024-01-15,143.96,144.18,143.94,144.05,20258473.0,AMZN,136.524,137.46679999999998,163.10855,136.524,143.5255889925779,129.5224110074221,0.013366162504396817,-0.22194015339742923,72.74443186107972,1.6374027827446582,0.6516085340733999,0.9857942486712583,2.72357142857143,-2983639424.0
2024-01-16,148.68,149.1,148.65,148.82,30275548.0,AMZN,137.5075,137.5434,162.7038,137.5075,145.59030794096105,129.42469205903893,0.03311350225616083,-0.19617586691152689,75.24854302365449,2.3244650008728627,0.9861798274332926,1.3382851734395702,2.923571428571429,-2953363876.0
2024-01-17,152.49,153.42,152.31,153.23,41666887.0,AMZN,138.517,137.6042,162.34640000000002,138.517,148.95158439895363,128.08241560104636,0.029633113828786417,-0.17235605487739059,74.92184786384166,3.18806685267279,1.4265572324811924,1.7615096201915978,2.8707142857142856,-2911696989.0
2024-01-18,148.82,148.83,148.78,148.82,36058684.0,AMZN,139.301,137.6502,161.9728,139.301,150.3713889533696,128.23061104663037,-0.028780264961169477,-0.19617586691152689,69.06820365033624,3.4765518721436592,1.8365561604136857,1.6399957117299735,2.94142857142857,-2947755673.0
2024-01-19,146.71,146.93,146.45,146.53,107055886.0,AMZN,139.9325,137.566,161.62895,139.9325,151.14565932755818,128.71934067244183,-0.015387716704743926,-0.2085448849519287,65.18585675430649,3.480276011362804,2.1653001306035096,1.3149758807592944,2.9792857142857128,-3054811559.0
2024-01-22,147.3,147.43,147.28,147.32,76137753.0,AMZN,140.57999999999998,137.5512,161.22684999999998,140.57999999999998,151.9354030728685,129.22459692713147,0.005391387429195316,-0.20427784379388614,65.10148439866711,3.5065524621884663,2.433550596920501,1.0730018652679654,2.8828571428571417,-2978673806.0
2024-01-23,150.94,151.78,149.73,151.21,88161362.0,AMZN,141.5405,137.6042,160.84995,141.5405,153.0882853424687,129.9927146575313,0.02640510453434719,-0.18326671707896758,72.82639885222386,3.7974921035796854,2.706338898252338,1.0911532053273474,2.9378571428571427,-2890512444.0
2024-01-24,151.83,151.92,150.05,151.09,42683020.0,AMZN,142.3905,137.6756,160.52345,142.3905,154.13023813928126,130.65076186071875,-0.0007935983069903285,-0.1839148752295564,68.84340480831712,3.972587354201494,2.959588589442169,1.0129987647593248,2.7364285714285694,-2933195464.0
2024-01-25,155.12,155.49,154.76,155.47,80199656.0,AMZN,143.22,137.8964,160.1865,143.22,156.1947949988856,130.24520500111439,0.028989344099543235,-0.16025710273306737,77.1109770808203,4.413900301506885,3.2504509318551125,1.1634493696517727,2.83785714285714,-2852995808.0
2024-01-26,152.45,152.6,152.35,152.54,83246894.0,AMZN,144.0015,138.03040000000001,159.8209,144.0015,157.25586694670272,130.74713305329726,-0.01884607962951057,-0.17608296424327585,70.02849002849005,4.475625256785975,3.4954857968412854,0.9801394599446893,2.964285714285712,-2936242702.0
2024-01-29,150.73,150.89,149.91,150.5,55057664.0,AMZN,144.7025,138.2,159.43235,144.7025,157.763500002013,131.64149999798698,-0.013373541366198949,-0.1871016528032844,66.88435374149661,4.310245945317604,3.658437826536549,0.6518081187810547,3.047142857142855,-2991300366.0
2024-01-30,150.19,151.76,149.53,150.07,42616369.0,AMZN,145.3385,138.3138,159.0343,145.3385,158.12798626596557,132.54901373403445,-0.0028571428571428914,-0.1894242195095608,65.96434359805511,4.0972536534797825,3.7462009919251957,0.3510526615545868,3.1049999999999978,-3033916735.0
2024-01-31,150.86,150.89,150.85,150.88,42228760.0,AMZN,146.1175,138.4562,158.6746,146.1175,158.21153484976475,134.02346515023527,0.0053974811754515795,-0.1850491519930867,67.36982643524699,3.948302386045839,3.7866212707493245,0.1616811152965143,3.090714285714282,-2991687975.0
2024-02-01,152.91,153.34,151.63,152.61,46254253.0,AMZN,146.77349999999998,138.7026,158.30595000000002,146.77349999999998,158.77686843074338,134.7701315692566,0.011466065747614218,-0.1757048719887655,64.98567335243554,3.924613474112732,3.814219711422006,0.11039376269072587,2.9564285714285683,-2945433722.0
2024-02-02,150.34,150.5,149.9,150.5,46371999.0,AMZN,147.42399999999998,138.93,157.94055,147.42399999999998,158.69692499286208,136.15107500713788,-0.013826092654478872,-0.1871016528032844,59.18541726003986,3.693009757081228,3.7899777205538507,-0.09696796347262282,3.0049999999999977,-2991805721.0
2024-02-05,155.83,155.94,155.78,155.92,81089202.0,AMZN,148.296,139.25639999999999,157.62705,148.296,159.35187417096316,137.24012582903683,0.03601328903654477,-0.15782650966835954,59.92729306487695,3.9018329445114546,3.8123487653453716,0.08948417916608298,3.0328571428571416,-2910716519.0
2024-02-06,155.59,156.88,154.26,156.12,41319579.0,AMZN,149.1975,139.53719999999998,157.32515,149.1975,159.67456442412808,138.7204355758719,0.0012827090815803466,-0.15674624608404497,54.5800316957211,4.036929938144709,3.8572649999052393,0.17966493823946994,2.8914285714285706,-2869396940.0
2024-02-07,155.52,155.8,154.98,155.21,98775876.0,AMZN,150.0455,139.8524,157.02675000000002,150.0455,159.4858667970647,140.60513320293532,-0.005828849602869557,-0.16166144539267624,61.39037433155082,4.024177668904144,3.8906475337050206,0.13353013519912382,2.655000000000001,-2968172816.0
2024-02-08,154.8,155.09,154.33,154.67,83013541.0,AMZN,150.8855,140.09959999999998,156.7144,150.8855,158.59542108635753,143.17557891364248,-0.0034791572707945084,-0.16457815707032564,65.4752851711026,3.925250077118477,3.8975680423877117,0.02768203473076536,2.548571428571429,-3051186357.0
2024-02-09,158.45,160.82,158.45,159.29,94489941.0,AMZN,151.7425,140.5226,156.3863,151.7425,159.16921387272566,144.31578612727435,0.029870045904183185,-0.13962406827265894,69.86392300033184,4.171557518572769,3.952365937624723,0.21919158094804558,2.923571428571429,-2956696416.0
2024-02-12,160.21,160.27,160.11,160.26,41805230.0,AMZN,152.553,140.9982,156.03779999999998,152.553,159.98304455607314,145.12295544392686,0.006089522255006585,-0.13438478988873326,66.62991547225278,4.394373234600266,4.040767397019832,0.3536058375804343,2.675000000000001,-2914891186.0
2024-02-13,160.25,161.61,160.17,160.59,78874398.0,AMZN,153.1415,141.6406,155.7123,153.1415,161.16721990540228,145.11578009459774,0.0020591538749532567,-0.13260235497461415,67.32312180889858,4.545190411150571,4.14165199984598,0.40353841130459145,2.644285714285719,-2836016788.0
2024-02-14,156.67,157.77,155.76,156.34,86519312.0,AMZN,153.297,142.1356,155.36165,153.297,161.44945290823708,145.14454709176292,-0.026464910642007622,-0.15555795614129886,51.59399047270063,4.272523635956077,4.167826327067999,0.1046973088880776,2.675000000000005,-2922536100.0
2024-02-15,148.99,149.18,148.97,149.02,60264688.0,AMZN,153.307,142.59199999999998,154.95985000000002,153.307,161.4367895356957,145.17721046430427,-0.04682103108609437,-0.1950956033272122,44.444444444444485,3.426274468656061,4.019515955385612,-0.5932414867295508,2.978571428571434,-2982800788.0
2024-02-16,146.79,147.4,146.36,147.22,112800885.0,AMZN,153.3415,143.0446,154.59785,153.3415,161.35522579095405,145.32777420904594,-0.012078915581801186,-0.20481797558604342,44.78371501272266,2.5806231328095066,3.731737390870391,-1.1511142580608844,2.980714285714291,-3095601673.0
2024-02-19,145.7,145.75,145.5,145.61,23739978.0,AMZN,153.256,143.4872,154.2929,153.256,161.57105267888318,144.94094732111682,-0.010936014128515081,-0.21351409743977567,43.163703249540205,1.7602339308464252,3.3374366988655977,-1.5772027680191725,2.94428571428572,-3119341651.0
2024-02-20,143.66,143.93,143.3,143.88,108597248.0,AMZN,152.8895,143.8438,154.02855,152.8895,162.17392153059978,143.6050784694002,-0.011881052125540914,-0.22285837744409676,39.564698867024475,0.959413514142085,2.8618320619208952,-1.9024185477788103,3.0507142857142924,-3227938899.0
2024-02-21,142.36,142.66,142.31,142.44,84106435.0,AMZN,152.457,144.1648,153.76075,152.457,162.83577408844207,142.07822591155792,-0.010008340283569672,-0.2306362752511617,34.70676691729324,0.20618482852879083,2.3307026152424744,-2.1245177867136835,2.987142857142863,-3312045334.0
2024-02-22,138.3,138.34,138.27,138.32,48224356.0,AMZN,151.5995,144.3714,153.47905,151.5995,163.63222288386828,139.56677711613173,-0.028924459421510895,-0.252889705088042,32.72830402722633,-0.7149622593850893,1.7215696403169618,-2.436531899702051,3.0914285714285756,-3360269690.0
2024-02-23,138.24,140.54,137.68,139.44,119711164.0,AMZN,150.9445,144.6072,153.20415,150.9445,164.13240430659727,137.75659569340274,0.00809716599190291,-0.24684022901588032,23.38501291989671,-1.33916624838443,1.1094224625766835,-2.4485887109611135,2.9071428571428606,-3240558526.0
2024-02-26,134.37,135.28,134.36,135.08,112213877.0,AMZN,150.17350000000002,144.78959999999998,152.89465,150.17350000000002,165.1522207309839,135.19477926901612,-0.03126792885829022,-0.2703899751539379,20.045558086560405,-2.1607600716929483,0.45538595572275714,-2.6161460274157053,3.0828571428571445,-3352772403.0
2024-02-27,136.22,136.23,135.52,135.97,95392241.0,AMZN,149.4685,144.92600000000002,152.60555,149.4685,165.73928786951328,133.19771213048674,0.006588688184779201,-0.2655828022037382,22.592592592592595,-2.70883773871023,-0.17745878316384023,-2.5313789555463897,3.0835714285714277,-3257380162.0
2024-02-28,137.2,137.29,137.15,137.18,83791068.0,AMZN,148.7835,145.0088,152.32825,148.7835,165.93384727283708,131.63315272716292,0.008899021843053578,-0.2590472075186351,25.552138663684687,-3.010849156017656,-0.7441368577346035,-2.2667122982830525,3.114999999999999,-3173589094.0
2024-02-29,136.92,137.72,136.05,136.38,107934491.0,AMZN,147.972,145.0736,152.07219999999998,147.972,165.87920243218716,130.06479756781286,-0.00583175389998547,-0.26336826185589346,14.14710485133024,-3.276973780335254,-1.2507042422547336,-2.0262695380805207,2.7949999999999977,-3281523585.0
2024-03-01,132.6,132.79,131.82,132.08,20541567.0,AMZN,147.05100000000002,145.0372,151.8158,147.05100000000002,166.25830442196028,127.84369557803976,-0.03152954978735878,-0.28659392891865665,10.06235827664402,-3.7911514913494955,-1.7587936920736862,-2.0323577992758093,3.050714285714282,-3302065152.0
2024-03-04,131.86,131.86,131.84,131.85,61962575.0,AMZN,145.84750000000003,144.9868,151.55715,145.84750000000003,165.7198059081029,125.97519409189714,-0.0017413688673532102,-0.2878362320406185,9.1529277998863,-4.16914084908035,-2.240863123475019,-1.9282777256053305,2.9649999999999954,-3364027727.0
2024-03-05,129.57,130.86,128.92,129.74,111692762.0,AMZN,144.52849999999998,144.94160000000002,151.2893,144.52849999999998,165.02213266968437,124.03486733031559,-0.01600303375047396,-0.29923301285513715,9.745762711864401,-4.586093868965378,-2.709909272573091,-1.876184596392287,2.8292857142857093,-3475720489.0
2024-03-06,130.72,130.8,130.61,130.63,77130695.0,AMZN,143.29950000000002,144.8724,151.0143,143.29950000000002,164.04260383819306,122.55639616180699,0.006859873593340504,-0.2944258399049373,15.445321307778983,-4.789506133901369,-3.1258286448387467,-1.6636774890626227,2.3785714285714232,-3398589794.0
2024-03-07,128.23,128.78,127.64,127.8,102504073.0,AMZN,141.95600000000002,144.6508,150.7013,141.95600000000002,163.0755049782486,120.83649502175143,-0.021664242517032806,-0.3097115696229885,14.869753979739457,-5.1200484368124535,-3.524672603233488,-1.5953758335789656,2.402142857142852,-3501093867.0
2024-03-08,133.02,133.11,132.63,132.84,44631667.0,AMZN,140.6335,144.5694,150.4189,140.6335,160.45540630271552,120.81159369728448,0.03943661971830981,-0.28248892729826136,29.449629868039892,-4.918620914172294,-3.803462265421249,-1.115158648751045,2.6585714285714244,-3456462200.0
2024-03-11,132.96,133.29,132.95,133.18,105752470.0,AMZN,139.2795,144.5034,150.13315,139.2795,157.04997637308193,121.5090236269181,0.0025594700391449177,-0.28065247920492653,31.974393530997304,-4.677632160945137,-3.978296244526027,-0.6993359164191104,2.5257142857142805,-3350709730.0
2024-03-12,129.48,131.14,128.13,130.57,58117658.0,AMZN,137.77849999999998,144.36780000000002,149.84894999999997,137.77849999999998,152.8339040306549,122.72309596934507,-0.01959753716774304,-0.29474991898023184,30.761750405186376,-4.643722087494268,-4.111381413119675,-0.5323406743745931,2.7742857142857105,-3408827388.0
2024-03-13,129.71,130.19,127.63,128.89,57029413.0,AMZN,136.406,144.2396,149.5711,136.406,149.16663585282345,123.64536414717655,-0.012866661560848591,-0.3038241330884742,33.4037310806054,-4.698251550317707,-4.228755440559281,-0.4694961097584258,2.6864285714285683,-3465856801.0
2024-03-14,129.33,129.58,128.93,129.16,70932866.0,AMZN,135.413,144.033,149.30304999999998,135.413,147.08510998829638,123.74089001170364,0.0020948095275041823,-0.3023657772496495,31.349782293178507,-4.665894274178612,-4.316183207283148,-0.3497110668954644,2.531428571428571,-3394923935.0
2024-03-15,129.23,129.44,128.31,128.58,89924402.0,AMZN,134.481,143.85479999999998,149.05955,134.481,145.11405055995058,123.8479494400494,-0.004490554351192166,-0.3054985416441617,36.33305298570227,-4.633638353851097,-4.379674236596738,-0.25396411725435897,2.249285714285715,-3484848337.0
2024-03-18,128.5,128.78,128.4,128.55,104097302.0,AMZN,133.62800000000001,143.6562,148.8448,133.62800000000001,143.18462702002847,124.07137297997156,-0.00023331777881474558,-0.30566058118180883,33.813263525305445,-4.55795478830845,-4.415330346939081,-0.14262444136936914,2.194285714285716,-3588945639.0
2024-03-19,127.41,127.71,127.38,127.5,76461370.0,AMZN,132.80900000000003,143.4444,148.64025,132.80900000000003,141.42779195344565,124.1902080465544,-0.008168028004667538,-0.31133196499946036,28.73462214411248,-4.530476726549296,-4.438359622861125,-0.09211710368817094,2.1835714285714323,-3665407009.0
2024-03-20,128.3,130.32,128.28,129.04,32593028.0,AMZN,132.139,143.2602,148.45975,132.139,139.61271787983094,124.66528212016908,0.012078431372549048,-0.30301393540023813,34.38297872340425,-4.334469963330008,-4.4175816909549015,0.08311172762489338,2.2657142857142896,-3632813981.0
2024-03-21,127.91,128.77,127.03,127.49,104241471.0,AMZN,131.5975,143.0526,148.2887,131.5975,138.7479460663167,124.44705393368329,-0.012011779293242375,-0.3113859781786761,38.939759036144544,-4.255154465499146,-4.385096245863751,0.12994178036460458,2.0835714285714317,-3737055452.0
2024-03-22,127.95,128.59,127.37,128.52,32583507.0,AMZN,131.05149999999998,142.78,148.12959999999998,131.05149999999998,137.2900230202043,124.81297697979565,0.00807906502470801,-0.3058226207194559,42.273781902552244,-4.062355662748502,-4.320548129240701,0.25819246649219973,2.153571428571431,-3704471945.0
2024-03-25,130.14,130.19,129.93,130.07,38348855.0,AMZN,130.801,142.5004,147.97885,130.801,136.75424909077194,124.84775090922805,0.01206037970743834,-0.29745057794101804,50.7860886136255,-3.7413610946361757,-4.204710722319796,0.46334962768362065,2.0635714285714295,-3666123090.0
2024-03-26,128.69,128.84,128.46,128.77,25073358.0,AMZN,130.441,142.09939999999997,147.8233,130.441,135.93089463995707,124.95110536004294,-0.009994618282463175,-0.3044722912390627,45.65420560747667,-3.5509367339255675,-4.073955924640951,0.5230191907153836,2.1028571428571428,-3691196448.0
2024-03-27,129.85,130.1,128.96,129.44,64109376.0,AMZN,130.054,141.6236,147.65875,130.054,134.5438125620163,125.5641874379837,0.005203075250446387,-0.300853408231609,54.261954261954266,-3.3078300497913062,-3.9207307496710224,0.6129006998797162,1.9842857142857133,-3627087072.0
2024-03-28,132.04,133.44,130.58,133.19,114761526.0,AMZN,129.89450000000002,141.311,147.51875,129.89450000000002,133.59542150685937,126.19357849314069,0.02897095179233622,-0.2805984660257108,50.97493036211698,-2.7805204818822347,-3.6926886961132652,0.9121682142310306,1.8907142857142836,-3512325546.0
2024-03-29,135.3,135.56,135.16,135.48,72152554.0,AMZN,130.0645,141.09,147.3986,130.0645,134.43914693311447,125.68985306688555,0.017193482994218634,-0.2682294479853091,55.77889447236178,-2.1530212992539646,-3.3847552167414054,1.2317339174874409,2.0278571428571417,-3440172992.0
2024-04-01,132.26,132.9,131.56,132.79,118635889.0,AMZN,130.1115,140.7994,147.2628,130.1115,134.58597627043335,125.63702372956666,-0.019855329199881866,-0.28275899319434006,55.55555555555557,-1.851441924838582,-3.078092558360841,1.226650633522259,1.9471428571428544,-3558808881.0
2024-04-02,134.42,134.87,130.45,132.72,95945129.0,AMZN,130.2605,140.42960000000002,147.09325,130.2605,134.87903690662196,125.64196309337805,-0.0005271481286240887,-0.2831370854488501,60.42460533478504,-1.599646780497892,-2.782403402788251,1.1827566222903592,2.0528571428571416,-3654754010.0
2024-04-03,137.93,138.78,136.5,138.24,102230919.0,AMZN,130.64100000000002,140.1726,146.93265,130.64100000000002,136.48028582510767,124.80171417489237,0.041591320072332794,-0.25332181052176783,69.22099915326001,-0.9437999092281473,-2.41468270407623,1.470882794848083,2.4364285714285683,-3552523091.0
2024-04-04,140.28,140.29,140.21,140.24,48011632.0,AMZN,131.26299999999998,139.868,146.77810000000002,131.26299999999998,138.34587512242982,124.18012487757014,0.01446759259259256,-0.24251917467862216,73.2827476038339,-0.25966005385467383,-1.983678174031919,1.724018120177245,2.5021428571428532,-3504511459.0
2024-04-05,141.68,141.86,141.46,141.61,37829892.0,AMZN,131.7015,139.64939999999999,146.6425,131.7015,140.1497530738571,123.25324692614291,0.009768967484312663,-0.23511936912606735,74.75360121304021,0.3885937935616255,-1.50922378051321,1.8978175740748355,2.590714285714282,-3466681567.0
2024-04-08,139.38,139.88,139.03,139.1,44072305.0,AMZN,131.9975,139.4214,146.4927,131.9975,141.05661782622403,122.93838217377598,-0.017724736953605102,-0.24867667710921537,70.83333333333334,0.6918286450295454,-1.0690132954046592,1.7608419404342046,2.6914285714285677,-3510753872.0
2024-04-09,141.93,141.94,141.77,141.86,102088624.0,AMZN,132.562,139.25719999999998,146.36455,132.562,142.60065287670037,122.52334712329966,0.019841840402588184,-0.2337690396456742,72.05781142463871,1.1416926609086318,-0.626872104142001,1.7685647650506326,2.69285714285714,-3408665248.0
2024-04-10,137.86,138.62,137.04,137.46,22015198.0,AMZN,132.99050000000003,138.9888,146.2257,132.99050000000003,143.1005647610993,122.88043523890074,-0.03101649513604965,-0.2575348385005948,65.62206204951428,1.1301423296354187,-0.27546921738651703,1.4056115470219357,2.893571428571428,-3430680446.0
2024-04-11,135.79,136.69,135.5,136.2,85040121.0,AMZN,133.3425,138.66060000000002,146.09655,133.3425,143.38099197103674,123.30400802896327,-0.00916630292448728,-0.2643404990817767,61.94772868699436,1.0077009894112905,-0.01883517602695553,1.026536165438246,2.9464285714285716,-3515720567.0
2024-04-12,133.82,134.12,133.57,133.62,91048490.0,AMZN,133.59449999999998,138.323,145.9436,133.59449999999998,143.37944326691675,123.80955673308321,-0.018942731277532876,-0.2782758993194345,55.35122098281581,0.6944754266782809,0.12382694451409175,0.5706484821641892,3.0150000000000006,-3606769057.0
2024-04-15,129.79,129.94,128.81,128.92,20793024.0,AMZN,133.613,137.78300000000002,145.73225,133.613,143.35910767110542,123.86689232889458,-0.03517437509354904,-0.3036620935508271,50.205086136177165,0.06622775870596342,0.11230710735246609,-0.04607934864650266,3.2435714285714305,-3627562081.0
2024-04-16,127.4,127.63,127.16,127.62,76121506.0,AMZN,133.61899999999997,137.21300000000002,145.51625,133.61899999999997,143.34939708174124,123.88860291825871,-0.010083772882407582,-0.31068380684887176,47.55376344086023,-0.5304475111721274,-0.016243816352452603,-0.5142036948196748,3.2742857142857167,-3703683587.0
2024-04-17,127.46,128.56,127.3,128.04,37765480.0,AMZN,133.56900000000002,136.6696,145.32825,133.56900000000002,143.4081375317331,123.72986246826692,0.0032910202162670377,-0.3084152533218112,42.39740183052849,-0.9583788763339101,-0.20467082834874412,-0.7537080479851659,3.0785714285714314,-3665918107.0
2024-04-18,129.71,130.81,129.36,130.19,102444840.0,AMZN,133.704,136.18,145.13414999999998,133.704,143.26202093586662,124.1459790641334,0.016791627616369986,-0.29680241979042943,42.15831603913431,-1.1112210698215392,-0.38598087664330316,-0.7252401931782361,3.1071428571428603,-3563473267.0
2024-04-19,130.79,130.97,129.3,129.37,91780679.0,AMZN,133.74650000000003,135.5816,144.9237,133.74650000000003,143.21460107121143,124.2783989287886,-0.0062984868269452265,-0.30123150048611913,44.632768361581945,-1.28371884455035,-0.5655284702247125,-0.7181903743256375,2.9464285714285743,-3655253946.0
2024-04-22,127.14,127.15,127.09,127.14,55755803.0,AMZN,133.6,134.9192,144.71245,133.6,143.39272984895808,123.8072701510419,-0.017237381154827314,-0.31327643945122663,41.79894179894182,-1.582129137063788,-0.7688486035925277,-0.8132805334712603,2.7935714285714304,-3711009749.0
2024-04-23,123.01,123.54,122.69,123.46,96103168.0,AMZN,133.3345,134.1766,144.50405,133.3345,143.93335093076456,122.73564906923541,-0.028944470662262134,-0.3331532894026148,27.035425730267264,-2.091457666673307,-1.0333704162086836,-1.0580872504646233,2.6785714285714306,-3807112917.0
2024-04-24,126.41,126.8,125.95,126.62,35639410.0,AMZN,133.1935,133.5822,144.32035,133.1935,144.0815818957408,122.3054181042592,0.02559533452130247,-0.3160851247704446,29.574085182963444,-2.2145901879722487,-1.2696143705613967,-0.944975817410852,2.770714285714289,-3771473507.0
2024-04-25,125.44,126.95,124.1,126.1,72252816.0,AMZN,132.839,133.12380000000002,144.13199999999998,132.839,144.17982870822988,121.49817129177012,-0.004106776180698213,-0.31889381008966255,26.131117266851348,-2.327305523030134,-1.4811526010551443,-0.8461529219749895,2.8585714285714325,-3843726323.0
2024-04-26,125.67,125.72,125.36,125.62,35307329.0,AMZN,132.346,132.6918,143.94455,132.346,144.05471452335442,120.63728547664559,-0.003806502775574816,-0.3214864426920174,27.872619829284346,-2.4273838565025017,-1.6703988521446158,-0.7569850043578858,2.7271428571428595,-3879033652.0
2024-04-29,129.52,129.62,129.27,129.41,104385512.0,AMZN,132.177,132.36780000000002,143.7733,132.177,143.95609137769748,120.39790862230251,0.030170355039006447,-0.3010154477692564,30.231819625277836,-2.1757941308013358,-1.77147790787596,-0.40431622292537583,2.8100000000000023,-3774648140.0
2024-04-30,126.81,126.95,126.62,126.7,92669545.0,AMZN,131.876,132.0242,143.5831,131.876,143.90175201718728,119.85024798281272,-0.020941194652654316,-0.31565301933671874,31.946308724832207,-2.170066634815498,-1.8511956532638678,-0.3188709815516304,2.665,-3867317685.0
2024-05-01,123.05,124.33,122.8,123.57,51852544.0,AMZN,131.14249999999998,131.64679999999998,143.37390000000002,131.14249999999998,143.32244533735633,118.96255466264364,-0.024704025256511497,-0.3325591444312418,30.05999368487528,-2.3905357859967893,-1.9590636798104522,-0.43147210618633713,2.8035714285714284,-3919170229.0
2024-05-02,125.17,126.77,124.28,125.63,49079205.0,AMZN,130.412,131.393,143.183,130.412,142.03428458382018,118.78971541617985,0.016670712956219136,-0.3214324295128017,37.174959871589074,-2.371694969560508,-2.041589937760463,-0.3301050318000449,2.8442857142857148,-3870091024.0
2024-05-03,119.06,119.24,115.8,117.63,111804092.0,AMZN,129.213,130.95680000000002,142.96265,129.213,140.91860297688956,117.50739702311043,-0.06367905754994829,-0.3646429728853846,33.61393323657475,-2.968082421417435,-2.2268884344918574,-0.7411939869255777,3.2028571428571433,-3981895116.0
2024-05-06,118.51,118.62,118.45,118.49,27187521.0,AMZN,128.1825,130.625,142.7521,128.1825,139.85199938041077,116.51300061958923,0.007311060103714961,-0.35999783947283204,36.57747721258452,-3.3329092578134265,-2.4480925991561713,-0.8848166586572552,3.1478571428571445,-3954707595.0
2024-05-07,119.08,119.66,118.48,118.93,31336142.0,AMZN,127.03599999999999,130.2842,142.53900000000002,127.03599999999999,137.48978078168426,116.5822192183157,0.00371339353531952,-0.3576212595873399,36.614751689685605,-3.5456606623081086,-2.667606211786559,-0.8780544505215495,3.142142857142858,-3923371453.0
2024-05-08,117.02,117.18,116.5,116.65,61500463.0,AMZN,125.99549999999999,129.8736,142.3152,125.99549999999999,136.2207905762307,115.77020942376926,-0.01917094088959892,-0.369936264448526,30.18149882903984,-3.853820188196451,-2.9048490070685373,-0.9489711811279138,3.1178571428571433,-3984871916.0
2024-05-09,116.26,117.61,115.69,117.0,85287868.0,AMZN,125.0355,129.486,142.08100000000002,125.0355,134.82269781411222,115.2483021858878,0.0030004286326617002,-0.36804580317597557,31.64143662807956,-4.023417307474276,-3.128562667149685,-0.8948546403245907,3.135714285714287,-3899584048.0
2024-05-10,120.2,120.27,120.14,120.24,66814957.0,AMZN,124.3665,129.2492,141.83440000000002,124.3665,133.48964413715464,115.24335586284536,0.027692307692307683,-0.3505455331100795,40.05763688760807,-3.8519800954272654,-3.2732461528052013,-0.5787339426220641,3.2064285714285723,-3832769091.0
2024-05-13,119.06,119.48,118.56,118.95,84657077.0,AMZN,123.86800000000001,128.99120000000002,141.57309999999998,123.86800000000001,133.03297819217744,114.70302180782257,-0.01072854291417158,-0.3575132332289085,43.02073661405139,-3.7766719652431107,-3.3739313152927832,-0.40274064995032743,3.008571428571429,-3917426168.0
2024-05-14,124.4,125.39,122.86,123.58,81610208.0,AMZN,123.66600000000001,128.868,141.31709999999998,123.66600000000001,132.65926391191783,114.67273608808217,0.03892391761244207,-0.3325051312520262,45.5002960331557,-3.305286142845361,-3.360202280803299,0.05491613795793793,3.23,-3835815960.0
2024-05-15,122.75,123.02,122.64,122.73,92342210.0,AMZN,123.4005,128.71,141.034,123.4005,132.16056122304568,114.6404387769543,-0.006878135620650538,-0.33709625148536304,45.06009967751394,-2.9661059555782288,-3.2813830157582853,0.3152770601800565,3.0935714285714275,-3928158170.0
2024-05-16,117.1,117.37,116.86,116.95,95071281.0,AMZN,122.7385,128.49300000000002,140.7545,122.7385,131.3378323486207,114.1391676513793,-0.04709524973519108,-0.36831586907205416,39.000253742704885,-3.1276473364307122,-3.250635879892771,0.12298854346205879,3.46,-4023229451.0
2024-05-17,116.12,116.27,115.02,115.15,64810133.0,AMZN,122.02749999999999,128.1392,140.48475,122.02749999999999,130.66954623673254,113.38545376326744,-0.015391192817443278,-0.37803824133088526,30.94601817210048,-3.3621581352589374,-3.2729403309660046,-0.0892178042929328,3.3121428571428573,-4088039584.0
2024-05-20,119.34,120.07,118.71,119.07,53830406.0,AMZN,121.624,127.85699999999999,140.25240000000002,121.624,130.01078760406617,113.23721239593384,0.03404255319148919,-0.35686507507831977,40.124255759772176,-3.1948699219732646,-3.257326249167457,0.06245632719419225,3.4642857142857144,-4034209178.0
2024-05-21,117.83,118.16,117.8,117.89,117419629.0,AMZN,121.34549999999999,127.60340000000001,139.98675,121.34549999999999,129.8447519175409,112.84624808245908,-0.009910136894263788,-0.36323863022577574,42.25736095965104,-3.121525938094493,-3.2301661869528644,0.10864024885837154,3.276428571428571,-4151628807.0
2024-05-22,122.76,122.89,122.53,122.64,68616261.0,AMZN,121.14649999999999,127.47840000000001,139.7321,121.14649999999999,129.3053241541827,112.98767584581728,0.04029179743828992,-0.3375823700983047,46.20269240538481,-2.649572378780988,-3.1140474253184895,0.4644750465375016,3.404999999999999,-4083012546.0
2024-05-23,124.9,125.19,124.18,124.26,64513912.0,AMZN,121.0545,127.3804,139.50789999999998,121.0545,129.0172804585777,113.09171954142231,0.013209393346379716,-0.32883223506535664,60.04849954531679,-2.120382867879755,-2.915314513830743,0.7949316459509879,2.884999999999999,-4018498634.0
2024-05-24,123.57,123.61,123.52,123.54,96545035.0,AMZN,120.9505,127.27960000000002,139.30195,120.9505,128.71405175093216,113.18694824906787,-0.005794302269435003,-0.33272118396888906,57.686453576864565,-1.7390476913288495,-2.6800611493303643,0.9410134580015148,2.867142857142856,-4115043669.0
2024-05-27,123.57,123.67,123.39,123.44,108556210.0,AMZN,120.652,127.17739999999999,139.13129999999998,120.652,127.4443783912893,113.8596216087107,-0.0008094544277157389,-0.33326131576104634,56.93632728391263,-1.428439815782383,-2.429736882620768,1.0012970668383852,2.8028571428571425,-4223599879.0
2024-05-28,121.25,121.91,121.2,121.9,87288938.0,AMZN,120.412,127.0654,138.9827,120.412,126.61853509574097,114.20546490425905,-0.01247569669475046,-0.34157934536026857,58.262511803588296,-1.2916565535646924,-2.202120816809553,0.9104642632448607,2.7892857142857133,-4310888817.0
2024-05-29,121.7,121.98,121.24,121.52,52905251.0,AMZN,120.3095,126.915,138.7977,120.3095,126.36224526666084,114.25675473333916,-0.003117309269893398,-0.34363184617046627,57.10691823899371,-1.2000838375415412,-2.0017134209559506,0.8016295834144094,2.704999999999999,-4363794068.0
2024-05-30,120.25,120.5,120.23,120.33,41604548.0,AMZN,120.0445,126.7718,138.59929999999997,120.0445,125.55636079954957,114.53263920045043,-0.009792626728110543,-0.35005941449713796,50.15126050420169,-1.209591437950266,-1.8432890243548137,0.6336975864045478,2.5635714285714277,-4405398616.0
2024-05-31,121.5,121.5,121.45,121.49,47475643.0,AMZN,120.2375,126.63119999999999,138.3819,120.2375,125.66302592647705,114.81197407352295,0.009640156237014752,-0.34379388570811353,54.28764348413233,-1.1107202822824718,-1.6967752759403454,0.5860549936578736,2.5271428571428567,-4357922973.0
2024-06-03,124.67,125.45,124.2,124.72,32934511.0,AMZN,120.549,126.52420000000001,138.19805,120.549,126.25994940949596,114.83805059050405,0.02658655033336088,-0.3263476288214331,52.01984408221119,-0.7629355274739993,-1.5100073262470761,0.7470717987730768,2.3500000000000005,-4324988462.0
2024-06-04,121.18,121.21,121.0,121.16,29326736.0,AMZN,120.6605,126.37200000000001,137.99120000000002,120.6605,126.32524777623405,114.99575222376595,-0.028543938422065485,-0.34557632062223254,47.46201099256384,-0.7657487762425887,-1.3611556162461786,0.5954068400035899,2.548571428571429,-4354315198.0
2024-06-05,122.59,123.23,121.97,122.95,41702819.0,AMZN,120.97550000000001,126.2422,137.8005,120.97550000000001,126.39666116906523,115.5543388309348,0.014773852756685413,-0.33590796154261715,61.1358574610245,-0.6164343839530915,-1.2122113697875614,0.5957769858344699,2.277142857142858,-4312612379.0
2024-06-06,125.84,125.9,124.57,125.35,112671504.0,AMZN,121.393,126.0854,137.62405,121.393,126.8111608843176,115.9748391156824,0.01952013013420073,-0.32294479853084235,68.5185185185185,-0.30097228875246174,-1.0299635535805414,0.7289912648280796,2.3500000000000005,-4199940875.0
2024-06-07,128.08,128.89,127.73,128.68,77840711.0,AMZN,121.81500000000001,125.94940000000001,137.48194999999998,121.81500000000001,128.10036311390306,115.52963688609698,0.026565616274431658,-0.30495840985200473,67.82931354359927,0.21525553271528963,-0.7809197363213752,0.9961752690366649,2.2514285714285722,-4122100164.0
2024-06-10,127.46,127.79,126.49,126.69,83256680.0,AMZN,122.202,125.8274,137.38324999999998,122.202,128.69433588649622,115.70966411350376,-0.015464718682001943,-0.3157070325159348,65.85014409221898,0.45850803634141357,-0.5330341817888176,0.9915422181302311,2.317142857142859,-4205356844.0
2024-06-11,122.58,122.67,122.49,122.57,24842564.0,AMZN,122.15150000000001,125.62439999999998,137.25979999999998,122.15150000000001,128.61435019411002,115.68864980589,-0.0325203252032521,-0.33796046235281496,49.870991522300024,0.3152043507340636,-0.3633864752842414,0.678590826018305,2.260000000000002,-4230199408.0
2024-06-12,121.33,121.53,121.31,121.32,29390666.0,AMZN,122.08099999999999,125.286,137.1501,122.08099999999999,128.54803999645264,115.61396000354733,-0.010198254058905065,-0.34471210975478095,44.50672645739909,0.09962221128974136,-0.27078473796944486,0.3704069492591862,2.1678571428571445,-4259590074.0
2024-06-13,123.13,123.25,122.98,123.14,75584631.0,AMZN,122.39050000000002,124.944,137.03255000000001,122.39050000000002,128.39989431223557,116.38110568776445,0.015001648532805945,-0.3348817111375183,49.28212491026561,0.07476871501525295,-0.20167404737250533,0.2764427623877583,2.2528571428571444,-4184005443.0
2024-06-14,126.07,126.29,125.62,125.93,27602994.0,AMZN,122.9295,124.63040000000001,136.93214999999998,122.9295,128.07636813303753,117.78263186696249,0.02265713821666404,-0.31981203413632997,54.07528641571196,0.27700863998521186,-0.1059375099009619,0.38294614988617376,2.4578571428571445,-4156402449.0
2024-06-17,126.57,126.66,126.43,126.66,101529850.0,AMZN,123.309,124.38159999999999,136.8529,123.309,128.37631902540122,118.24168097459876,0.005796871277693905,-0.31586907205358183,58.00268997982512,0.490535548266692,0.013357101732568877,0.4771784465341231,2.3500000000000014,-4054872599.0
2024-06-18,122.69,123.83,122.24,123.09,72333988.0,AMZN,123.569,124.0062,136.76485,123.569,127.95317200967945,119.18482799032056,-0.02818569398389381,-0.3351517770335969,52.383844518675986,0.3674522365411548,0.08417612869428606,0.28327610784686874,2.612857142857144,-4127206587.0
2024-06-19,120.91,121.0,120.82,120.83,68220580.0,AMZN,123.47850000000001,123.67360000000001,136.65095,123.47850000000001,128.01547917120305,118.94152082879697,-0.018360549191648423,-0.34735875553635154,50.73529411764705,0.08654705229417914,0.08465031341426468,0.0018967388799144558,2.682857142857145,-4195427167.0
2024-06-20,119.04,119.16,118.81,119.13,27977247.0,AMZN,123.22200000000001,123.3322,136.52200000000002,123.22200000000001,128.13723346342064,118.30676653657937,-0.014069353637341742,-0.35654099600302536,46.5836711059641,-0.2701341838229041,0.013693413966830922,-0.28382759778973504,2.7435714285714305,-4223404414.0
2024-06-21,119.18,119.47,119.11,119.33,30064474.0,AMZN,123.0115,123.04639999999999,136.4256,123.0115,128.22116823874848,117.80183176125153,0.0016788382439352212,-0.3554607324187108,41.44715963186291,-0.5305524265491215,-0.09515575413635957,-0.4353966724127619,2.4864285714285725,-4193339940.0
2024-06-24,119.02,120.49,118.46,119.34,27265312.0,AMZN,122.8065,122.8548,136.3126,122.8065,128.26204001378736,117.35095998621266,8.380122349782582e-05,-0.3554067192394951,46.745350500715325,-0.7277399110035816,-0.22167258550980398,-0.5060673254937776,2.365714285714287,-4166074628.0
2024-06-25,119.88,120.17,119.22,119.6,102128219.0,AMZN,122.69149999999999,122.69439999999999,136.20035000000001,122.69149999999999,128.32166789503165,117.06133210496833,0.002178649237472685,-0.3540023765798862,43.662504729474065,-0.8531974568182932,-0.3479775597715018,-0.5052198970467914,2.285714285714287,-4063946409.0
2024-06-26,122.33,122.46,122.18,122.26,63448601.0,AMZN,122.72849999999998,122.57879999999999,136.0589,122.72849999999998,128.33593219213597,117.12106780786398,0.02224080267558537,-0.3396348709085023,44.21131509928815,-0.7295736256837415,-0.42429677295394974,-0.30527685272979177,2.2792857142857152,-4000497808.0
2024-06-27,124.83,124.85,124.4,124.61,21780084.0,AMZN,122.9425,122.4672,135.94175,122.9425,128.49088952451243,117.39411047548758,0.01922133158841799,-0.3269417737928062,42.084791909762735,-0.4369387309124022,-0.4268251645456403,-0.010113566366761917,2.211428571428572,-3978717724.0
2024-06-28,119.91,119.94,119.86,119.89,66029973.0,AMZN,122.8625,122.2776,135.7839,122.8625,128.54362247988973,117.18137752011026,-0.03787817992135467,-0.35243599438263007,38.04500703234882,-0.5792112352264525,-0.45730237868180273,-0.12190885654464972,2.394285714285714,-4044747697.0
2024-07-01,117.12,118.26,116.93,117.39,26548259.0,AMZN,122.49600000000001,122.0826,135.61405,122.49600000000001,128.60239836995268,116.38960163004732,-0.020852448077404273,-0.36593928918656216,40.34302759134975,-0.88350779860383,-0.5425434626662082,-0.34096433593762177,2.3057142857142847,-4071295956.0
2024-07-02,111.97,112.63,110.98,112.5,39802270.0,AMZN,122.06300000000002,121.8634,135.4388,122.06300000000002,129.62333722444293,114.5026627755571,-0.0416560184002045,-0.39235173382305344,35.521996060407105,-1.5019337921490177,-0.7344215285627702,-0.7675122635862475,2.673571428571428,-4111098226.0
2024-07-03,112.76,113.91,112.11,112.44,70096288.0,AMZN,121.5375,121.57979999999999,135.26695,121.5375,130.21652704951677,112.85847295048322,-0.0005333333333333856,-0.39267581289834785,31.3588850174216,-1.9741258521385703,-0.9823623932779302,-0.9917634588606401,2.6642857142857133,-4181194514.0
2024-07-04,110.08,110.51,109.95,110.16,69407312.0,AMZN,120.77799999999999,121.26099999999998,135.08995000000002,120.77799999999999,130.63136405284115,110.92463594715883,-0.02027748132337248,-0.40499081775953394,22.029088329194735,-2.5034600774621367,-1.2865819301147714,-1.2168781473473653,2.617142857142855,-4250601826.0
2024-07-05,108.47,109.62,107.63,109.53,118668496.0,AMZN,119.8205,120.9392,134.90735,119.8205,130.1509505939291,109.49004940607087,-0.005718954248365993,-0.4083936480501248,19.50872196511216,-2.93990757505226,-1.6172470591022692,-1.3226605159499907,2.7457142857142847,-4369270322.0
2024-07-08,104.2,104.33,104.12,104.22,42388566.0,AMZN,118.697,120.43539999999999,134.72435000000002,118.697,130.64294861955207,106.75105138044793,-0.04847986852917008,-0.43707464621367664,18.370767683540066,-3.671940143533945,-2.0281856759886043,-1.6437544675453406,2.81642857142857,-4411658888.0
2024-07-09,104.39,104.87,103.87,104.86,101499051.0,AMZN,117.8115,119.99860000000001,134.52849999999998,117.8115,131.09886839811753,104.52413160188244,0.006140855881788587,-0.43361780274386996,21.694434597660404,-4.152570330879627,-2.453062606966809,-1.6995077239128178,2.7257142857142833,-4310159837.0
2024-07-10,105.93,106.07,105.77,105.98,113794782.0,AMZN,117.04450000000001,119.6468,134.34730000000002,117.04450000000001,131.2203972239921,102.86860277600792,0.010680907877169687,-0.4275683266717083,26.203402099167604,-4.392464975314212,-2.84094308063629,-1.5515218946779221,2.6678571428571405,-4196365055.0
2024-07-11,108.64,108.64,108.24,108.54,104560457.0,AMZN,116.3145,119.305,134.16299999999998,116.3145,130.67126766875677,101.95773233124322,0.024155501037931737,-0.4137409527924818,32.01067022340783,-4.326143514682457,-3.1379831674455234,-1.1881603472369333,2.8321428571428546,-4091804598.0
2024-07-12,104.15,104.29,104.04,104.25,88754126.0,AMZN,115.2305,119.03739999999999,133.97099999999998,115.2305,129.8026283710747,100.65837162892532,-0.03952459922609186,-0.4369126066760294,27.98365917712286,-4.56710369778088,-3.423807273512595,-1.1432964242682848,3.008571428571426,-4180558724.0
2024-07-15,101.32,103.2,100.87,102.1,108056537.0,AMZN,114.00250000000001,118.70960000000001,133.73575,114.00250000000001,128.65830377224148,99.34669622775854,-0.020623501199040772,-0.44852544020741103,25.80199115044249,-4.875353371743643,-3.7141164931588047,-1.161236878584838,3.182142857142854,-4288615261.0
2024-07-16,101.53,101.6,101.03,101.31,74637688.0,AMZN,112.9135,118.35719999999999,133.5103,112.9135,127.95773830958913,97.86926169041087,-0.007737512242899092,-0.4527924813654536,19.451735199766688,-5.12431988699376,-3.996157171925796,-1.128162715067964,3.0542857142857107,-4363252949.0
2024-07-17,100.27,100.6,100.25,100.37,80348428.0,AMZN,111.8905,118.0316,133.28045,111.8905,127.44211927598481,96.3388807240152,-0.00927845227519497,-0.4578697202117321,13.13868613138689,-5.335968069745363,-4.264119351489709,-1.0718487182556533,2.944999999999997,-4443601377.0
2024-07-18,100.62,101.12,100.04,100.96,93542933.0,AMZN,110.982,117.7108,133.0784,110.982,126.8721433864526,95.09185661354739,0.005878250473248858,-0.45468294263800424,17.078260869565213,-5.393915015550775,-4.490078484301923,-0.9038365312488521,2.68285714285714,-4350058444.0
2024-07-19,99.96,100.08,99.11,99.53,96547834.0,AMZN,109.992,117.2966,132.87725,109.992,126.15704559063431,93.8269544093657,-0.014164025356576793,-0.46240682726585336,17.738439306358387,-5.491920001403457,-4.690446787722229,-0.8014732136812279,2.6035714285714255,-4446606278.0
2024-07-22,96.92,97.05,96.9,96.99,87687148.0,AMZN,108.87449999999998,116.8574,132.6604,108.87449999999998,125.40458163764728,92.34441836235268,-0.025519943735557216,-0.4761261747866484,19.384129490722458,-5.708739634178016,-4.894105357013387,-0.8146342771646298,2.3335714285714255,-4534293426.0
2024-07-23,97.09,98.02,96.99,97.79,39126002.0,AMZN,107.78399999999999,116.3416,132.4367,107.78399999999999,124.21217272088663,91.35582727911336,0.008248273017837038,-0.47180512044939005,21.902570003835848,-5.749738040093376,-5.0652318936293845,-0.6845061464639919,2.278571428571426,-4495167424.0
2024-07-24,94.03,94.1,94.01,94.09,109896533.0,AMZN,106.37549999999999,115.76880000000001,132.17925,106.37549999999999,122.40341443240652,90.34758556759346,-0.03783617956846308,-0.49178999675920965,20.771189523463093,-6.011491913216901,-5.254483897546888,-0.7570080156700127,2.3707142857142833,-4605063957.0
2024-07-25,93.35,94.26,92.5,94.14,91583444.0,AMZN,104.852,115.3126,131.93705,104.852,119.29634779274603,90.40765220725397,0.0005314061005419202,-0.49151993086313106,21.404682274247506,-6.144074099701513,-5.432401937977813,-0.7116721617236994,2.3157142857142836,-4513480513.0
2024-07-26,93.34,93.35,93.27,93.28,79998647.0,AMZN,103.52149999999999,114.8752,131.6895,103.52149999999999,117.00366174295016,90.03933825704982,-0.009135330359039684,-0.49616506427568374,25.645592163846857,-6.246535082278328,-5.595228566837916,-0.6513065154404121,1.99142857142857,-4593479160.0
2024-07-29,94.41,94.42,94.39,94.4,49253933.0,AMZN,102.372,114.3818,131.4566,102.372,114.75059544791202,89.99340455208798,0.012006861063464935,-0.4901155882035221,27.201394943330456,-6.1662804665504325,-5.70943894678042,-0.45684151977001264,2.00142857142857,-4544225227.0
2024-07-30,95.11,95.5,94.29,94.6,33206529.0,AMZN,101.477,113.916,131.21615,101.477,113.35043625160644,89.60356374839357,0.0021186440677964935,-0.4890353246192075,24.159854677565818,-6.017177500193256,-5.770986657462987,-0.24619084273026903,2.00142857142857,-4511018698.0
2024-07-31,95.12,95.12,95.12,95.12,98455977.0,AMZN,100.611,113.3656,130.97504999999998,100.611,111.61217486548419,89.60982513451582,0.005496828752642902,-0.48622663929998955,16.416416416416425,-5.790305631962497,-5.774850452362889,-0.015455179599607405,1.8485714285714283,-4412562721.0
2024-08-01,89.94,90.27,89.71,89.88,28157538.0,AMZN,99.59700000000001,112.67800000000001,130.71035,99.59700000000001,110.63072647838924,88.56327352161078,-0.05508830950378474,-0.5145295452090314,15.671285236502627,-5.964576326289247,-5.812795627148161,-0.15178069914108594,1.913571428571429,-4440720259.0
2024-08-02,91.57,91.67,91.5,91.65,67217813.0,AMZN,98.703,112.04019999999998,130.42885,98.703,109.2340110475736,88.1719889524264,0.0196929238985315,-0.5049692124878473,24.57420924574214,-5.891944234080398,-5.828625348534609,-0.06331888554578935,1.8000000000000012,-4373502446.0
2024-08-05,90.71,90.76,90.61,90.65,59640250.0,AMZN,98.0245,111.3844,130.1283,98.0245,108.8045175275666,87.2444824724334,-0.010911074740861948,-0.5103705304094202,24.325626204238944,-5.847666164867434,-5.832433511801175,-0.015232653066258983,1.797857142857145,-4433142696.0
2024-08-06,92.79,92.94,92.47,92.57,76734833.0,AMZN,97.41,110.79780000000001,129.8323,97.41,107.94782160650065,86.87217839349934,0.021180364037506783,-0.5000000000000004,32.06071757129712,-5.593172906482707,-5.784581390737482,0.19140848425477497,1.8857142857142872,-4356407863.0
2024-08-07,92.45,93.45,92.25,93.16,52016429.0,AMZN,96.769,110.2306,129.5456,96.769,106.6511154777555,86.88688452224451,0.006373555147455967,-0.49681322242627246,32.06071757129716,-5.282978212232777,-5.684260755036541,0.40128254280376385,1.8942857142857161,-4304391434.0
2024-08-08,96.45,96.48,96.44,96.46,38031314.0,AMZN,96.16499999999999,109.75319999999999,129.29245,96.16499999999999,104.34854832317859,87.9814516768214,0.03542292829540572,-0.478988873285082,43.49851757729775,-4.716495437965918,-5.490707691622417,0.7742122536564988,1.999285714285717,-4266360120.0
2024-08-09,92.89,93.32,92.86,93.04,34231261.0,AMZN,95.6045,109.1842,129.01405,95.6045,102.94902742916784,88.25997257083216,-0.035455110926808864,-0.49746138057686107,41.93548387096777,-4.491741179631887,-5.290914389224311,0.799173209592424,2.068571428571431,-4300591381.0
2024-08-12,93.32,93.42,93.29,93.3,118312713.0,AMZN,95.1645,108.5558,128.7618,95.1645,101.8996723300665,88.42932766993351,0.002794496990541573,-0.4960570379172522,40.62630480167012,-4.243722986582355,-5.08147610869592,0.8377531221135648,2.0221428571428595,-4182278668.0
2024-08-13,93.47,93.53,93.06,93.41,96557767.0,AMZN,94.7695,108.0008,128.50390000000002,94.7695,100.88527244765388,88.65372755234611,0.0011789924973204524,-0.4954628929458792,48.33005893909625,-3.9922702941751,-4.863634945791756,0.8713646516166564,1.7857142857142878,-4085720901.0
2024-08-14,93.97,94.03,93.95,93.97,33498183.0,AMZN,94.4495,107.42120000000001,128.22279999999998,94.4495,99.97243390755959,88.92656609244041,0.005995075473718137,-0.49243815490979836,49.59271681839961,-3.705094876543484,-4.631926931942102,0.9268320553986182,1.7042857142857162,-4052222718.0
2024-08-15,97.07,97.36,96.83,97.22,95382335.0,AMZN,94.2625,106.85860000000001,127.97630000000001,94.2625,99.06333271284733,89.46166728715268,0.03458550601255728,-0.4748838716646865,58.469475494411,-3.178617328523913,-4.341265011258464,1.1626476827345513,1.884285714285716,-3956840383.0
2024-08-16,97.52,97.59,97.5,97.59,21306072.0,AMZN,94.16550000000001,106.23679999999999,127.71055,94.16550000000001,98.58115385274608,89.74984614725393,0.0038058012754578208,-0.4728853840337045,57.085739671257215,-2.7003956902917707,-4.013091147065126,1.3126954567733549,1.8292857142857162,-3935534311.0
2024-08-19,96.93,97.39,95.72,97.32,83241775.0,AMZN,94.182,105.6494,127.45684999999999,94.182,98.64431282961834,89.71968717038166,-0.0027666769136183156,-0.4743437398725292,56.02302922940655,-2.3164853390809412,-3.6737699854682893,1.357284646387348,1.8764285714285742,-4018776086.0
2024-08-20,95.58,95.66,95.39,95.46,94837096.0,AMZN,94.06550000000001,105.1072,127.19135,94.06550000000001,98.24382237801724,89.88717762198279,-0.019112207151664617,-0.4843901912066547,50.7107023411371,-2.137678250934769,-3.3665516385615852,1.228873387626816,1.9771428571428586,-4113613182.0
2024-08-21,96.29,96.86,96.18,96.54,92382224.0,AMZN,94.188,104.6116,126.93645000000001,94.188,98.51051681070764,89.86548318929236,0.011313639220616123,-0.4785567678513559,66.85222672064779,-1.8870723755959204,-3.0706557859684525,1.183583410372532,1.690714285714287,-4021230958.0
2024-08-22,97.83,97.88,97.67,97.77,108926055.0,AMZN,94.3695,104.1042,126.70315000000001,94.3695,98.97885650262855,89.76014349737146,0.012740832815413272,-0.47191314680782137,65.92091571279914,-1.571103984654144,-2.7707454257055906,1.1996414410514467,1.6585714285714286,-3912304903.0
2024-08-23,97.84,97.95,97.03,97.41,72793861.0,AMZN,94.576,103.53379999999999,126.461,94.576,99.34705483205018,89.80494516794981,-0.003682111077017436,-0.4738576212595875,68.19160387513455,-1.3343640318119583,-2.4834691469268644,1.149105115114906,1.6499999999999997,-3985098764.0
2024-08-26,96.74,97.16,96.07,96.77,38011258.0,AMZN,94.6945,102.936,126.23475,94.6945,99.56386492129573,89.82513507870428,-0.006570167333949328,-0.4773144647293942,62.13872832369943,-1.1847317151200798,-2.2237216605655075,1.0389899454454277,1.5821428571428575,-4023110022.0
2024-08-27,94.48,94.54,94.38,94.53,42011988.0,AMZN,94.691,102.3648,125.98549999999999,94.691,99.56075153369278,89.82124846630722,-0.023147669732355047,-0.4894134168737174,53.61477572559368,-1.2326866611293354,-2.0255146606782732,0.7928279995489378,1.6671428571428575,-4065122010.0
2024-08-28,95.84,96.21,95.71,96.07,101212893.0,AMZN,94.7385,101.86959999999999,125.74705,94.7385,99.64427007205833,89.83272992794167,0.01629112451073733,-0.4810953872744952,48.86561954624782,-1.1333614859385506,-1.847084025730329,0.7137225397917784,1.5499999999999992,-3963909117.0
2024-08-29,95.86,96.01,95.66,95.97,99720873.0,AMZN,95.04299999999999,101.40639999999999,125.52545,95.04299999999999,99.40487839786923,90.68112160213076,-0.001040907671489455,-0.4816355190666525,60.56236481614995,-1.0506040240547208,-1.6877880253952073,0.6371840013404866,1.3221428571428564,-4063629990.0
2024-08-30,99.38,99.39,99.38,99.38,90494046.0,AMZN,95.42949999999999,101.0074,125.3267,95.42949999999999,99.8941658388434,90.96483416115657,0.03553193706366575,-0.463217024954089,67.86133960047003,-0.7017700693131985,-1.4905844341788057,0.7888143648656072,1.5392857142857141,-3973135944.0
2024-09-02,103.9,104.71,103.61,104.19,61856262.0,AMZN,96.1065,100.7044,125.14965000000001,96.1065,101.52419139024218,90.68880860975781,0.0484000804990945,-0.43723668575132346,74.8158379373849,-0.03676602990816491,-1.1998207533246776,1.1630547234165127,1.8864285714285711,-3911279682.0
2024-09-03,106.04,106.33,105.6,105.86,106173013.0,AMZN,96.771,100.42960000000001,124.96855000000001,96.771,103.47075301979264,90.07124698020736,0.016028409636241525,-0.4282164848222968,76.04029785370128,0.6178868901944554,-0.836279224620851,1.4541661148153064,1.9949999999999994,-3805106669.0
2024-09-04,105.71,105.74,104.77,105.34,100207108.0,AMZN,97.38,100.09120000000001,124.79800000000002,97.38,104.86588285409066,89.89411714590933,-0.00491214812015861,-0.43102517014151465,70.1990049751244,1.0822686721529777,-0.45256964526608534,1.5348383174190632,1.8307142857142853,-3905313777.0
2024-09-05,101.52,101.54,100.66,101.27,116811583.0,AMZN,97.6205,99.62439999999998,124.59280000000001,97.6205,105.28877359970323,89.95222640029678,-0.03863679513954821,-0.4530085340823162,57.73109243697478,1.1090946418110548,-0.14023678785065735,1.2493314296617122,2.1385714285714283,-4022125360.0
2024-09-06,102.09,102.68,102.08,102.41,60010526.0,AMZN,98.089,99.2748,124.41415,98.089,105.72382299108295,90.45417700891704,0.011257035647279645,-0.44685103165172313,60.31617349006892,1.2084130551692454,0.1294931807533232,1.078919874415922,2.105714285714286,-3962114834.0
2024-09-09,99.33,99.37,99.26,99.27,79503245.0,AMZN,98.3875,98.91239999999999,124.2281,98.3875,105.69370752654609,91.08129247345391,-0.030661068255053214,-0.4638111699254619,57.34104046242775,1.0219712074564882,0.3079887860939562,0.713982421362532,2.192857142857143,-4041618079.0
2024-09-10,98.68,99.38,98.32,99.12,106061795.0,AMZN,98.673,98.64479999999999,124.08135,98.673,105.5964767657747,91.74952323422531,-0.0015110305228164256,-0.46462136761369777,55.155875299760204,0.8522863272546886,0.4168482943261027,0.43543803292858585,2.1685714285714286,-4147679874.0
2024-09-11,99.25,99.83,99.16,99.58,34072623.0,AMZN,98.95349999999999,98.3876,123.92129999999999,98.95349999999999,105.52007973937654,92.38692026062344,0.00464083938660198,-0.46213676136977433,53.73195876288661,0.7463248247916852,0.48274360041921927,0.2635812243724659,2.1235714285714287,-4113607251.0
2024-09-12,98.94,99.63,97.03,98.2,52644810.0,AMZN,99.0025,98.1484,123.78129999999999,99.0025,105.52911877479337,92.47588122520662,-0.013858204458726653,-0.46959058010154486,51.563118322121106,0.5447159573372886,0.49513807180283315,0.04957788553445547,2.2435714285714283,-4166252061.0
2024-09-13,101.54,101.55,101.16,101.32,48282080.0,AMZN,99.189,97.9842,123.66494999999999,99.189,105.7587004658076,92.61929953419238,0.03177189409368619,-0.45273846818623764,58.198198198198206,0.6294415915842819,0.5219987757591229,0.10744281582515902,2.387142857142856,-4117969981.0
2024-09-16,100.83,101.3,100.77,101.29,56946286.0,AMZN,99.3875,97.92560000000002,123.554,99.3875,105.95933103539656,92.81566896460345,-0.00029609159099863724,-0.4529005077238847,63.23414252153488,0.6862557883124509,0.5548501782697886,0.13140561004266238,2.2557142857142845,-4174916267.0
2024-09-17,100.99,101.23,100.01,100.67,99318074.0,AMZN,99.648,97.8418,123.4271,99.648,105.9727204223554,93.3232795776446,-0.006121038602033835,-0.45624932483525993,59.34199837530466,0.6734890673637182,0.5785779560885745,0.09491111127514362,2.2271428571428564,-4274234341.0
2024-09-18,98.91,99.03,98.66,98.74,46718598.0,AMZN,99.758,97.697,123.28885,99.758,105.92979868006688,93.58620131993311,-0.01917155061090703,-0.4666738684238956,55.236294896030245,0.5018514476191172,0.5632326543946831,-0.06138120677556591,2.3414285714285716,-4320952939.0
2024-09-19,95.2,95.37,94.83,95.03,112415644.0,AMZN,99.621,97.4268,123.12404999999998,99.621,106.09295049098813,93.14904950901186,-0.03757342515697781,-0.4867127579129309,41.86915887850467,0.06570400824520561,0.4637269251647876,-0.39802291691958197,2.3764285714285713,-4433368583.0
2024-09-20,97.19,97.24,97.19,97.19,30899067.0,AMZN,99.60999999999999,97.28560000000002,122.97175000000001,99.60999999999999,106.09849994828188,93.12150005171809,0.02272966431653156,-0.4750459112023335,35.477178423236495,-0.10444801984826313,0.3500919361621775,-0.4545399560104406,2.153571428571428,-4402469516.0
2024-09-23,100.08,100.63,99.69,100.41,46452799.0,AMZN,99.792,97.2518,122.84400000000001,99.792,106.14793249607355,93.43606750392645,0.0331309805535549,-0.4576536674948689,39.37621832358672,0.02029837432178283,0.28413322379409856,-0.2638348494723157,2.2464285714285706,-4356016717.0
2024-09-24,101.08,101.12,100.06,101.08,29851117.0,AMZN,100.11949999999999,97.2472,122.70365,100.11949999999999,105.99030367491373,94.24869632508624,0.006672642167114828,-0.4540347844874151,41.74418604651161,0.17125012617215418,0.26155660426970967,-0.09030647809755549,2.2442857142857133,-4326165600.0
2024-09-25,101.14,103.02,101.1,101.68,91867234.0,AMZN,100.4,97.27339999999998,122.54684999999999,100.4,105.98528517859413,94.81471482140589,0.005935892362485262,-0.45079399373447127,50.91804746977164,0.33542884769398995,0.2763310529545657,0.059097794739424225,2.048571428571427,-4234298366.0
2024-09-26,98.78,98.95,98.34,98.51,103268341.0,AMZN,100.527,97.22439999999999,122.37370000000001,100.527,105.79463344445782,95.25936655554219,-0.031176239181746723,-0.4679161715458573,41.995073891625616,0.20735885631999906,0.2625366136276524,-0.05517775730765334,2.186428571428569,-4337566707.0
2024-09-27,97.87,98.23,97.75,97.77,57754284.0,AMZN,100.4465,97.1892,122.19304999999999,100.4465,105.83574181757771,95.05725818242229,-0.007511927723073852,-0.47191314680782126,46.584699453551906,0.04562471656748812,0.21915423421561955,-0.17352951764813143,2.0157142857142847,-4395320991.0
2024-09-30,98.27,98.41,96.54,97.91,95253698.0,AMZN,100.13250000000001,97.2076,122.01074999999999,100.13250000000001,105.33182738563991,94.9331726143601,0.0014319320855067375,-0.4711569622988011,47.24373576309793,-0.07044191391175048,0.16123500459014556,-0.23167691850189603,2.0735714285714266,-4300067293.0
2024-10-01,99.74,99.76,99.74,99.74,90908747.0,AMZN,99.8265,97.2466,121.84944999999999,99.8265,104.27228700627573,95.38071299372426,0.018690634255949412,-0.46127255050232274,50.34305317324185,-0.014591645325268132,0.12606967460706284,-0.14066131993233097,2.154999999999999,-4209158546.0
2024-10-02,101.24,101.28,101.2,101.23,86019716.0,AMZN,99.62100000000001,97.38940000000001,121.68515,99.62100000000001,103.3091140523396,95.93288594766042,0.014938840986565172,-0.4532245867991791,56.46606914212548,0.1481923730296728,0.13049421429158484,0.01769815873808797,2.079285714285714,-4123138830.0
2024-10-03,101.31,101.35,100.7,101.03,63849539.0,AMZN,99.60900000000001,97.5272,121.49589999999998,99.60900000000001,103.27602460771551,95.9419753922845,-0.001975698903487144,-0.45430485038349366,49.29302779132133,0.2580864914213947,0.15601266971754682,0.1020738217038479,1.8864285714285711,-4186988369.0
2024-10-04,100.58,100.6,100.58,100.6,68894633.0,AMZN,99.51849999999999,97.67360000000001,121.31434999999999,99.51849999999999,102.9779266333434,96.05907336665658,-0.004256161536177472,-0.45662741708977006,48.35007173601145,0.3069427210283209,0.18619867997970163,0.12074404104861924,1.8792857142857144,-4255883002.0
2024-10-07,99.4,99.4,99.27,99.37,116917623.0,AMZN,99.52349999999998,97.77300000000001,121.1288,99.52349999999998,102.98170321461751,96.06529678538246,-0.01222664015904562,-0.4632710381333046,46.97955390334574,0.24360281293087382,0.19767950656993608,0.04592330636093775,1.8828571428571428,-4372800625.0
2024-10-08,102.31,102.4,102.21,102.26,100229476.0,AMZN,99.68050000000001,97.9262,120.95335000000001,99.68050000000001,103.34077594586897,96.02022405413105,0.029083224313172895,-0.4476612293399591,57.82918149466194,0.42174273891799885,0.24249215303954863,0.17925058587845022,1.9557142857142853,-4272571149.0
2024-10-09,101.77,102.07,100.84,101.31,101212683.0,AMZN,99.76700000000001,98.05,120.7834,99.76700000000001,103.49835279545067,96.03564720454935,-0.009290044983375711,-0.45279248136545336,65.92292089249491,0.48072139615671006,0.2901380016629809,0.19058339449372913,1.7778571428571428,-4373783832.0
2024-10-10,103.92,104.11,103.85,104.0,113079732.0,AMZN,100.057,98.33239999999999,120.60594999999999,100.057,104.15873313816846,95.95526686183155,0.02655216661731319,-0.4382629361564223,66.8148148148148,0.7360383339231191,0.37931806811500857,0.35672026580811056,1.8200000000000003,-4260704100.0
2024-10-11,104.49,104.57,104.48,104.5,93304785.0,AMZN,100.21600000000001,98.58940000000001,120.441,100.21600000000001,104.74786333234634,95.68413666765368,0.004807692307692291,-0.4355622771956359,61.665715915573294,0.9675711104190725,0.4969686765758214,0.4706024338432511,1.615,-4167399315.0
2024-10-14,104.66,104.83,104.48,104.49,105522862.0,AMZN,100.376,98.86619999999999,120.27105,100.376,105.27833199072398,95.47366800927603,-9.569377990437111e-05,-0.4356162903748516,60.10669828097211,1.1371472616860387,0.6250043935978649,0.5121428680881739,1.5642857142857136,-4272922177.0
2024-10-15,99.36,99.69,98.61,99.5,119209307.0,AMZN,100.31750000000001,99.00479999999999,120.07809999999999,100.31750000000001,105.23296592532847,95.40203407467155,-0.04775576610201926,-0.4625688668035002,44.87300094073376,0.8589844484429392,0.6718004045668797,0.18718404387605947,1.845714285714285,-4392131484.0
2024-10-16,98.84,99.18,98.69,98.96,102047017.0,AMZN,100.3285,99.1208,119.88165,100.3285,105.23006698896137,95.42693301103864,-0.005427135678392037,-0.4654855784811496,51.20772946859899,0.588184700763108,0.6550772638061254,-0.06689256304301738,1.6649999999999991,-4494178501.0
2024-10-17,95.46,95.53,95.38,95.48,30112912.0,AMZN,100.351,99.1012,119.66969999999999,100.351,105.15328410566121,95.54871589433878,-0.0351657235246563,-0.48428216484822306,44.64202152550307,0.09170985912491858,0.5424037828698841,-0.45069392374496553,1.86642857142857,-4524291413.0
2024-10-18,94.69,94.72,94.68,94.69,57534263.0,AMZN,100.226,99.1342,119.43240000000002,100.226,105.4833092977814,94.9686907022186,-0.008273984080435781,-0.4885492060062657,42.688465031789285,-0.3613312260232391,0.3616567810912595,-0.7229880071144985,1.7899999999999991,-4581825676.0
2024-10-21,94.82,95.3,93.79,94.27,118038086.0,AMZN,99.919,99.15360000000001,119.18349999999998,99.919,105.80997043206685,94.02802956793315,-0.004435526454747096,-0.4908177595333263,36.72974284327998,-0.7456644838911899,0.14019252809476962,-0.8858570119859595,1.7657142857142836,-4699863762.0
2024-10-22,89.21,90.51,89.19,89.99,74643748.0,AMZN,99.36449999999999,99.0852,118.88935,99.36449999999999,106.7047924794668,92.02420752053318,-0.04540150631165807,-0.5139354002376582,25.98290598290596,-1.3797071846835536,-0.16378741446089506,-1.2159197702226585,2.018571428571426,-4774507510.0
2024-10-23,91.93,93.37,91.6,92.57,59754203.0,AMZN,98.90899999999999,99.0572,118.58605,98.90899999999999,106.75734652381001,91.06065347618997,0.02866985220580065,-0.5000000000000002,33.59193173002326,-1.654929161832186,-0.46201576393515326,-1.1929133978970328,2.213571428571427,-4714753307.0
2024-10-24,93.79,93.9,93.71,93.81,63211342.0,AMZN,98.674,98.98899999999999,118.311,98.674,106.84738015497877,90.50061984502125,0.013395268445500763,-0.49330236577724984,37.23204212109817,-1.7527819455032585,-0.7201690002487744,-1.032612945254484,2.276428571428571,-4651541965.0
2024-10-25,89.84,90.12,89.72,89.96,30480181.0,AMZN,98.2835,98.83640000000001,118.02815000000001,98.2835,107.33756515270237,89.22943484729764,-0.04104040081014826,-0.5140974397753054,33.89250256761383,-2.1165950159520435,-0.9994542033894283,-1.1171408125626152,2.4735714285714283,-4682022146.0
2024-10-28,90.36,90.6,90.33,90.53,38619320.0,AMZN,97.9145,98.7006,117.7442,97.9145,107.61138495830708,88.21761504169292,0.006336149399733371,-0.5110186885600088,28.18891781331351,-2.332042919968032,-1.265971946705149,-1.066070973262883,2.3028571428571425,-4643402826.0
2024-10-29,88.63,89.01,87.87,88.44,96794455.0,AMZN,97.34949999999999,98.56019999999998,117.43035,97.34949999999999,107.87955418089273,86.81944581910726,-0.023086269744835963,-0.5223074430160961,27.04245451302178,-2.6409887943968755,-1.5409753162434943,-1.1000134781533812,2.3914285714285706,-4740197281.0
2024-10-30,89.49,89.85,89.25,89.53,89197796.0,AMZN,96.7645,98.42,117.12255,96.7645,107.6797861910022,85.8492138089978,0.012324739936680373,-0.5164200064815816,22.625804010594052,-2.765992100067379,-1.7859786730082714,-0.9800134270591077,2.2921428571428564,-4650999485.0
2024-10-31,88.73,88.95,88.7,88.73,76416146.0,AMZN,96.14949999999999,98.2392,116.78885,96.14949999999999,107.43270311930449,84.86629688069549,-0.008935552328828256,-0.5207410608188399,20.501309390198315,-2.8962255492386646,-2.00802804825435,-0.8881975009843144,2.3107142857142855,-4727415631.0
2024-11-01,90.99,91.49,90.1,90.23,66835505.0,AMZN,95.631,98.09560000000002,116.4773,95.631,107.00578633691332,84.25621366308668,0.016905218077313267,-0.5126390839364805,24.734231041814354,-2.84559676384022,-2.1755417913715243,-0.6700549724686957,2.482857142857142,-4660580126.0
2024-11-04,90.46,93.13,90.3,91.25,43164661.0,AMZN,95.225,97.9852,116.18105,95.225,106.6175063089692,83.83249369103079,0.011304444198160235,-0.5071297396564762,32.98969072164951,-2.692134362017029,-2.2788603055006256,-0.4132740565164035,2.269999999999999,-4617415465.0
2024-11-05,91.55,92.1,91.22,92.05,97727023.0,AMZN,94.7145,97.9356,115.89094999999999,94.7145,105.68696213313405,83.74203786686596,0.008767123287671152,-0.502808685319218,35.90371277029786,-2.4774030288277373,-2.318568850166048,-0.15883417866168914,2.2749999999999986,-4519688442.0
2024-11-06,91.42,91.72,91.19,91.49,72025598.0,AMZN,94.2235,97.84400000000001,115.594,94.2235,104.82589352320763,83.62110647679238,-0.006083650190114143,-0.5058334233552988,40.75961093098656,-2.3256060808437837,-2.3199762963015953,-0.005629784542188432,2.080714285714284,-4591714040.0
2024-11-07,91.59,91.93,90.48,91.15,50996144.0,AMZN,93.58099999999999,97.7476,115.2867,93.58099999999999,103.200731695564,83.96126830443598,-0.0037162531424198564,-0.5076698714486335,41.62724692526019,-2.2072967218154105,-2.2974403814043587,0.09014365958894821,2.1271428571428563,-4642710184.0
2024-11-08,89.64,89.65,89.62,89.63,84688672.0,AMZN,92.8375,97.5526,114.98234999999998,92.8375,101.10781947450809,84.56718052549192,-0.01667580910586952,-0.5158798746894243,39.56834532374102,-2.2107033867155224,-2.2800929824665914,0.06938959575106907,2.1285714285714286,-4727398856.0
2024-11-11,90.54,90.8,90.44,90.59,64053336.0,AMZN,92.1425,97.28059999999999,114.6557,92.1425,98.37486670429004,85.91013329570995,0.010710699542563873,-0.5106946094847143,51.58562367864696,-2.1115980285977685,-2.246393991692827,0.13479596309505837,1.8492857142857144,-4663345520.0
2024-11-12,91.99,92.04,91.99,92.02,71210884.0,AMZN,91.76849999999999,97.0038,114.3352,91.76849999999999,96.95118483560054,86.58581516439943,0.015785406777790056,-0.5029707248568651,48.45244794597638,-1.8958135112280416,-2.1762778955998696,0.28046438437182797,1.711428571428571,-4592134636.0
2024-11-13,94.92,95.12,94.66,94.91,76659161.0,AMZN,91.566,96.79519999999998,114.0337,91.566,95.79415824031739,87.33784175968262,0.031406216039991275,-0.4873609160635196,52.832131822863005,-1.4746055444998518,-2.035943425379866,0.5613378808800142,1.8378571428571422,-4515475475.0
2024-11-14,91.96,92.53,91.72,92.36,97431072.0,AMZN,91.41,96.617,113.72215,91.41,95.24176749101034,87.57823250898966,-0.0268675587398588,-0.5011342767635304,56.6225165562914,-1.3312134845903074,-1.8949974372219545,0.563783952631647,1.7735714285714275,-4612906547.0
2024-11-15,94.8,94.81,94.78,94.8,58868485.0,AMZN,91.4155,96.46480000000001,113.3997,91.4155,95.26735382571007,87.56364617428991,0.026418362927674188,-0.4879550610348927,60.68034017008503,-1.0090548794236867,-1.717808925662301,0.7087540462386144,1.902857142857142,-4554038062.0
2024-11-18,94.24,95.11,93.96,94.96,80393502.0,AMZN,91.45,96.3786,113.0732,91.45,95.42005104035935,87.47994895964065,0.0016877637130801038,-0.48709085016744114,68.05094130675526,-0.7323886801686541,-1.5207248765635717,0.7883361963949176,1.7949999999999997,-4473644560.0
2024-11-19,89.38,89.56,89.23,89.33,51448515.0,AMZN,91.417,96.1828,112.71690000000001,91.417,95.44864378124456,87.38535621875545,-0.05928812131423755,-0.5175002700658964,49.55752212389379,-0.9563979123173567,-1.4078594837143288,0.4514615713969721,2.1035714285714278,-4525093075.0
2024-11-20,92.33,92.8,92.19,92.24,52652567.0,AMZN,91.4005,96.036,112.3964,91.4005,95.4149395951438,87.38606040485618,0.03257584238217848,-0.5017824349141193,57.102387697288535,-0.8888678473362148,-1.304061156438706,0.4151933091024911,2.2921428571428564,-4472440508.0
2024-11-21,93.16,93.29,93.16,93.21,115775684.0,AMZN,91.37049999999999,95.93620000000001,112.11735,91.37049999999999,95.31752539560928,87.4234746043907,0.01051604509973969,-0.49654315653019365,56.162117452440015,-0.7484512112702362,-1.1929391674050118,0.44448795613477565,2.170000000000001,-4356664824.0
2024-11-22,95.82,96.15,95.29,95.67,77657417.0,AMZN,91.65599999999999,95.8232,111.85959999999999,91.65599999999999,95.98135438157573,87.33064561842426,0.0263920180238173,-0.4832559144431243,58.626073380171746,-0.4336695025431254,-1.0410852344326347,0.6074157318895093,2.172857142857145,-4279007407.0
2024-11-25,92.73,92.99,92.59,92.79,32182105.0,AMZN,91.76899999999999,95.6532,111.59549999999999,91.76899999999999,96.08857551519586,87.44942448480413,-0.03010348071495761,-0.4988117100572541,51.335740072202185,-0.4118471438248008,-0.915237616311068,0.5033904724862672,2.3300000000000023,-4311189512.0
2024-11-26,94.92,94.92,94.89,94.91,25981408.0,AMZN,92.0925,95.538,111.35065,92.0925,96.33066184086623,87.85433815913377,0.022847289578618257,-0.4873609160635197,55.84415584415585,-0.22093963036941489,-0.7763780191227375,0.5554383887533226,2.4207142857142876,-4285208104.0
2024-11-27,96.01,96.92,95.04,96.3,46440130.0,AMZN,92.431,95.4892,111.11994999999999,92.431,96.88342878720866,87.97857121279134,0.01464545358760927,-0.47985308415253347,58.49554602441438,0.04203280473517168,-0.6126958543511558,0.6547286590863275,2.460714285714288,-4238767974.0
2024-11-28,95.81,96.75,95.59,96.45,83263965.0,AMZN,92.817,95.5176,110.91059999999999,92.817,97.25700047414725,88.37699952585274,0.0015576323987540608,-0.4790428864642975,61.78299930891502,0.25955214500531554,-0.43824625447986154,0.6977983994851771,2.4342857142857164,-4155504009.0
2024-11-29,96.05,96.28,95.86,96.01,39718013.0,AMZN,93.10600000000001,95.494,110.69345,93.10600000000001,97.58922909940999,88.62277090059003,-0.0045619491964747905,-0.4814194663497895,59.53553835327236,0.3919157062425427,-0.2722138623353807,0.6641295685779234,2.392857142857145,-4195222022.0
2024-12-02,94.78,95.1,94.13,94.46,105898050.0,AMZN,93.26650000000001,95.375,110.49034999999999,93.26650000000001,97.69951620022765,88.83348379977237,-0.016144151650869798,-0.48979150912822744,54.27470217238963,0.36750635158519174,-0.14426981955126622,0.5117761711364579,2.423571428571431,-4301120072.0
2024-12-03,94.41,94.46,93.7,94.34,20060044.0,AMZN,93.381,95.2402,110.28220000000002,93.381,97.79999202604142,88.96200797395858,-0.0012703789964004786,-0.49043966727881616,48.89406286379512,0.3346214571774624,-0.04849156420552049,0.38311302138298287,2.2564285714285726,-4321180116.0
2024-12-04,98.18,101.64,95.55,99.33,77153147.0,AMZN,93.773,95.19320000000002,110.09295,93.773,98.8305013593574,88.7154986406426,0.052893788424846155,-0.4634870908501677,62.35377525700106,0.7031062668901882,0.10182800201362124,0.6012782648765669,2.550000000000001,-4244026969.0
2024-12-05,100.03,100.09,99.85,99.96,68841784.0,AMZN,94.2135,95.22220000000002,109.91085,94.2135,99.81453477280922,88.61246522719077,0.006342494714587588,-0.46008426055957685,59.77272727272727,1.0340489951050955,0.2882722006319161,0.7457767944731795,2.4292857142857156,-4175185185.0
2024-12-06,99.64,99.8,99.2,99.37,22651739.0,AMZN,94.7005,95.2542,109.74730000000001,94.7005,100.31725491626403,89.08374508373598,-0.0059023609443776826,-0.46327103813330484,58.218412225121156,1.23448504718111,0.4775147699417549,0.7569702772393551,2.4014285714285717,-4197836924.0
2024-12-09,100.17,100.26,100.07,100.16,57115482.0,AMZN,95.179,95.2992,109.58885000000001,95.179,100.94976807803164,89.40823192196837,0.00795008553889498,-0.4590039969752623,74.62482946794,1.4404735774722184,0.6701065314478476,0.7703670460243708,2.055714285714287,-4140721442.0
2024-12-10,102.23,102.74,101.72,102.7,108131292.0,AMZN,95.713,95.3584,109.45365000000001,95.713,102.18669446297112,89.23930553702887,0.025359424920127882,-0.4452846494544672,74.19056429232197,1.7880660319456183,0.8936984315474017,0.8943676003982166,1.992142857142858,-4032590150.0
2024-12-11,105.45,105.54,105.41,105.52,40655682.0,AMZN,96.2435,95.4442,109.32809999999999,96.2435,104.04323353120463,88.44376646879536,0.02745861733203503,-0.43005293291563174,76.22496804431192,2.264976746624839,1.1679540945628892,1.09702265206195,2.1200000000000006,-3991934468.0
2024-12-12,107.47,107.75,107.3,107.39,114928584.0,AMZN,96.995,95.5714,109.22605000000001,96.995,106.01938917599988,87.97061082400013,0.017721758908263885,-0.4199524684022905,75.61188811188815,2.761986830813683,1.486760641813048,1.2752261890006351,2.0692857142857144,-3877005884.0
2024-12-13,111.23,111.93,111.03,111.91,21910980.0,AMZN,97.8505,95.79759999999999,109.12140000000001,97.8505,108.9939634604615,86.70703653953849,0.0420895800353851,-0.3955385113967811,88.98858075040786,3.4804763630891244,1.8855037860682633,1.5949725770208611,2.173571428571429,-3855094904.0
2024-12-16,115.77,115.8,115.46,115.47,42223040.0,AMZN,98.876,96.11959999999999,109.03285,98.876,112.41657046143024,85.33542953856977,0.03181127691895269,-0.37630981959598175,89.59938366718032,4.287720567999074,2.3659471424544254,1.9217734255446484,2.2992857142857153,-3812871864.0
2024-12-17,121.07,121.09,121.01,121.04,79746282.0,AMZN,100.4615,96.49520000000001,108.9852,100.4615,116.49264767536557,84.43035232463443,0.04823763748159693,-0.3462244787728209,91.04180491041808,5.315644425771822,2.955886599117905,2.359757826653917,2.557142857142858,-3733125582.0
2024-12-18,118.19,118.47,117.83,117.96,77080410.0,AMZN,101.7475,96.8282,108.93055,101.7475,119.07570988719385,84.41929011280615,-0.02544613350958369,-0.3628605379712654,82.52192319322648,5.814722725442522,3.5276538243828286,2.287068901059693,2.70357142857143,-3810205992.0
2024-12-19,115.3,115.65,115.29,115.49,33365232.0,AMZN,102.8615,97.05799999999999,108.86220000000002,102.8615,120.73482652453198,84.98817347546803,-0.020939301458121395,-0.3762017932375503,77.74928774928773,5.942436803811972,4.010610420268657,1.9318263835433154,2.8521428571428578,-3843571224.0
2024-12-20,110.62,110.84,110.0,110.12,26388332.0,AMZN,103.58399999999999,97.17039999999999,108.76989999999999,103.58399999999999,121.40145495441305,85.76654504558692,-0.04649753225387476,-0.4052068704763966,70.11819116135666,5.5464015455109745,4.317768645317121,1.2286329001938538,3.1099999999999994,-3869959556.0
2024-12-23,107.2,107.95,107.12,107.22,105388350.0,AMZN,104.30550000000001,97.225,108.66325,104.30550000000001,121.43805992178612,87.1729400782139,-0.026334907373774086,-0.4208706924489579,65.44364508393284,4.9415716246710275,4.442529241187902,0.49904238348312546,3.27,-3975347906.0
2024-12-24,112.12,112.17,111.78,111.78,75132990.0,AMZN,105.149,97.47059999999999,108.58465,105.149,121.9925824417964,88.3054175582036,0.04252937884723007,-0.39624068272658564,65.08359583232374,4.775148505783093,4.509053094106941,0.2660954116761527,3.1021428571428578,-3900214916.0
2024-12-25,107.22,107.37,107.0,107.04,104698424.0,AMZN,105.68599999999999,97.6322,108.47465,105.68599999999999,122.01877931032891,89.35322068967108,-0.04240472356414382,-0.42184292967484094,57.80079330101368,4.212222717414676,4.449687018768488,-0.23746430135381225,3.3892857142857147,-4004913340.0
2024-12-26,108.35,108.35,108.34,108.35,77770301.0,AMZN,106.28099999999999,97.88959999999999,108.37894999999999,106.28099999999999,122.05453666579808,90.5074633342019,0.012238415545590353,-0.41476720319758054,59.739696312364416,3.827682880745215,4.325286191163833,-0.4976033104186186,3.4285714285714284,-3927143039.0
2024-12-27,104.66,104.76,104.38,104.45,27310526.0,AMZN,106.703,98.0848,108.2586,106.703,121.75462079049832,91.65137920950168,-0.03599446239040138,-0.4358323430917146,54.35887014834384,3.1716738020925703,4.094563713349581,-0.9228899112570108,3.6485714285714286,-3954453565.0
2024-12-30,103.07,103.1,103.05,103.07,26783267.0,AMZN,107.1335,98.2608,108.12360000000001,107.1335,121.16894126769287,93.09805873230712,-0.013212063188128398,-0.44328616182348524,50.385015608740886,2.51147667434941,3.7779463055495475,-1.2664696312001373,3.5642857142857145,-3981236832.0
2024-12-31,102.64,103.09,101.75,101.82,53410333.0,AMZN,107.50749999999998,98.4974,107.98885,107.50749999999998,120.46477208944493,94.55022791055502,-0.012127680217328018,-0.45003780922545134,46.01979345955249,1.8658922959255904,3.3955355036247563,-1.529643207699166,3.4571428571428577,-4034647165.0
