Date,Open,High,Low,Close,Volume,Ticker,MA20,MA50,MA200,BB_mid,BB_upper,BB_lower,Daily_Return,Cumulative_Return,RSI,MACD,Signal,MACD_Hist,ATR,OBV
2022-01-03,139.64,141.39,138.44,140.75,35351625.0,GOOGL,,,,,,,,,,0.0,0.0,0.0,,0.0
2022-01-04,138.28,138.41,138.22,138.22,55923983.0,GOOGL,,,,,,,-0.017975133214920058,-0.017975133214920058,,-0.20182336182335803,-0.04036467236467161,-0.1614586894586864,,-55923983.0
2022-01-05,137.14,137.56,136.56,137.2,62756493.0,GOOGL,,,,,,,-0.007379539863984985,-0.025222024866785153,,-0.43901461838783007,-0.12009466156930332,-0.31891995681852675,,-118680476.0
2022-01-06,134.91,136.2,134.57,135.76,78490013.0,GOOGL,,,,,,,-0.010495626822157433,-0.03545293072824163,,-0.7347170032359145,-0.24301912990262556,-0.49169787333328896,,-197170489.0
2022-01-07,137.76,138.68,137.08,138.12,95958288.0,GOOGL,,,,,,,0.01738361814967604,-0.018685612788632233,,-0.7697577092766039,-0.3483668457774213,-0.42139086349918264,,-101212201.0
2022-01-10,136.98,137.05,136.98,137.0,32470231.0,GOOGL,,,,,,,-0.00810889081957722,-0.026642984014209503,,-0.8777838156130429,-0.45425023974454565,-0.4235335758684972,,-133682432.0
2022-01-11,138.19,139.02,137.88,138.4,58964878.0,GOOGL,,,,,,,0.010218978102189746,-0.016696269982237943,,-0.8407355078639398,-0.5315472933684245,-0.30918821449551526,,-74717554.0
2022-01-12,144.04,144.15,143.41,143.99,112371330.0,GOOGL,,,,,,,0.04039017341040463,0.023019538188277178,,-0.3562020985691845,-0.4964782544085765,0.140276155839392,,37653776.0
2022-01-13,146.94,148.48,146.82,147.65,53246607.0,GOOGL,,,,,,,0.025418431835544153,0.049023090586145734,,0.31944318903859426,-0.3332939657191424,0.6527371547577366,,90900383.0
2022-01-14,146.35,146.4,146.33,146.39,51888871.0,GOOGL,,,,,,,-0.008533694547917525,0.04007104795737115,,0.7446417113633288,-0.11770683030264817,0.862348541665977,,39011512.0
2022-01-17,144.76,146.17,144.26,145.4,63243782.0,GOOGL,,,,,,,-0.006762757018921928,0.033037300177619855,,0.9903141523714964,0.10389736623218075,0.8864167861393157,,-24232270.0
2022-01-18,146.95,147.34,146.62,146.75,99401892.0,GOOGL,,,,,,,0.009284731774415356,0.04262877442273516,,1.279199236894982,0.338957740364741,0.940241496530241,,75169622.0
2022-01-19,141.89,142.15,141.81,141.89,98191504.0,GOOGL,,,,,,,-0.03311754684838164,0.008099467140319394,,1.1032636280527868,0.4918189179023502,0.6114447101504366,,-23021882.0
2022-01-20,139.48,139.5,139.46,139.47,62020289.0,GOOGL,,,,,,,-0.017055465501444655,-0.009094138543517039,,0.7598011011473034,0.5454153545513408,0.21438574659596255,2.7749999999999977,-85042171.0
2022-01-21,141.05,141.35,140.84,140.87,65694949.0,GOOGL,,,,,,,0.010038001003800145,0.0008525754884545211,50.191082802547776,0.5937287384589922,0.5550780313328711,0.038650707126121064,2.6985714285714266,-19347222.0
2022-01-24,140.56,140.56,140.55,140.55,68762857.0,GOOGL,,,,,,,-0.002271597927166802,-0.001420959147424572,53.99109284001373,0.4313218589914243,0.5303267968645818,-0.09900493787315756,2.5407142857142833,-88110079.0
2022-01-25,144.68,146.11,144.47,146.02,100235851.0,GOOGL,,,,,,,0.03891853432942005,0.037442273534635806,63.10939357907256,0.735517929391591,0.5713650233699837,0.16415290602160726,2.819285714285712,12125772.0
2022-01-26,144.58,145.15,143.99,144.24,58650755.0,GOOGL,,,,,,,-0.012190110943706367,0.02479573712255756,62.477928193054765,0.8234719112789719,0.6217864009517814,0.2016855103271905,2.77642857142857,-46524983.0
2022-01-27,141.15,141.44,141.05,141.25,45266989.0,GOOGL,,,,,,,-0.02072933998890747,0.003552397868560986,54.52181450447846,0.6444789123442831,0.6263249032302818,0.018154009114001335,2.7957142857142827,-91791972.0
2022-01-28,139.03,140.49,138.61,138.76,101618393.0,GOOGL,141.434,,,141.434,148.77162445424804,134.09637554575195,-0.01762831858407088,-0.014138543516874269,52.44580322401333,0.29826526460516334,0.5607129755052581,-0.2624477109000948,2.9028571428571377,-193410365.0
2022-01-31,138.82,139.16,138.74,138.83,77473227.0,GOOGL,141.33800000000002,,,141.33800000000002,148.76302340949704,133.912976590503,0.000504468146440118,-0.013641207815275447,50.62049062049063,0.02920026692234501,0.4544104337886755,-0.4252101668663305,2.788571428571422,-115937138.0
2022-02-01,138.55,138.59,138.24,138.41,24615983.0,GOOGL,141.34750000000003,,,141.34750000000003,148.75619439453263,133.93880560546742,-0.0030252827198733456,-0.016625222024867048,40.53595658073269,-0.21544268302201885,0.3204398104265367,-0.5358824934485555,2.4199999999999937,-140553121.0
2022-02-02,145.44,146.24,144.26,144.61,110509978.0,GOOGL,141.71800000000002,,,141.71800000000002,148.99331254528485,134.44268745471518,0.0447944512679721,0.027424511545292907,45.252966895690214,0.0899275719563093,0.2743373627324912,-0.18440979077618191,2.6585714285714244,-30043143.0
2022-02-03,143.49,143.49,143.49,143.49,75044710.0,GOOGL,142.1045,,,142.1045,148.8490556211151,135.3599443788849,-0.007744969227577614,0.019467140319715748,45.45169385194484,0.23880822674607316,0.2672315355352076,-0.02842330878913446,2.644285714285711,-105087853.0
2022-02-04,143.45,143.68,142.21,143.67,105817743.0,GOOGL,142.382,,,142.382,148.88879515259964,135.87520484740037,0.0012544428183147716,0.02074600355239764,47.2159639523656,0.36709012748741543,0.2872032539256492,0.07988687356176621,2.597142857142854,729890.0
2022-02-07,146.3,146.31,146.2,146.24,119128246.0,GOOGL,142.844,,,142.844,149.04682923562424,136.64117076437574,0.017888216050671923,0.039005328596802835,49.21028182099723,0.6684267719145112,0.3634479575234216,0.30497881439108954,2.6471428571428555,119858136.0
2022-02-08,146.15,146.34,145.86,145.96,108602801.0,GOOGL,143.222,,,143.222,149.2019545852878,137.2420454147122,-0.001914660831509818,0.037015985790408656,57.343919162757146,0.8745631540506906,0.46567099682887547,0.40889215722181516,2.328571428571426,11255335.0
2022-02-09,146.93,147.77,145.51,147.61,35686069.0,GOOGL,143.403,,,143.403,149.69198485658177,137.11401514341821,0.01130446697725418,0.04873889875666104,65.10764662212321,1.1577234175015576,0.604081480963412,0.5536419365381456,2.3164285714285717,46941404.0
2022-02-10,148.89,149.18,148.68,148.8,115054814.0,GOOGL,143.4605,,,143.4605,149.93137881447166,136.98962118552834,0.008061784431949048,0.05719360568383691,64.83352038907591,1.46130797242742,0.7755267792562136,0.6857811931712064,2.2942857142857145,161996218.0
2022-02-11,152.05,152.08,150.92,151.32,103528453.0,GOOGL,143.707,,,143.707,150.97434324872137,136.43965675127862,0.01693548387096766,0.07509769094138563,68.61389561009327,1.8835316781678841,0.9971277590385479,0.8864039191293362,2.5057142857142867,265524671.0
2022-02-14,145.6,147.6,145.24,147.09,97173948.0,GOOGL,143.79149999999998,,,143.79149999999998,151.1800181905867,136.40298180941326,-0.02795400475812837,0.04504440497335738,51.93210545323219,1.8554330809198802,1.1687888234148145,0.6866442575050657,2.5428571428571423,168350723.0
2022-02-15,150.15,150.88,149.47,149.5,37825449.0,GOOGL,143.929,,,143.929,151.6444606234222,136.2135393765778,0.01638452648038613,0.06216696269982269,59.28672316384178,2.004524686142446,1.335935995960341,0.668588690182105,2.6685714285714277,206176172.0
2022-02-16,149.2,149.4,149.07,149.12,113506993.0,GOOGL,144.2905,,,144.2905,152.27647316351744,136.30452683648258,-0.002541806020066817,0.05946714031971623,65.30532866588875,2.0681773718735883,1.4823842711429904,0.5857931007305979,2.471428571428571,92669179.0
2022-02-17,149.75,149.83,149.53,149.7,37401554.0,GOOGL,144.80200000000002,,,144.80200000000002,152.79841656585853,136.8055834341415,0.0038894849785406915,0.06358792184724726,72.9831932773109,2.140746543066115,1.6140567255276155,0.5266898175384993,2.3335714285714295,130070733.0
2022-02-18,148.34,148.58,148.23,148.58,56566003.0,GOOGL,145.1875,,,145.1875,153.12897242081252,137.24602757918748,-0.007481629926519573,0.055630550621670105,69.61770623742457,2.0838620299768706,1.7080177864174666,0.37584424355940405,2.4085714285714306,73504730.0
2022-02-21,153.58,153.62,153.47,153.54,48080327.0,GOOGL,145.83700000000002,,,145.83700000000002,154.28982911219668,137.38417088780335,0.03338268946022338,0.09087033747779794,75.74004763525014,2.4112161917448134,1.8486574674829361,0.5625587242618773,2.7264285714285728,121585057.0
2022-02-22,147.4,147.49,147.26,147.28,34084237.0,GOOGL,145.9,,,145.9,154.37731834460575,137.42268165539426,-0.04077113455776993,0.04639431616341083,54.53310696095076,2.140838783537447,1.9070937306938385,0.23374505284360847,2.615714285714286,87500820.0
2022-02-23,151.49,151.5,151.37,151.43,72228825.0,GOOGL,146.2595,,,146.2595,155.0446417027184,137.4743582972816,0.02817762085822917,0.07587921847246948,62.22290640394092,2.235661739687913,1.9728073324926534,0.26285440719525965,2.837142857142857,159729645.0
2022-02-24,148.87,149.56,148.11,149.41,74700828.0,GOOGL,146.6675,,,146.6675,155.2281219031342,138.10687809686578,-0.013339496797200145,0.061527531083481746,58.36247086247089,2.123336001746708,2.0029130663434644,0.12042293540324334,2.969285714285714,85028817.0
2022-02-25,154.1,154.38,153.86,154.0,57803428.0,GOOGL,147.42950000000002,,,147.42950000000002,155.73579811775699,139.12320188224305,0.030720835285456216,0.09413854351687445,60.67694001100717,2.37728779108906,2.0777880112925837,0.29949977979647624,3.135714285714284,142832245.0
2022-02-28,157.74,157.89,157.41,157.8,22064116.0,GOOGL,148.378,,,148.378,156.8797288644258,139.87627113557417,0.02467532467532485,0.12113676731794043,64.85198193677876,2.8522951725842063,2.2326894435509086,0.6196057290332977,3.3792857142857122,164896361.0
2022-03-01,161.01,161.04,161.01,161.03,42699005.0,GOOGL,149.509,,,149.509,158.43508218413294,140.58291781586703,0.02046894803548782,0.14408525754884605,66.19208494208496,3.4496109823301424,2.4760737513067554,0.973537231023387,3.44928571428571,207595366.0
2022-03-02,163.74,163.74,163.73,163.73,81288011.0,GOOGL,150.46499999999997,,,150.46499999999997,161.11160954186084,139.8183904581391,0.0167670620381295,0.16326820603907688,67.38067520372527,4.093666263671508,2.799592253779706,1.2940740098918022,3.530714285714282,288883377.0
2022-03-03,171.34,172.0,171.11,171.18,113332762.0,GOOGL,151.8495,,,151.8495,165.46479863213094,138.23420136786908,0.04550174067061641,0.21619893428064008,70.73934837092736,5.145918506731874,3.26885750437014,1.8770610023617342,3.8871428571428543,402216139.0
2022-03-04,169.39,169.49,168.67,169.18,45884745.0,GOOGL,153.125,,,153.125,168.2138017033198,138.0361982966802,-0.011683607898118953,0.20198934280639502,74.19496166484122,5.752145551787919,3.765515113853696,1.986630437934223,3.6321428571428567,356331394.0
2022-03-07,167.28,167.29,166.83,167.25,20235719.0,GOOGL,154.1755,,,154.1755,170.1457558724518,138.2052441275482,-0.011407967844898947,0.18827708703374846,69.647996457826,6.007598130657584,4.213931717214474,1.79366641344311,3.529285714285714,336095675.0
2022-03-08,164.66,165.21,164.44,165.09,28162604.0,GOOGL,155.132,,,155.132,171.32047621319762,138.9435237868024,-0.012914798206278055,0.17293072824156375,67.00745473908415,5.966968690961096,4.564539111963798,1.4024295789972978,3.699285714285714,307933071.0
2022-03-09,167.91,168.27,167.6,168.18,56550962.0,GOOGL,156.1605,,,156.1605,172.93975219461612,139.3812478053839,0.018717063419952717,0.19488454706927238,68.6817630408411,6.113632592156591,4.874357808002357,1.239274784154234,3.875714285714285,364484033.0
2022-03-10,163.89,164.15,162.82,163.84,97767528.0,GOOGL,156.9125,,,156.9125,173.65084787168934,140.17415212831065,-0.025805684385777128,0.1640497335701605,64.48367501898252,5.812658354151296,5.062017917232145,0.7506404369191504,4.153571428571429,266716505.0
2022-03-11,167.46,168.07,166.03,167.19,27296897.0,GOOGL,157.70600000000002,148.63479999999998,,157.70600000000002,174.82832448557954,140.5836755144205,0.02044677734375,0.1878507992895211,63.364010182102994,5.777847673615497,5.205183868508816,0.5726638051066812,4.095714285714286,294013402.0
2022-03-14,166.18,166.33,166.13,166.25,28174589.0,GOOGL,158.66400000000002,149.1448,,158.66400000000002,175.42562082352367,141.90237917647636,-0.005622345834080944,0.18117229129662582,70.73224043715845,5.609744175490704,5.286095929905193,0.32364824558551053,3.7228571428571433,265838813.0
2022-03-15,162.76,163.08,162.67,162.74,101451086.0,GOOGL,159.326,149.6352,,159.326,175.60250343933023,143.04949656066975,-0.021112781954887194,0.15623445825932558,62.53602305475504,5.134110447039745,5.255698833332104,-0.12158838629235902,3.6771428571428584,164387727.0
2022-03-16,160.01,160.35,159.15,159.26,99156156.0,GOOGL,159.83300000000003,150.0764,,159.83300000000003,175.3865923757014,144.27940762429864,-0.021383802384171147,0.13150976909413892,60.57547777539187,4.425347720224465,5.089628610710577,-0.6642808904861113,3.6964285714285734,65231571.0
2022-03-17,156.7,156.76,156.67,156.76,61541145.0,GOOGL,160.18599999999998,150.4964,,160.18599999999998,175.07765135235184,145.29434864764812,-0.015697601406505113,0.11374777975133243,53.1025179856115,3.620187775053239,4.79574044357911,-1.1755526685258708,3.526428571428574,3690426.0
2022-03-18,152.55,154.79,149.28,152.13,103027482.0,GOOGL,160.3635,150.7766,,160.3635,174.74869600876292,145.97830399123706,-0.029535595815258997,0.08085257548845504,43.74310306775544,2.5787640257019575,4.352345160003679,-1.7735811343017218,3.7828571428571456,-99337056.0
2022-03-21,153.66,153.74,153.58,153.72,73481389.0,GOOGL,160.3725,151.111,,160.3725,174.73993521777095,146.00506478222906,0.010451587458095046,0.09214920071047983,41.63040989237463,1.8602837203617355,3.8539328720752906,-1.993649151713555,3.6664285714285763,-25855667.0
2022-03-22,156.31,156.71,156.29,156.37,107376790.0,GOOGL,160.82700000000003,151.4704,,160.82700000000003,173.97382447149175,147.6801755285083,0.01723913609159511,0.11097690941385463,41.5635029802843,1.4875679971423494,3.3806598970887025,-1.893091899946353,3.6864285714285763,81521123.0
2022-03-23,159.28,159.43,159.23,159.4,73537345.0,GOOGL,161.22549999999998,151.7786,,161.22549999999998,173.63552900883002,148.81547099116995,0.01937711837308953,0.13250444049733612,34.97448979591837,1.4203113137409389,2.9885901804191497,-1.5682788666782108,3.314285714285719,155058468.0
2022-03-24,156.76,157.93,154.55,157.44,116352612.0,GOOGL,161.627,151.9744,,161.627,172.89448297676026,150.35951702323976,-0.012296110414052763,0.11857904085257576,35.01021450459652,1.1950781707484737,2.6298877784850148,-1.434809607736541,3.481428571428574,38705856.0
2022-03-25,158.14,158.47,157.81,158.44,93285901.0,GOOGL,161.849,152.21540000000002,,161.849,172.64901929822852,151.04898070177146,0.006351626016260159,0.1256838365896984,38.477635364896685,1.084766412896812,2.3208635053673743,-1.2360970924705623,3.38714285714286,131991757.0
2022-03-28,158.57,158.74,158.32,158.49,57017827.0,GOOGL,161.8835,152.47719999999998,,161.8835,172.63335096591933,151.13364903408066,0.0003155768745266574,0.12603907637655465,40.8637873754153,0.9899664155726384,2.054684087408427,-1.0647176718357887,3.2164285714285756,189009584.0
2022-03-29,160.07,160.8,159.01,160.71,67927527.0,GOOGL,161.8675,152.75639999999999,,161.8675,172.62365050490715,151.11134949509287,0.01400719288283181,0.14181172291296673,39.40425531914895,1.0815052619360586,1.8600483223139535,-0.7785430603778949,3.154285714285718,256937111.0
2022-03-30,161.65,162.59,160.07,162.17,20424598.0,GOOGL,161.7895,153.162,,161.7895,172.5113526973262,151.0676473026738,0.009084686702756306,0.15218472468916544,47.420451034908844,1.2573661214864842,1.7395118821484596,-0.48214576066197545,2.951428571428575,277361709.0
2022-03-31,162.7,162.74,162.27,162.5,79606211.0,GOOGL,161.35549999999998,153.6226,,161.35549999999998,171.1384851756696,151.57251482433037,0.002034901646420506,0.15452930728241587,42.01022146507667,1.4071446738808504,1.6730384404949379,-0.2658937666140875,2.6900000000000057,356967920.0
2022-04-01,156.68,157.05,156.24,156.49,98035700.0,GOOGL,160.721,153.935,,160.721,170.0003577363955,151.4416422636045,-0.03698461538461528,0.11182948490230937,35.82219639744336,1.0290265063963204,1.5442360536752147,-0.5152095472788942,3.0614285714285763,258932220.0
2022-04-04,155.87,156.17,155.37,156.0,35364537.0,GOOGL,160.1585,154.244,,160.1585,169.13024107376822,151.1867589262318,-0.0031311904914053112,0.10834813499111928,39.26751592356687,0.6819649619979486,1.3717818353397615,-0.6898168733418129,2.88571428571429,223567683.0
2022-04-05,156.28,156.43,155.76,156.38,75654224.0,GOOGL,159.723,154.4512,,159.723,168.5309129495198,150.91508705048022,0.0024358974358973384,0.11104795737122575,44.91166077738517,0.43259235642088356,1.1839439395559859,-0.7513515831351023,2.6771428571428624,299221907.0
2022-04-06,154.34,154.62,153.81,154.24,40644614.0,GOOGL,159.026,154.65120000000002,,159.026,167.19948833601356,150.85251166398646,-0.013684614400818473,0.0958436944937835,45.49033643521835,0.06157288075314682,0.9594697277954181,-0.8978968470422712,2.67571428571429,258577293.0
2022-04-07,152.24,154.71,151.33,153.44,115721983.0,GOOGL,158.506,154.895,,158.506,166.71317119032923,150.29882880967077,-0.005186721991701337,0.09015985790408543,52.71671505599337,-0.29363124269880814,0.7088495336965729,-1.0024807763953811,2.382857142857148,142855310.0
2022-04-08,149.86,149.98,148.78,149.48,109744033.0,GOOGL,157.6205,155.1094,,157.6205,165.70327564363038,149.5377243563696,-0.0258081334723671,0.06202486678508001,41.993957703927485,-0.8844762825235932,0.3901843704525397,-1.2746606529761328,2.6007142857142895,33111277.0
2022-04-11,148.37,148.56,147.64,148.55,110842896.0,GOOGL,156.7355,155.3038,,156.7355,164.71527304782146,148.75572695217855,-0.006221568102756092,0.055417406749556086,34.20840064620356,-1.41149759540599,0.029847977280833715,-1.4413455726868238,2.518571428571432,-77731619.0
2022-04-12,150.17,150.74,150.08,150.08,43138928.0,GOOGL,156.10250000000002,155.53719999999998,,156.10250000000002,164.0852785032268,148.11972149677325,0.010299562436890008,0.06628774422735373,29.96560619088565,-1.6862693066910026,-0.3133754795135336,-1.372893827177469,2.4564285714285745,-34592691.0
2022-04-13,156.29,156.42,156.24,156.38,89824507.0,GOOGL,155.95850000000002,155.7726,,155.95850000000002,163.80418342600268,148.11281657399735,0.041977611940298365,0.11104795737122575,48.079710144927525,-1.3797654416670753,-0.526653471944242,-0.8531119697228333,2.5628571428571445,55231816.0
2022-04-14,152.82,153.3,152.62,153.25,71974326.0,GOOGL,155.78300000000002,155.96779999999998,,155.78300000000002,163.70980489159876,147.85619510840127,-0.020015347231103653,0.0888099467140322,41.27144298688193,-1.3735898728686777,-0.6960407521291292,-0.6775491207395485,2.757857142857144,-16742510.0
2022-04-15,153.14,153.28,152.95,153.2,112403090.0,GOOGL,155.8365,156.1584,,155.8365,163.67342817103074,147.99957182896927,-0.00032626427406201586,0.08845470692717594,41.1032626976118,-1.3570866224098665,-0.8282499261852767,-0.5288366962245898,2.7514285714285722,-129145600.0
2022-04-18,150.17,150.76,149.71,150.29,108729206.0,GOOGL,155.66500000000002,156.2394,,155.66500000000002,163.8397840789126,147.49021592108744,-0.018994778067885076,0.06777975133214942,32.87310979618667,-1.5608281028491717,-0.9747655615180557,-0.586062541331116,2.835714285714285,-237874806.0
2022-04-19,150.53,151.08,149.08,150.04,45826161.0,GOOGL,155.3485,156.321,,155.3485,163.89027172549854,146.80672827450147,-0.0016634506620533118,0.06600355239786881,29.23656282095172,-1.722610423958571,-1.1243345340061588,-0.5982758899524121,2.798571428571427,-283700967.0
2022-04-20,149.76,150.18,148.13,149.4,109308683.0,GOOGL,154.8485,156.3568,,154.8485,163.56072800677902,146.136271993221,-0.004265529192215345,0.061456483126110406,27.811653116531147,-1.880786197774114,-1.2756248667597498,-0.6051613310143642,2.904285714285712,-393009650.0
2022-04-21,151.28,151.98,150.4,151.92,72476812.0,GOOGL,154.57250000000002,156.4192,,154.57250000000002,163.2887953864103,145.85620461358974,0.016867469879517927,0.07936056838365912,41.22166730695346,-1.7822539841222351,-1.376950690232247,-0.4053032938899881,2.641428571428569,-320532838.0
2022-04-22,155.93,157.63,154.81,154.91,79589164.0,GOOGL,154.39600000000002,156.491,,154.39600000000002,162.92346497778607,145.86853502221396,0.019681411269089066,0.1006039076376557,48.08973010865754,-1.4462272756015295,-1.3908060073061035,-0.05542126829542604,2.9692857142857116,-240943674.0
2022-04-25,154.87,155.61,154.56,155.44,74519364.0,GOOGL,154.24349999999998,156.658,,154.24349999999998,162.5693994140351,145.91760058596486,0.003421341424052704,0.1043694493783307,48.36122733612273,-1.124198062081291,-1.337484418261141,0.21328635617984992,2.9964285714285688,-166424310.0
2022-04-26,154.08,155.41,153.05,155.12,40086839.0,GOOGL,153.964,156.7704,,153.964,161.7325341027289,146.1954658972711,-0.0020586721564590515,0.10209591474245161,51.638123603871925,-0.8846116633166332,-1.2469098672722394,0.3622982039556062,2.9835714285714254,-206511149.0
2022-04-27,158.81,159.11,158.6,158.83,66843764.0,GOOGL,153.797,156.96460000000002,,153.797,160.94129945738842,146.65270054261157,0.02391696750902539,0.12845470692717642,59.05273765535779,-0.39086606128375934,-1.0757011060745434,0.684835044790784,3.027142857142855,-139667385.0
2022-04-28,159.75,160.23,159.2,159.43,115322571.0,GOOGL,153.64350000000002,157.1592,,153.64350000000002,160.0992123623394,147.18778763766065,0.003777623874582803,0.13271758436944991,68.83756152972367,0.04828922305861738,-0.8509030402479113,0.8991922633065287,2.7942857142857105,-24344814.0
2022-04-29,164.26,164.92,163.82,164.3,100329668.0,GOOGL,154.034,157.4736,,154.034,161.98610240323762,146.08189759676236,0.030546321269522725,0.1673179396092368,75.94728171334434,0.78029647748005,-0.524663136702319,1.3049596141823692,3.054999999999995,75984854.0
2022-05-02,159.35,160.13,158.57,158.96,36423171.0,GOOGL,154.182,157.582,,154.182,162.39409531567208,145.9699046843279,-0.03250152160681685,0.12937833037300228,62.997658079625296,0.91893126111529,-0.23594425713879724,1.1548755182540873,3.307857142857139,39561683.0
2022-05-03,164.46,164.7,164.37,164.66,112611705.0,GOOGL,154.596,157.9296,,154.596,164.0200708602465,145.1719291397535,0.035858077503774455,0.1698756660746008,62.33611442193087,1.471776960417941,0.10559998637255039,1.3661769740453906,3.2649999999999966,152173388.0
2022-05-04,163.03,163.54,162.32,162.66,75320492.0,GOOGL,155.017,158.1542,,155.017,165.10314286507668,144.93085713492331,-0.012146240738491465,0.15566607460035575,64.5081714461918,1.7286016312628476,0.4302003153506099,1.2984013159122378,3.163571428571426,76852896.0
2022-05-05,160.55,161.94,157.25,159.16,30930119.0,GOOGL,155.303,158.3492,,155.303,165.5243442313004,145.0816557686996,-0.021517275298167937,0.13079928952042685,58.30546265328876,1.6309160983776678,0.6703434719560215,0.9605726264216463,3.5264285714285677,45922777.0
2022-05-06,158.91,159.06,158.64,159.05,101116675.0,GOOGL,155.7815,158.4502,,155.7815,165.74790520105321,145.81509479894677,-0.0006911284242271387,0.13001776198934345,63.24062877871831,1.5270209817481941,0.8416789739144561,0.685342007833738,3.3142857142857127,-55193898.0
2022-05-09,154.23,156.23,154.21,155.38,82792407.0,GOOGL,156.123,158.4018,,156.123,165.4965127381699,146.74948726183007,-0.0230745048726817,0.10394316163410355,57.3150684931507,1.1354561925741677,0.9004344176463985,0.2350217749277692,3.5171428571428556,-137986305.0
2022-05-10,157.22,157.29,155.5,157.18,42253763.0,GOOGL,156.478,158.32479999999998,,156.478,165.415524913473,147.540475086527,0.01158450250997567,0.11673179396092426,60.32926181625067,0.9593247344739666,0.9122124810119121,0.0471122534620545,3.507142857142855,-95732542.0
2022-05-11,155.44,157.18,155.2,155.75,94155627.0,GOOGL,156.4465,158.1652,,156.4465,165.3899181031876,147.50308189681238,-0.009097849599185692,0.1065719360568389,55.23653267705771,0.6963234526635915,0.869034675342248,-0.17271122267865646,3.4642857142857144,-189888169.0
2022-05-12,157.31,157.82,156.5,156.68,115571211.0,GOOGL,156.618,157.8752,,156.618,165.43396780966538,147.80203219033461,0.005971107544141319,0.11317939609236305,52.56447406548827,0.5565210415282422,0.8065319485794469,-0.25001090705120466,3.2042857142857133,-74316958.0
2022-05-13,152.51,154.22,151.33,153.65,117667122.0,GOOGL,156.6405,157.56459999999998,,156.6405,165.4219672674004,147.85903273259962,-0.019338779678325202,0.09165186500888178,47.58173466630641,0.1989377160913932,0.6850131020818362,-0.486075385990443,3.5114285714285693,-191984080.0
2022-05-16,153.05,153.09,152.98,153.0,22607301.0,GOOGL,156.776,157.2796,,156.776,165.22210754321674,148.32989245678328,-0.004230393752033934,0.08703374777975204,47.16122121049812,-0.13533910829465867,0.5209426600065372,-0.6562817683011959,3.3885714285714283,-214591381.0
2022-05-17,153.19,153.5,153.15,153.32,37955420.0,GOOGL,156.94,157.0442,,156.94,164.95159422994368,148.92840577005632,0.0020915032679738044,0.08930728241563113,41.88512518409423,-0.3701675136307756,0.3427206252790747,-0.7128881389098503,3.1392857142857133,-176635961.0
2022-05-18,152.6,152.91,152.33,152.78,96274915.0,GOOGL,157.10899999999998,156.7362,,157.10899999999998,164.5749166603272,149.64308333967276,-0.003522045395251694,0.085470692717585,40.18884626733549,-0.5930083723570192,0.15557482575185594,-0.7485831981088751,3.1099999999999994,-272910876.0
2022-05-19,157.62,158.2,157.41,157.67,74948668.0,GOOGL,157.3965,156.6128,,157.3965,164.45267243792193,150.34032756207807,0.03200680717371385,0.12021314387211435,40.224122677676164,-0.370755388483218,0.05030878290484116,-0.4210641713880591,3.105,-197962208.0
2022-05-20,160.74,161.7,159.14,159.55,66245036.0,GOOGL,157.6285,156.46,,157.6285,164.64545473009596,150.61154526990404,0.011923637978055623,0.13357015985790488,50.96880131362891,-0.04242891520902958,0.03176124328206701,-0.07419015849109659,2.983571428571427,-131717172.0
2022-05-23,160.3,160.82,159.87,160.23,112857891.0,GOOGL,157.868,156.33960000000002,,157.868,164.89741069627092,150.83858930372907,0.004261986837981624,0.13840142095914798,41.289815178922524,0.2695354603215776,0.07931608668996913,0.19021937363160846,2.6642857142857133,-18859281.0
2022-05-24,154.88,155.45,154.27,154.31,116091175.0,GOOGL,157.82750000000001,156.171,,157.82750000000001,164.93250157413263,150.7224984258674,-0.03694688884728192,0.09634103019538265,35.77512776831347,0.03862965242873884,0.07117879983772307,-0.032549147408984236,2.92285714285714,-134950456.0
2022-05-25,156.24,156.82,154.65,155.51,44536725.0,GOOGL,157.6615,156.096,,157.6615,164.82279442871484,150.50020557128514,0.0077765536906226895,0.10486678507992964,43.25323475046209,-0.04699318455200796,0.04754440295977687,-0.09453758751178483,2.715714285714282,-90413731.0
2022-05-26,159.01,159.48,158.7,159.39,60311981.0,GOOGL,157.6595,156.14860000000002,,157.6595,164.81873687494584,150.50026312505418,0.02495016397659322,0.13243339253996522,50.5515898767034,0.19597460054342264,0.07723044247650603,0.11874415806691661,2.962142857142853,-30101750.0
2022-05-27,157.24,157.4,157.13,157.22,93388916.0,GOOGL,157.3055,156.2504,,157.3055,163.74632856716303,150.86467143283696,-0.013614404918752654,0.1170159857904094,53.13778990450205,0.21099523444394208,0.10398340086999325,0.10701183357394883,2.7778571428571377,-123490666.0
2022-05-30,156.6,157.38,156.02,156.63,102967060.0,GOOGL,157.18900000000002,156.30859999999998,,157.18900000000002,163.58797656290724,150.7900234370928,-0.003752703218420028,0.11282415630550702,49.02170046246885,0.17329350619567663,0.11784542193512992,0.055448084260546704,2.7385714285714227,-226457726.0
2022-05-31,148.17,148.28,146.41,147.18,48709510.0,GOOGL,156.315,156.1248,,156.315,163.17578866112592,149.45421133887407,-0.060333269488603625,0.04568383658969899,38.14004982009409,-0.612065893499647,-0.028136841151825465,-0.5839290523478216,3.32714285714285,-275167236.0
2022-06-01,143.9,144.07,143.23,143.54,112948860.0,GOOGL,155.35899999999998,155.8076,,155.35899999999998,163.6719243698561,147.04607563014386,-0.024731621144177263,0.01982238010657289,33.08444902162715,-1.510771224958944,-0.3246637179132492,-1.1861075070456948,3.461428571428566,-388116096.0
2022-06-02,137.24,138.21,135.98,137.59,45103073.0,GOOGL,154.28050000000002,155.4106,,154.28050000000002,165.57813734033283,142.9828626596672,-0.041451860108680405,-0.02245115452930624,30.77107279693483,-2.672312197185363,-0.794193413767672,-1.878118783417691,3.6192857142857093,-433219169.0
2022-06-03,137.85,137.96,137.77,137.9,23662453.0,GOOGL,153.223,154.9998,,153.223,166.4376682456315,140.00833175436853,0.002253070717348704,-0.020248667850798152,31.772090777402198,-3.5271683754575065,-1.340788406105639,-2.1863799693518677,3.597857142857137,-409556716.0
2022-06-06,137.15,137.84,137.01,137.52,41346906.0,GOOGL,152.32999999999998,154.5804,,152.32999999999998,167.2364662761534,137.42353372384656,-0.002755620014503246,-0.022948490230904728,30.9546769527483,-4.187045228799377,-1.9100397706443868,-2.2770054581549903,3.625714285714281,-450903622.0
2022-06-07,136.98,137.57,136.86,137.25,109646643.0,GOOGL,151.33350000000002,154.1112,,151.33350000000002,167.48727847277104,135.179721527229,-0.0019633507853403787,-0.0248667850799279,31.157486047075935,-4.677865609864398,-2.4636049384883894,-2.2142606713760085,3.605714285714281,-560550265.0
2022-06-08,136.06,136.09,136.01,136.08,93709506.0,GOOGL,150.35,153.5894,,150.35,167.72090731805974,132.97909268194024,-0.008524590163934365,-0.0331793960923612,21.205654841291008,-5.102435815999513,-2.9913711139906143,-2.111064702008899,3.307142857142854,-654259771.0
2022-06-09,138.74,139.02,138.35,138.88,107713106.0,GOOGL,149.46,153.11700000000002,,149.46,167.2834322407917,131.6365677592083,0.020576131687242594,-0.013285968028418194,23.09294454569114,-5.153567050823341,-3.42381030135716,-1.7297567494661807,3.229285714285711,-546546665.0
2022-06-10,134.77,135.51,134.22,135.49,44695415.0,GOOGL,148.552,152.697,,148.552,167.30283447967574,129.80116552032425,-0.024409562211981428,-0.03737122557726358,19.917315175097244,-5.4053243766730645,-3.820113116420341,-1.5852112602527235,3.471428571428569,-591242080.0
2022-06-13,135.41,135.66,135.21,135.31,53188038.0,GOOGL,147.6675,152.28320000000002,,147.6675,167.1880132320359,128.14698676796408,-0.0013285113292494932,-0.03865008880994569,23.14867156585636,-5.555329980952223,-4.167156489326717,-1.3881734916255057,3.077857142857141,-644430118.0
2022-06-14,136.7,137.08,136.29,136.95,104000826.0,GOOGL,146.849,151.8946,,146.849,166.74083794530026,126.95716205469972,0.012120316310693768,-0.02699822380106487,24.09268565047455,-5.478720924692851,-4.429469376399944,-1.049251548292907,3.0249999999999995,-540429292.0
2022-06-15,136.24,137.01,135.69,136.49,92385106.0,GOOGL,146.0345,151.53959999999998,,146.0345,166.23543116665616,125.83356883334385,-0.0033588901058778653,-0.03026642984014105,14.660493827160437,-5.392959174920492,-4.622167336104054,-0.7707918388164376,2.835714285714285,-632814398.0
2022-06-16,137.7,137.99,135.61,136.27,96750490.0,GOOGL,144.9645,151.1962,,144.9645,164.83477028131747,125.09422971868248,-0.0016118396952157221,-0.03182948490230797,15.599343185550026,-5.281858554159584,-4.75410557971516,-0.5277529744444234,2.844285714285714,-729564888.0
2022-06-17,134.26,134.27,134.02,134.05,85150186.0,GOOGL,143.6895,150.8876,,143.6895,162.88000365483646,124.49899634516358,-0.016291186614808773,-0.04760213143872005,14.806733167082243,-5.311715805082969,-4.865627624788722,-0.4460881802942467,2.9078571428571434,-814715074.0
2022-06-20,133.18,133.24,133.12,133.18,59005221.0,GOOGL,142.337,150.5802,,142.337,160.39879229901072,124.27520770098926,-0.006490115628496884,-0.05378330373001672,20.212765957446734,-5.343977573697202,-4.961297614570418,-0.38267995912678465,2.2442857142857155,-873720295.0
2022-06-21,134.7,135.77,134.54,135.12,35013558.0,GOOGL,141.3775,150.281,,141.3775,158.7883506699874,123.96664933001259,0.014566751764529151,-0.039999999999999036,30.688073394495376,-5.153596024050842,-4.999757296466503,-0.15383872758433892,2.1471428571428572,-838706737.0
2022-06-22,129.34,130.03,128.77,129.69,62512846.0,GOOGL,140.0865,149.74720000000002,,140.0865,156.90403880860435,123.26896119139563,-0.0401865008880995,-0.07857904085257461,31.43796992481198,-5.3788686444241876,-5.07557956605804,-0.3032890783661477,2.0607142857142855,-901219583.0
2022-06-23,129.96,130.2,129.06,129.3,54911707.0,GOOGL,138.582,149.2682,,138.582,153.39233579348397,123.77166420651602,-0.0030071709461021445,-0.0813499111900523,29.868913857677853,-5.525177749908465,-5.1654992028281255,-0.35967854708033986,2.115714285714284,-956131290.0
2022-06-24,127.87,128.17,127.75,127.82,29137633.0,GOOGL,137.11200000000002,148.7606,,137.11200000000002,149.82023454548735,124.4037654545127,-0.011446249033256084,-0.0918650088809938,28.406055209260828,-5.694905080417129,-5.271380378345926,-0.4235247020712034,2.162857142857141,-985268923.0
2022-06-27,127.75,127.87,126.91,127.66,106054148.0,GOOGL,135.6635,148.308,,135.6635,145.2171849324975,126.10981506750251,-0.0012517602879048573,-0.09300177619893346,28.54586129753909,-5.775746663232553,-5.3722536353232515,-0.40349302790930164,2.1807142857142856,-1091323071.0
2022-06-28,132.66,132.74,131.92,132.22,92049389.0,GOOGL,134.9155,147.95159999999998,,134.9155,142.88364836841075,126.94735163158927,0.03571988093373024,-0.06060390763765455,42.50194250194246,-5.409502927110935,-5.379703493680789,-0.02979943343014657,2.4550000000000005,-999273682.0
2022-06-29,130.93,131.11,130.86,131.06,101597625.0,GOOGL,134.29149999999998,147.5848,,134.29149999999998,141.31446166344855,127.26853833655142,-0.008773256693389797,-0.06884547069271674,33.7759336099585,-5.153448684541445,-5.33445253185292,0.18100384731147479,2.3421428571428566,-1100871307.0
2022-06-30,134.71,135.34,134.48,134.99,28470803.0,GOOGL,134.1615,147.2462,,134.1615,141.02174788565134,127.30125211434864,0.029986265832443237,-0.04092362344582501,48.9853896103896,-4.58060335278995,-5.183682696040326,0.6030793432503758,2.315,-1072400504.0
2022-07-01,137.25,138.18,135.53,137.99,48500534.0,GOOGL,134.166,146.9078,,134.166,141.03668341042345,127.29531658957656,0.022223868434698923,-0.019609236234457206,54.87982520029134,-3.840276060360253,-4.915001368904312,1.0747253085440587,2.510714285714286,-1023899970.0
2022-07-04,138.49,138.75,137.9,138.1,39631541.0,GOOGL,134.195,146.561,,134.195,141.12988663436764,127.26011336563234,0.0007971592144357942,-0.018827708703373802,52.217508677207874,-3.207708796372799,-4.57354285439801,1.3658340580252109,2.4449999999999994,-984268429.0
2022-07-05,138.44,138.62,138.18,138.37,92005477.0,GOOGL,134.251,146.226,,134.251,141.30679239460332,127.1952076053967,0.0019551049963795197,-0.01690941385435063,53.65190365190363,-2.6540141160820667,-4.189637106734821,1.5356229906527545,2.3878571428571433,-892262952.0
2022-07-06,139.18,139.62,137.91,138.9,99763646.0,GOOGL,134.392,145.8274,,134.392,141.70953941963057,127.07446058036942,0.003830310038303031,-0.013143872113675736,55.04798464491361,-2.1476833652436653,-3.78124635843659,1.6335629931929248,2.340000000000001,-792499306.0
2022-07-07,136.25,137.73,135.82,136.63,113743837.0,GOOGL,134.2795,145.37140000000002,,134.2795,141.3722493741259,127.18675062587414,-0.01634269258459331,-0.029271758436944073,54.942528735632145,-1.907593080509912,-3.4065157028512547,1.4989226223413428,2.3992857142857167,-906243143.0
2022-07-08,138.18,138.68,138.06,138.37,22201250.0,GOOGL,134.42350000000002,144.8528,,134.42350000000002,141.73334707162056,127.1136529283795,0.012735124057674074,-0.01690941385435074,59.621802002224676,-1.5589457852854025,-3.0370017193380843,1.4780559340526818,2.4792857142857168,-884041893.0
2022-07-11,137.47,138.57,136.67,136.7,68240636.0,GOOGL,134.493,144.4076,,134.493,141.8645073085464,127.1214926914536,-0.012069090120691017,-0.028774422735345584,52.958801498127315,-1.4012426817871244,-2.7098499118278925,1.308607230040768,2.430000000000003,-952282529.0
2022-07-12,136.8,137.15,136.6,136.83,70677975.0,GOOGL,134.487,143.851,,134.487,141.85027758827943,127.12372241172055,0.0009509875640090204,-0.02785079928951939,66.68224299065419,-1.2513471712766773,-2.4181493637176494,1.1668021924409722,2.0157142857142896,-881604554.0
2022-07-13,130.4,131.58,129.92,130.85,62595323.0,GOOGL,134.205,143.21480000000003,,134.205,141.67649107925058,126.73350892074946,-0.043703866111233,-0.07033747779751243,52.871433864394184,-1.5966843391528016,-2.25385635880468,0.6571720196518784,2.4278571428571496,-944199877.0
2022-07-14,127.47,129.15,127.06,128.61,34613930.0,GOOGL,133.822,142.60379999999998,,133.822,141.6257254261197,126.0182745738803,-0.017118838364539424,-0.08625222024866686,51.42342342342346,-2.0277412730824835,-2.208633341660241,0.1808920685777573,2.5878571428571484,-978813807.0
2022-07-15,130.05,130.43,129.73,130.02,71407299.0,GOOGL,133.6205,142.0232,,133.6205,141.60545025195938,125.6355497480406,0.010963377653370632,-0.07623445825932407,54.0689655172414,-2.2298771469808685,-2.2128821027243664,-0.016995044256502112,2.6492857142857185,-907406508.0
2022-07-18,127.12,127.12,127.12,127.12,43072458.0,GOOGL,133.31750000000002,141.458,,133.31750000000002,141.8162129056453,124.81878709435476,-0.02230426088294113,-0.09683836589697958,40.67300658376009,-2.5941730351123056,-2.289140289201954,-0.30503274591035145,2.4935714285714323,-950478966.0
2022-07-19,127.99,128.1,127.87,128.0,54861346.0,GOOGL,132.96150000000003,140.8744,,132.96150000000003,141.7343727216017,124.18862727839837,0.006922592825676421,-0.0905861456483118,44.345898004434595,-2.779827385812297,-2.3872777085240227,-0.39254967728827417,2.4664285714285756,-895617620.0
2022-07-20,126.73,127.52,126.7,126.72,27434149.0,GOOGL,132.81300000000002,140.2938,,132.81300000000002,141.91347101152064,123.71252898847938,-0.010000000000000009,-0.09968028419182873,33.06022122081116,-2.9957123912232646,-2.508964645063871,-0.48674774615939365,2.2535714285714326,-923051769.0
2022-07-21,129.59,130.02,128.73,129.26,31760007.0,GOOGL,132.811,139.7454,,132.811,141.9147387345704,123.70726126542964,0.020044191919191823,-0.08163410301953755,31.774530271398746,-2.9280928098076515,-2.592790278012627,-0.33530253179502445,2.2614285714285765,-891291762.0
2022-07-22,132.57,132.82,132.0,132.53,85486254.0,GOOGL,133.04649999999998,139.323,,133.04649999999998,141.84518955553528,124.24781044446468,0.025297849295992547,-0.0584014209591468,39.72703799336042,-2.580891225395902,-2.5904104674892823,0.009519242093380065,2.4550000000000054,-805805508.0
2022-07-25,132.93,133.06,132.89,133.03,103952480.0,GOOGL,133.315,138.9236,,133.315,141.74145583235838,124.88854416764161,0.0037727307024824075,-0.05484902309058559,40.23408924652526,-2.239569286322336,-2.520242231255893,0.2806729449335572,2.4557142857142904,-701853028.0
2022-07-26,132.83,133.19,132.69,133.02,77363634.0,GOOGL,133.35500000000002,138.51760000000002,,133.35500000000002,141.76715286293728,124.94284713706276,-7.51710140569628e-05,-0.05492007104795682,39.03803131991054,-1.9474273763778456,-2.4056792602802837,0.4582518839024381,2.3692857142857187,-779216662.0
2022-07-27,132.73,134.46,131.74,133.15,88295458.0,GOOGL,133.4595,138.125,,133.4595,141.80326029074564,125.11573970925434,0.0009772966471206512,-0.05399644760213096,42.94975688816859,-1.6859779896535088,-2.2617390061549285,0.5757610165014198,2.343571428571432,-690921204.0
2022-07-28,133.6,133.62,132.87,133.12,57753407.0,GOOGL,133.366,137.634,,133.366,141.67940173581206,125.05259826418798,-0.00022530980097634767,-0.054209591474244645,38.572050500653035,-1.4643184645600513,-2.102254897835953,0.6379364332759017,2.250714285714288,-748674611.0
2022-07-29,136.3,136.39,136.18,136.32,89903064.0,GOOGL,133.28249999999997,137.1694,,133.28249999999997,141.4322868877498,125.13271311225013,0.024038461538461453,-0.03147424511545249,49.22448979591837,-1.0186955492924028,-1.8855430281272432,0.8668474788348404,2.348571428571429,-658771547.0
2022-08-01,143.18,143.52,142.94,143.18,105487257.0,GOOGL,133.5365,136.8284,,133.5365,142.58551570686603,124.48748429313395,0.05032276995305174,0.01726465364120844,60.166506564201086,-0.11071525329305132,-1.530577473160405,1.4198622198673536,2.8235714285714297,-553284290.0
2022-08-02,138.52,139.67,138.09,139.39,68318695.0,GOOGL,133.5875,136.53,,133.5875,142.76184609744695,124.41315390255306,-0.0264701773990782,-0.009662522202486201,64.70385674931129,0.29959085044768585,-1.1645438084387867,1.4641346588864725,2.693571428571428,-621602985.0
2022-08-03,135.91,137.13,135.48,136.55,50216026.0,GOOGL,133.47,136.1508,,133.47,142.4151968881837,124.5248031118163,-0.02037448884424975,-0.029840142095914124,63.39406207827261,0.3910888992423054,-0.8534172669025683,1.2445061661448737,2.702142857142857,-671819011.0
2022-08-04,141.24,141.45,139.07,140.3,73702083.0,GOOGL,133.6535,135.769,,133.6535,143.01263238218797,124.29436761781204,0.02746246796045404,-0.0031971580817045098,66.07254534083803,0.7574638503008373,-0.5312410434618872,1.2887048937627243,2.922142857142856,-598116928.0
2022-08-05,137.28,137.67,137.07,137.12,104758665.0,GOOGL,133.59099999999998,135.367,,133.59099999999998,142.8334829199878,124.34851708001217,-0.02266571632216685,-0.025790408525754316,65.49907005579665,0.782202471782,-0.26855234041310977,1.0507548121951098,2.9457142857142853,-702875593.0
2022-08-08,133.39,133.39,133.39,133.39,21383490.0,GOOGL,133.4255,134.90220000000002,,133.4255,142.55138331701318,124.29961668298681,-0.027202450408401524,-0.052291296625221584,57.675875818855,0.49512073679679247,-0.11581772497112933,0.6109384617679218,3.1421428571428587,-724259083.0
2022-08-09,139.16,139.28,138.95,139.06,39817406.0,GOOGL,133.537,134.7398,,133.537,142.88969868174578,124.18430131825421,0.04250693455281507,-0.012007104795736634,65.62025316455696,0.7168644403064377,0.05071870808438407,0.6661457322220536,3.470000000000003,-684441677.0
2022-08-10,137.82,138.62,137.28,138.32,68224017.0,GOOGL,133.9105,134.6354,,133.9105,143.4069114551902,124.41408854480983,-0.005321443981015417,-0.017264653641207328,62.01591511936338,0.8233945277820283,0.20525387202391293,0.6181406557581153,3.3614285714285734,-752665694.0
2022-08-11,137.62,137.68,137.62,137.66,26165519.0,GOOGL,134.363,134.6368,,134.363,143.6562575445549,125.0697424554451,-0.00477154424522841,-0.021953818827708194,57.30977486463378,0.844825285459109,0.3331681547109522,0.5116571307481568,3.1571428571428584,-778831213.0
2022-08-12,136.13,136.48,135.99,136.29,84263004.0,GOOGL,134.6765,134.6046,,134.6765,143.77384553534313,125.57915446465688,-0.009952055789626657,-0.03168738898756618,54.532814238042256,0.742700377252163,0.4150745992191943,0.32762577803296866,3.238571428571429,-863094217.0
2022-08-15,138.05,138.18,137.7,137.9,45994205.0,GOOGL,135.2155,134.6122,,135.2155,143.68336986201106,126.7476301379889,0.011813045711351,-0.020248667850798707,56.49627263045791,0.7826572112523706,0.4885911216258296,0.294066089626541,3.337857142857144,-817100012.0
2022-08-16,135.39,135.68,134.79,134.8,78702823.0,GOOGL,135.5555,134.5632,,135.5555,143.32040207346384,127.79059792653617,-0.02248005801305286,-0.042273534635878574,52.03552923760178,0.5577498052838905,0.5024228583574418,0.055326946926448684,3.365714285714288,-895802835.0
2022-08-17,139.64,139.72,139.28,139.61,39954426.0,GOOGL,136.2,134.6338,,136.2,142.9506007529904,129.44939924700958,0.03568249258160239,-0.008099467140319061,57.16177444272788,0.75888787974975,0.5537158626359036,0.20517201711384647,3.66357142857143,-855848409.0
2022-08-18,141.68,141.77,140.5,141.74,107168346.0,GOOGL,136.824,134.691,,136.824,143.16851076459534,130.47948923540469,0.015256786763125918,0.007033747779751964,56.12567811934902,1.0777409252173413,0.6585208751521912,0.4192200500651502,3.5842857142857167,-748680063.0
2022-08-19,140.24,142.39,139.74,141.62,40246743.0,GOOGL,137.2785,134.8136,,137.2785,143.63017039778256,130.92682960221745,-0.0008466205728799858,0.006181172291297221,47.92000000000001,1.305699967390325,0.7879566935998179,0.517743273790507,3.259285714285714,-788926806.0
2022-08-22,139.32,140.13,138.74,140.09,72405988.0,GOOGL,137.63150000000002,134.9092,,137.63150000000002,143.7701652929534,131.49283470704663,-0.01080355881937578,-0.00468916518650031,50.99318955732126,1.3473693027977447,0.8998392154394033,0.44753008735834143,3.1014285714285705,-861332794.0
2022-08-23,140.3,140.45,140.18,140.42,88516662.0,GOOGL,138.0015,134.9786,,138.0015,143.85528069464655,132.14771930535343,0.0023556285245198705,-0.0023445825932499886,55.91200733272224,1.3909863683984725,0.9980686460312171,0.3929177223672553,2.847857142857141,-772816132.0
2022-08-24,143.28,143.4,143.16,143.38,88461128.0,GOOGL,138.513,135.1164,,138.513,144.3696313292098,132.65636867079021,0.021079618287993318,0.01868561278863301,54.82154038822789,1.6454329426622962,1.127541505357433,0.5178914373048633,2.7107142857142867,-684355004.0
2022-08-25,150.93,150.94,150.9,150.91,97838161.0,GOOGL,139.40249999999997,135.4092,,139.40249999999997,146.96560399936635,131.8393960006336,0.05251778490723957,0.07218472468916604,68.999724441995,2.426718059904175,1.3873768162667814,1.0393412436373937,3.02,-586516843.0
2022-08-26,155.22,155.78,154.92,155.5,113267157.0,GOOGL,140.3615,135.83820000000003,,140.3615,150.6513688549759,130.0716311450241,0.03041547942482281,0.10479573712255874,79.75773889636608,3.3773349687415077,1.7853684467617268,1.591966521979781,3.1014285714285705,-473249686.0
2022-08-29,157.99,159.23,157.09,158.68,98109977.0,GOOGL,141.1365,136.3482,,141.1365,154.26379302275367,128.00920697724635,0.02045016077170425,0.12738898756660855,78.30351990767454,4.337307362061438,2.295756229821669,2.0415511322397686,2.9471428571428544,-375139709.0
2022-08-30,158.67,158.93,158.5,158.85,48501811.0,GOOGL,142.1095,136.8228,,142.1095,157.39851149949058,126.8204885005094,0.001071338542979472,0.12859680284191932,80.11146963919037,5.053555734468091,2.847316130750954,2.2062396037171372,2.8507142857142833,-326637898.0
2022-08-31,163.18,163.81,162.65,162.79,113378742.0,GOOGL,143.42149999999998,137.4848,,143.42149999999998,161.0293873176044,125.81361268239557,0.024803273528485992,0.15658969804618228,83.62322718758361,5.871430604764242,3.4521390255536115,2.419291579210631,3.154999999999999,-213259156.0
2022-09-01,162.4,162.99,160.46,161.7,39432211.0,GOOGL,144.4915,138.1328,,144.4915,163.81773444685282,125.16526555314718,-0.006695742981755681,0.1488454706927187,84.25451604205985,6.358353302520328,4.033381880946955,2.324971421573373,3.2164285714285716,-252691367.0
2022-09-02,161.91,162.91,161.0,162.81,73020835.0,GOOGL,145.776,138.8326,,145.776,166.41000606561357,125.14199393438645,0.006864564007421192,0.15673179396092474,84.03935501503142,6.755932586488541,4.577892022055273,2.1780405644332683,3.2178571428571416,-179670532.0
2022-09-05,166.69,166.79,166.62,166.65,109404534.0,GOOGL,147.439,139.6124,,147.439,169.20024019298614,125.67775980701386,0.02358577482955604,0.1840142095914754,92.66005893383335,7.2967604290678025,5.121665703457779,2.1750947256100233,3.279999999999997,-70265998.0
2022-09-06,168.97,169.21,168.42,168.71,26461275.0,GOOGL,148.92149999999998,140.3422,,148.92149999999998,172.26182722000357,125.5811727799964,0.012361236123612285,0.19865008880994783,92.07634470792362,7.8016624660849345,5.657665055983211,2.143997410101724,3.1114285714285694,-43804723.0
2022-09-07,166.4,166.7,166.39,166.5,53912022.0,GOOGL,150.33049999999997,141.05100000000002,,150.33049999999997,174.36804911317753,126.29295088682241,-0.013099401339576877,0.18294849023090687,85.71840738603574,7.9320368544478015,6.112539415676129,1.8194974387716725,3.1228571428571428,-97716745.0
2022-09-08,160.71,161.99,160.11,161.43,37892036.0,GOOGL,151.519,141.5798,,151.519,175.26757150274642,127.77042849725359,-0.03045045045045036,0.14692717584369563,75.00631153749053,7.539344003684278,6.397900333277759,1.1414436704065185,3.3900000000000006,-135608781.0
2022-09-09,162.55,163.6,162.2,163.08,24875130.0,GOOGL,152.8585,142.0816,,152.8585,176.00482472815204,129.71217527184794,0.010221148485411558,0.1586500888099478,78.93279637553486,7.2773841462064865,6.573797095863505,0.703587050342982,3.3392857142857144,-110733651.0
2022-09-12,163.8,163.84,163.35,163.55,20836274.0,GOOGL,154.141,142.59060000000002,,154.141,176.63066536925498,131.651334630745,0.0028820210939415336,0.1619893428063952,79.00677200902936,7.0267046664594375,6.664378609982691,0.3623260564767463,3.3678571428571433,-89897377.0
2022-09-13,166.29,167.03,166.02,166.62,96372102.0,GOOGL,155.73200000000003,143.15560000000002,,155.73200000000003,176.92536797953102,134.53863202046904,0.018771018037297527,0.1838010657193616,79.06453226613306,6.995127243108186,6.730528336607791,0.2645989065003951,3.403571428571427,6474725.0
2022-09-14,165.72,167.44,163.54,166.85,88643425.0,GOOGL,157.094,143.7146,,157.094,177.40782562637997,136.78017437362,0.0013803865082222533,0.18543516873889976,74.38800489596082,6.909018125176516,6.7662262943215365,0.14279183085497937,3.1421428571428556,95118150.0
2022-09-15,166.07,166.57,164.95,165.62,94757276.0,GOOGL,158.28799999999998,144.2944,,158.28799999999998,177.58364619558753,138.99235380441243,-0.007371890919987911,0.1766962699822392,67.25784447476127,6.664698809131153,6.7459207972834605,-0.08122198815230774,2.929999999999999,360874.0
2022-09-16,168.65,169.26,168.54,169.14,34508558.0,GOOGL,159.664,144.9098,,159.664,177.84788806782507,141.4801119321749,0.021253471802922252,0.20170515097691055,67.63317599460552,6.678127278792118,6.732362093585193,-0.054234814793074904,2.923571428571427,34869432.0
2022-09-19,172.89,173.23,171.55,172.54,24326002.0,GOOGL,161.2865,145.6266,,161.2865,177.83375453456307,144.7392454654369,0.02010169090694114,0.2258614564831274,70.81179689875343,6.883769216232594,6.762643518114674,0.12112569811792007,3.1849999999999983,59195434.0
2022-09-20,165.08,165.4,164.57,165.3,108627333.0,GOOGL,162.53050000000002,146.196,,162.53050000000002,175.91038981938905,149.15061018061098,-0.041961284339863125,0.1744227353463601,53.467808786957754,6.388887324298679,6.687892279351475,-0.299004955052796,3.3999999999999977,-49431899.0
2022-09-21,160.13,160.55,159.09,160.31,66009980.0,GOOGL,163.377,146.7852,,163.377,173.36867674670134,153.38532325329868,-0.030187537810042353,0.13896980461811848,48.26640059865305,5.530288835469548,6.45637159057509,-0.9260827551055417,3.662857142857141,-115441879.0
2022-09-22,160.78,161.17,160.7,160.76,30764352.0,GOOGL,163.86950000000002,147.4282,,163.86950000000002,172.08733804326363,155.6516619567364,0.0028070613186950144,0.14216696269982365,47.400456505199074,4.830471913048228,6.131191655069719,-1.3007197420214904,3.58785714285714,-84677527.0
2022-09-23,160.39,160.93,160.08,160.58,50006082.0,GOOGL,164.1235,148.0394,,164.1235,171.5256768490973,156.72132315090272,-0.0011196815128140525,0.14088809946714176,41.51523623147889,4.2127752141363715,5.747508366883049,-1.5347331527466777,3.3642857142857117,-134683609.0
2022-09-26,160.57,160.98,159.46,160.01,88622036.0,GOOGL,164.19,148.69719999999998,,164.19,171.40786963759473,156.97213036240527,-0.0035496325818907826,0.13683836589698184,37.31038506417731,3.6353458891867945,5.325075871343799,-1.6897299821570044,3.289999999999996,-223305645.0
2022-09-27,161.12,163.02,160.33,162.68,28800915.0,GOOGL,164.38150000000002,149.3908,,164.38150000000002,171.19472019853563,157.5682798014644,0.016686457096431573,0.1558081705150991,44.50201496833621,3.3545070062298805,4.930962098321016,-1.5764550920911358,3.3392857142857104,-194504730.0
2022-09-28,168.75,169.49,168.1,169.27,102441718.0,GOOGL,164.7055,150.24179999999998,,164.7055,171.81012999518424,157.60087000481576,0.04050897467420711,0.20262877442273686,60.81081081081083,3.6219465480017448,4.669158988257163,-1.047212440255418,3.3692857142857116,-92063012.0
2022-09-29,166.11,166.26,165.77,165.81,54927259.0,GOOGL,164.911,150.9728,,164.911,171.8861767380022,157.9358232619978,-0.02044071601583275,0.17804618117229265,53.58550039401102,3.5141918123756852,4.438165553080867,-0.9239737407051818,3.464285714285712,-146990271.0
2022-09-30,165.8,165.83,165.53,165.62,83008103.0,GOOGL,165.05149999999998,151.63459999999998,,165.05149999999998,171.96138392011943,158.14161607988052,-0.001145889873952144,0.17669626998223942,52.73881979359617,3.3745641213595263,4.2254452667366,-0.8508811453770733,3.431428571428571,-229998374.0
2022-10-03,165.91,166.12,165.49,165.57,83035600.0,GOOGL,164.9975,152.28539999999998,,164.9975,171.87157295185466,158.12342704814534,-0.0003018959062915938,0.17634103019538316,48.49007765314925,3.222724031573506,4.024901019703981,-0.8021769881304754,3.2278571428571428,-313033974.0
2022-10-04,166.27,166.3,166.24,166.29,44835512.0,GOOGL,164.87650000000002,152.9508,,164.87650000000002,171.55791578126647,158.19508421873357,0.004348613879326058,0.18145648312611162,49.20589903573454,3.124470695911299,3.844814954945445,-0.720344259034146,3.0014285714285722,-268198462.0
2022-10-05,162.35,162.42,162.2,162.25,30746866.0,GOOGL,164.66400000000002,153.53279999999998,,164.66400000000002,171.39813738468706,157.92986261531297,-0.02429490648866428,0.1527531083481366,45.5739427370633,2.6896058808379166,3.6137731401239397,-0.9241672592860231,3.1578571428571434,-298945328.0
2022-10-06,163.99,164.34,163.41,163.8,105264681.0,GOOGL,164.78249999999997,154.1464,,164.78249999999997,171.35857745824913,158.2064225417508,0.00955315870570117,0.1637655417406767,42.60387811634354,2.4418957735202014,3.379397666803192,-0.9375018932829908,3.047142857142859,-193680647.0
2022-10-07,163.88,164.14,163.2,163.95,112574928.0,GOOGL,164.826,154.69899999999998,149.2408,164.826,171.3660704969682,158.28592950303178,0.0009157509157506905,0.1648312611012448,36.925418569254184,2.231958843017452,3.149909902046044,-0.9179510590285922,2.8221428571428584,-81105719.0
2022-10-10,170.53,170.92,170.47,170.67,21958124.0,GOOGL,165.18200000000002,155.2488,149.3904,165.18200000000002,172.1881464744255,158.17585352557452,0.040988106129917545,0.21257548845470842,58.30497989483448,2.57811128956925,3.035550179550685,-0.457438889981435,2.750714285714287,-59147595.0
2022-10-11,172.12,172.38,171.84,172.02,89502667.0,GOOGL,165.452,155.9014,149.55939999999998,165.452,173.08008274180625,157.82391725819375,0.007910001757778229,0.22216696269982394,70.40780759846636,2.927625470889666,3.0139652378184816,-0.08633976692881573,2.4292857142857156,30355072.0
2022-10-12,169.78,169.78,169.51,169.64,74686029.0,GOOGL,165.5915,156.5632,149.72160000000002,165.5915,173.4264695864825,157.75653041351748,-0.013835600511568513,0.2052575488454722,64.50032658393204,2.9782405648485053,3.0068203032244867,-0.02857973837598138,2.547142857142861,-44330957.0
2022-10-13,164.44,164.86,164.41,164.6,87085105.0,GOOGL,165.5405,157.0492,149.8658,165.5405,173.38795744946134,157.69304255053868,-0.029709974062721023,0.16944937833037454,55.665163472378765,2.581904919775212,2.921837226534632,-0.33993230675941977,2.8600000000000034,-131416062.0
2022-10-14,164.48,164.48,163.99,164.31,81110212.0,GOOGL,165.299,157.59300000000002,149.99675000000002,165.299,172.97546546955797,157.62253453044204,-0.0017618469015795446,0.16738898756660903,56.107954545454554,2.2188282187089783,2.7812354249695015,-0.5624072062605232,2.795000000000004,-212526274.0
2022-10-17,162.0,162.03,161.81,161.88,58331510.0,GOOGL,164.76600000000002,158.1628,150.12115,164.76600000000002,171.7770331095502,157.75496689044985,-0.014789118130363432,0.15012433392540103,48.85583524027458,1.7152344703669655,2.5680352340489945,-0.852800763682029,2.758571428571431,-270857784.0
2022-10-18,160.61,160.63,160.48,160.54,87094581.0,GOOGL,164.528,158.59240000000003,150.23185,164.528,171.7816788488432,157.27432115115678,-0.008277736595008633,0.14060390763765684,35.307977112083464,1.194239545365491,2.2932760963122942,-1.0990365509468032,2.3721428571428596,-357952365.0
2022-10-19,161.45,161.8,159.48,161.68,60681162.0,GOOGL,164.59650000000002,159.0596,150.3203,164.59650000000002,171.7069231127378,157.48607688726224,0.007101034010215557,0.14870337477797668,42.46075209930633,0.8633832417846747,2.0072975254067704,-1.1439142836220957,2.287857142857147,-297271203.0
2022-10-20,162.65,162.91,161.99,162.47,27453312.0,GOOGL,164.682,159.5558,150.39440000000002,164.682,171.6376205217188,157.7263794782812,0.004886194952993472,0.1543161634103034,44.372990353697745,0.6573461578762192,1.7373072519006603,-1.079961094024441,2.3542857142857168,-269817891.0
2022-10-21,162.86,164.07,162.61,163.13,60889014.0,GOOGL,164.8095,160.0926,150.47809999999998,164.8095,171.5383115005978,158.0806884994022,0.004062288422477911,0.15900532859680427,45.73426573426575,0.5410795404792736,1.498061709616383,-0.9569821691371094,2.423571428571431,-208928877.0
2022-10-24,167.39,168.21,167.09,167.71,119080995.0,GOOGL,165.1945,160.68880000000001,150.58965,165.1945,171.64232288839048,158.74667711160953,0.02807576779255827,0.19154529307282586,52.18730745532966,0.8091774380687582,1.3602848553068583,-0.5511074172381001,2.734285714285716,-89847882.0
2022-10-25,169.45,169.47,168.99,169.11,51836073.0,GOOGL,165.516,161.375,150.70145,165.516,172.07616174383807,158.9558382561619,0.008347743128018559,0.20149200710479742,61.502347417840376,1.1216851648062232,1.3125649172067313,-0.19087975240050814,2.567857142857144,-38011809.0
2022-10-26,179.07,180.38,177.73,178.32,88919536.0,GOOGL,165.9685,162.14919999999998,150.8836,165.9685,174.55458979074828,157.38241020925173,0.05446159304594622,0.26692717584369596,69.37033084311629,2.0884455186340745,1.4677410374922,0.6207044811418745,3.2235714285714283,50907727.0
2022-10-27,178.93,178.95,178.84,178.93,73633650.0,GOOGL,166.62449999999998,162.893,151.0809,166.62449999999998,176.98173083291923,156.26726916708074,0.003420816509645652,0.2712611012433408,69.74169741697416,2.8707398640133306,1.7483408027964262,1.1223990612169044,3.201428571428571,124541377.0
2022-10-28,177.3,177.71,177.19,177.51,20568966.0,GOOGL,167.219,163.6108,151.26409999999998,167.219,178.64343899348447,155.79456100651552,-0.007936064382719543,0.2611722912966268,60.477941176470566,3.3376572016863975,2.0662040825744206,1.271453119111977,2.8278571428571433,103972411.0
2022-10-31,172.06,172.35,172.01,172.23,113782154.0,GOOGL,167.552,164.2536,151.4225,167.552,179.16082350447084,155.94317649552914,-0.02974480310968397,0.22365896980461963,50.287120590648044,3.2442430679352583,2.3018118796465883,0.94243118828867,3.0985714285714283,-9809743.0
2022-11-01,167.32,169.02,167.02,167.74,83407005.0,GOOGL,167.62449999999998,164.8,151.5311,167.62449999999998,179.2182396446284,156.03076035537157,-0.026069790396562653,0.19175843694493944,47.54395036194419,2.7759072871566275,2.3966309611485963,0.3792763260080312,3.2914285714285683,-93216748.0
2022-11-02,170.79,170.95,170.67,170.82,24000539.0,GOOGL,168.053,165.34879999999998,151.66400000000002,168.053,179.44204385802698,156.66395614197302,0.018361750327888338,0.21364120781527696,58.46949891067539,2.623041279000603,2.441913024718998,0.18112825428160484,3.1471428571428532,-69216209.0
2022-11-03,173.08,173.17,172.51,173.07,109206390.0,GOOGL,168.5165,165.792,151.8231,168.5165,179.93126103445655,157.10173896554346,0.013171759747102163,0.22962699822380261,61.32368148914166,2.652869434673221,2.4841043067098427,0.16876512796337817,3.2714285714285682,39990181.0
2022-11-04,172.77,172.92,172.66,172.79,111315648.0,GOOGL,168.95850000000002,166.1378,151.99325000000002,168.95850000000002,180.31318607181805,157.60381392818198,-0.0016178424914774503,0.2276376554174082,64.93293183684642,2.623670759662616,2.5120175973003978,0.11165316236221834,3.1221428571428538,-71325467.0
2022-11-07,171.36,173.14,170.6,172.05,118341348.0,GOOGL,169.02749999999997,166.4052,152.15935000000002,169.02749999999997,180.4425885834708,157.61241141652914,-0.004282655246252598,0.22238010657193752,66.01725577511831,2.5118635839744172,2.5119867946352015,-0.00012321066078424536,3.2035714285714243,-189666815.0
2022-11-08,168.51,169.77,167.88,169.03,31104054.0,GOOGL,168.878,166.6088,152.31245,168.878,180.20605664571312,157.54994335428685,-0.017553036907875685,0.20092362344582737,59.71965088600899,2.1547284624640213,2.4405351282009655,-0.28580666573694424,3.335714285714281,-220770869.0
2022-11-09,168.39,168.54,168.32,168.5,109303153.0,GOOGL,168.821,166.72299999999998,152.4319,168.821,180.14438409524666,157.49761590475333,-0.0031355380701650892,0.19715808170515237,58.02929427430094,1.8080872309391793,2.3140455487486085,-0.5059583178094291,3.298571428571425,-330074022.0
2022-11-10,168.56,171.82,167.33,168.95,26955944.0,GOOGL,169.0385,166.868,152.5592,169.0385,180.18625460044058,157.89074539955942,0.0026706231454005636,0.20035523978685754,57.793251205141935,1.5517946736939052,2.161595373737668,-0.6098007000437629,3.5049999999999955,-303118078.0
2022-11-11,162.21,162.43,160.97,162.17,24441844.0,GOOGL,168.9315,166.8552,152.6517,168.9315,180.309064765804,157.553935234196,-0.04013021604024858,0.15218472468916655,42.994436014162844,0.7924566909667874,1.887767637183492,-1.0953109462167046,3.712142857142851,-327559922.0
2022-11-14,164.8,164.89,164.38,164.55,117392644.0,GOOGL,169.065,166.8132,152.74325000000002,169.065,180.15316438702772,157.97683561297228,0.014675957328729172,0.1690941385435183,44.37314906219151,0.37836047440319476,1.5858862046274325,-1.2075257302242377,3.78071428571428,-210167278.0
2022-11-15,157.85,157.92,157.82,157.91,46484432.0,GOOGL,168.9335,166.59720000000002,152.803,168.9335,180.4994450657187,157.36755493428132,-0.04035247645092688,0.12191829484902428,23.109354413702263,-0.48007229326805145,1.1726945050483357,-1.6527667983163872,3.4564285714285683,-256651710.0
2022-11-16,159.57,160.39,158.45,159.01,115728773.0,GOOGL,168.79999999999998,166.44740000000002,152.86,168.79999999999998,180.77294142288574,156.82705857711423,0.006965993287315619,0.1297335701598592,24.08949011446407,-1.0594133814063014,0.7262729277574083,-1.7856863091637096,3.588571428571425,-140922937.0
2022-11-17,159.2,160.06,158.78,158.9,57936474.0,GOOGL,168.6215,166.3968,152.9105,168.6215,181.08806712128631,156.15493287871368,-0.000691780391170238,0.1289520426287758,24.939402100727165,-1.5100149361424826,0.2790153549774301,-1.7890302911199127,3.5557142857142816,-198859411.0
2022-11-18,159.26,160.92,158.04,159.86,110567349.0,GOOGL,168.458,166.33239999999998,152.9532,168.458,181.30770054945208,155.60829945054792,0.006041535556954081,0.13577264653641352,31.149039926851586,-1.769260998273154,-0.13063991567268676,-1.6386210826004672,3.3685714285714243,-88292062.0
2022-11-21,157.51,158.64,157.2,157.82,89861033.0,GOOGL,167.9635,166.21779999999998,153.00685000000001,167.9635,181.66722408085744,154.25977591914258,-0.012761166020267889,0.12127886323268333,33.66271409749669,-2.1149465341501923,-0.5275012393681879,-1.5874452947820044,3.1864285714285705,-178153095.0
2022-11-22,163.49,163.67,163.13,163.19,55715693.0,GOOGL,167.66750000000002,166.14919999999998,153.0753,167.66750000000002,181.5218686820803,153.81313131791973,0.03402610569002662,0.15943161634103142,38.315467075038306,-1.9333047570265194,-0.8086619428998543,-1.1246428141266651,3.375,-122437402.0
2022-11-23,164.09,165.73,163.71,165.57,86373555.0,GOOGL,167.03,166.1236,153.15755,167.03,179.9632488693231,154.0967511306769,0.014584226974692083,0.17634103019538316,38.56009762050031,-1.5791033104820542,-0.9627502164162942,-0.61635309406576,3.3885714285714283,-36063847.0
2022-11-24,167.69,167.72,167.65,167.71,113004128.0,GOOGL,166.469,166.1654,153.2476,166.469,178.1406965798759,154.79730342012408,0.012925046807996665,0.19154529307282542,42.667436489607425,-1.11288732460838,-0.9927776380547114,-0.1201096865536685,3.5128571428571433,76940281.0
2022-11-25,168.49,170.04,166.83,167.14,66071901.0,GOOGL,165.95049999999998,166.1254,153.3404,165.95049999999998,176.41603335578776,155.4849666442122,-0.0033987239878362496,0.1874955595026655,42.87786480997968,-0.7804059986434311,-0.9503033101724554,0.16989731152902432,3.5607142857142855,10868380.0
2022-11-28,166.93,166.93,166.9,166.92,41064813.0,GOOGL,165.685,166.013,153.4073,165.685,175.74119055214774,155.62880944785226,-0.0013162618164412887,0.18593250444049847,46.66877170824122,-0.5285712731877936,-0.8659569027755232,0.33738562958772955,3.279999999999997,-30196433.0
2022-11-29,170.31,170.35,169.89,169.91,114548736.0,GOOGL,165.7935,166.1052,153.52045,165.7935,175.9889092352263,155.5980907647737,0.01791277258566981,0.20717584369449504,52.0656314093173,-0.08672274158362825,-0.7101100705371441,0.6233873289535159,3.474285714285711,84352303.0
2022-11-30,174.7,174.97,174.28,174.37,56512992.0,GOOGL,165.971,166.38639999999998,153.63514999999998,165.971,176.64714931567465,155.29485068432535,0.026249190748043105,0.23886323268206167,57.10540115364448,0.6162266520273931,-0.44484272602423675,1.0610693780516298,3.5149999999999983,140865295.0
2022-12-01,179.7,179.82,179.14,179.29,98303080.0,GOOGL,166.28199999999998,166.757,153.78455,166.28199999999998,178.12724172733516,154.4367582726648,0.028215862820439197,0.2738188277087046,73.5942668136714,1.5524265854602675,-0.045388863727335915,1.5978154491876033,3.3342857142857127,239168375.0
2022-12-02,179.02,179.51,178.61,179.16,85706420.0,GOOGL,166.60049999999998,167.1286,153.91035,166.60049999999998,179.47995156563877,153.7210484343612,-0.0007250822689497394,0.2728952042628787,71.46635321774899,2.257854720366794,0.41525985309149005,1.8425948672753036,3.204285714285711,153461955.0
2022-12-05,179.41,179.43,179.34,179.4,47057678.0,GOOGL,166.96800000000002,167.5164,154.01835,166.96800000000002,180.880208345647,153.05579165435304,0.0013395847287340779,0.2746003552397882,88.88888888888883,2.803955342069969,0.8929989508871858,1.9109563911827832,2.7428571428571393,200519633.0
2022-12-06,180.77,181.23,180.25,180.62,25389784.0,GOOGL,167.54749999999999,167.8752,154.11630000000002,167.54749999999999,182.72899271490425,152.36600728509572,0.006800445930880805,0.2832682060390779,88.93693693693689,3.2971799848052967,1.373835157670808,1.9233448271344886,2.696428571428567,225909417.0
2022-12-07,178.97,180.16,178.32,179.71,34608638.0,GOOGL,168.108,168.08399999999997,154.19619999999998,168.108,184.2358126555554,151.9801873444446,-0.005038201749529403,0.2768028419182964,86.44483362521883,3.573442254927812,1.813756577122209,1.7596856778056031,2.769285714285711,191300779.0
2022-12-08,177.34,177.41,177.12,177.2,70775520.0,GOOGL,168.5205,168.3118,154.2263,168.5205,185.1531090303944,151.8878909696056,-0.013966946747537845,0.2589698046181186,78.80398671096333,3.548936144568785,2.1607924906115246,1.3881436539572602,2.748571428571426,120525259.0
2022-12-09,177.57,178.12,177.3,177.83,34249334.0,GOOGL,169.3035,168.55599999999998,154.26955,169.3035,186.15038729644183,152.4566127035582,0.0035553047404064397,0.2634458259325059,84.87277797141854,3.5395488940644952,2.436543771302119,1.1030051227623763,2.624285714285711,154774593.0
2022-12-12,179.61,179.62,179.5,179.54,95497702.0,GOOGL,170.053,168.83539999999996,154.33100000000002,170.053,187.33754630740128,152.7684536925987,0.009615925321936558,0.2755950266429854,82.66080703156204,3.6282677274977004,2.674888562541235,0.9533791649564654,2.3342857142857105,250272295.0
2022-12-13,182.71,184.35,180.95,181.46,114918007.0,GOOGL,171.2305,169.1388,154.41285,171.2305,188.23839844377477,154.22260155622524,0.010693995766960063,0.28923623445826085,82.33618233618226,3.809591397822885,2.901829129597565,0.9077622682253201,2.4964285714285688,365190302.0
2022-12-14,181.25,181.63,180.79,181.22,39403794.0,GOOGL,172.341,169.5182,154.47805,172.341,188.88320236085403,155.798797639146,-0.0013226055328998676,0.28753108348135137,79.79708866343174,3.889094656364591,3.0992822349509703,0.7898124214136208,2.40285714285714,325786508.0
2022-12-15,178.19,179.25,177.74,178.87,99126322.0,GOOGL,173.3395,169.81959999999998,154.5532,173.3395,188.84392038836106,157.83507961163892,-0.012967663613287717,0.2708348134991134,73.98773006134968,3.7195989796509537,3.2233455838909673,0.4962533957599864,2.422142857142855,226660186.0
2022-12-16,180.69,180.73,180.68,180.7,111610289.0,GOOGL,174.38150000000002,170.1546,154.62075,174.38150000000002,188.83726377490558,159.92573622509445,0.010230893945323283,0.2838365896980475,76.43898695318492,3.6903975351641805,3.31675597414561,0.3736415610185704,2.537857142857141,338270475.0
2022-12-19,182.45,182.61,181.44,182.18,76783630.0,GOOGL,175.59949999999998,170.38479999999998,154.7004,175.59949999999998,188.16064388857797,163.038356111422,0.00819037078029905,0.2943516873889891,74.98981670061097,3.743525776262402,3.4021099345689687,0.3414158416934332,2.429285714285714,415054105.0
2022-12-20,178.93,178.97,178.84,178.87,67792354.0,GOOGL,176.3835,170.5218,154.78105,176.3835,187.56500215876224,165.20199784123776,-0.018168844000439166,0.2708348134991134,59.6153846153846,3.478443620128388,3.4173766716808527,0.06106694844753546,2.306428571428571,347261751.0
2022-12-21,183.06,184.19,181.65,182.3,98052733.0,GOOGL,177.22,170.775,154.89625,177.22,187.45874992370122,166.98125007629878,0.019175937831944934,0.29520426287744383,56.86900958466456,3.5047360206487213,3.4348485414744268,0.0698874791742945,2.2971428571428567,445314484.0
2022-12-22,185.39,185.58,184.67,185.11,88426850.0,GOOGL,178.09,171.1852,155.03799999999998,178.09,187.87318643603402,168.306813563966,0.015414152495885958,0.3151687388987583,62.0984139894266,3.709555012274052,3.489789835634352,0.21976517663969997,2.4671428571428584,533741334.0
2022-12-23,184.69,185.2,184.28,184.99,116544562.0,GOOGL,178.98250000000002,171.5988,155.2023,178.98250000000002,187.7652866936048,170.19971330639524,-0.0006482631948571127,0.31431616341030355,61.42214957090313,3.81817895144178,3.5554676587958376,0.2627112926459425,2.5135714285714283,417196772.0
2022-12-26,180.16,180.54,179.8,180.39,57882970.0,GOOGL,179.656,171.96899999999997,155.33565000000002,179.656,186.36510583108748,172.94689416891254,-0.0248662089842695,0.2816341030195397,49.58707360861756,3.4928195994912414,3.5429380469349185,-0.050118447443677105,2.7535714285714294,359313802.0
2022-12-27,175.92,176.14,175.67,176.04,79218174.0,GOOGL,179.9625,172.27900000000002,155.434,179.9625,185.19437749334446,174.73062250665555,-0.024114418759354717,0.2507282415630565,44.13550655161392,2.851095667342065,3.404569571016348,-0.5534739036742828,2.926428571428571,280095628.0
2022-12-28,177.61,177.62,177.6,177.61,96212391.0,GOOGL,180.12449999999998,172.59760000000003,155.52505000000002,180.12449999999998,184.79811901923378,175.4508809807662,0.008918427630084214,0.26188277087033907,50.675453047775996,2.4410715533523444,3.2118699674835476,-0.7707984141312032,2.854285714285715,376308019.0
2022-12-29,175.8,175.86,175.63,175.78,28764654.0,GOOGL,179.949,172.8638,155.61675,179.949,185.0027152566046,174.89528474339542,-0.010303473903496507,0.24888099467140457,46.751188589540405,1.946026204176917,2.958701214822222,-1.0126750106453049,2.9300000000000006,347543365.0
2022-12-30,173.85,175.49,172.61,174.85,62159423.0,GOOGL,179.7335,173.0982,155.6988,179.7335,185.2730925177993,174.19390748220067,-0.0052907042894527745,0.24227353463588042,42.37894052648687,1.461805190387878,2.659322009935353,-1.197516819547475,3.028571428571429,285383942.0
2023-01-02,170.83,170.98,170.66,170.93,48356411.0,GOOGL,179.31,173.16260000000003,155.761,179.31,186.10886987513706,172.51113012486294,-0.022419216471260994,0.21442273534636014,33.93347574000613,0.7530644509190836,2.278070498132099,-1.5250060472130156,2.9842857142857144,237027531.0
2023-01-03,174.08,174.59,173.13,173.78,21170389.0,GOOGL,178.96800000000002,173.25599999999997,155.82635,178.96800000000002,186.16584353671604,171.770156463284,0.01667349207277824,0.2346714031971593,39.48558507631432,0.416551741068389,1.9057667467193573,-1.4892150056509683,3.1857142857142855,258197920.0
2023-01-04,166.25,167.33,166.18,167.24,40094301.0,GOOGL,178.34449999999998,173.03440000000003,155.8517,178.34449999999998,187.2334392535176,169.45556074648238,-0.0376337898492346,0.18820603907637778,35.30452362901191,-0.3735542480290803,1.4499025477696699,-1.8234567957987502,3.48,218103619.0
2023-01-05,167.0,167.33,166.96,167.12,113869148.0,GOOGL,177.84050000000002,172.7982,155.87480000000002,177.84050000000002,188.0479492406327,167.63305075936734,-0.0007175316909830975,0.18735346358792304,32.06550449022721,-0.9978987779712156,0.9603422826214929,-1.9582410605927085,3.37357142857143,104234471.0
2023-01-06,167.35,169.69,166.22,168.34,77626651.0,GOOGL,177.36599999999999,172.6148,155.93405,177.36599999999999,188.42249111561006,166.3095088843899,0.00730014360938247,0.1960213143872125,31.595744680851084,-1.3783635945586923,0.49260110718545597,-1.8709647017441482,3.4849999999999994,181861122.0
2023-01-09,171.05,171.1,170.01,170.43,63879235.0,GOOGL,176.9105,172.5788,156.00619999999998,176.9105,188.33439642257727,165.48660357742276,0.01241534988713311,0.2108703374777985,38.400219901044544,-1.4940170708644303,0.09527747157547872,-1.589294542439909,3.443571428571427,245740357.0
2023-01-10,172.92,175.54,171.0,172.11,78090447.0,GOOGL,176.44299999999998,172.66620000000003,156.08485,176.44299999999998,187.84822890238843,165.03777109761154,0.009857419468403572,0.22280639431616445,35.287323130233915,-1.4335858392422836,-0.21049519058807376,-1.22309064865421,3.4285714285714266,323830804.0
2023-01-11,167.47,168.48,166.65,167.95,38573982.0,GOOGL,175.7795,172.6088,156.1534,175.7795,187.55264602680634,164.00635397319368,-0.024170588577072993,0.19325044404973424,26.153418565869956,-1.7017541239914067,-0.5087469772687404,-1.1930071467226662,3.5842857142857127,285256822.0
2023-01-12,168.05,169.31,165.99,166.59,79396758.0,GOOGL,175.1655,172.4792,156.21914999999998,175.1655,187.52620935624475,162.80479064375527,-0.008097648109556377,0.1835879218472476,25.282106394411628,-2.0009543000884094,-0.8071884418326742,-1.1937658582557351,3.7557142857142845,205860064.0
2023-01-13,164.09,164.76,164.03,164.15,37232661.0,GOOGL,174.338,172.3064,156.2925,174.338,187.33803497971306,161.33796502028693,-0.014646737499249607,0.1662522202486687,26.83970336565892,-2.4072113691092625,-1.127193027287992,-1.2800183418212705,3.567857142857142,168627403.0
2023-01-16,160.33,160.34,160.3,160.33,100277307.0,GOOGL,173.24550000000002,172.07199999999997,156.35139999999998,173.24550000000002,187.11413401614448,159.37686598385557,-0.023271398111483377,0.1391119005328605,27.2516652186505,-3.0028006810872796,-1.5023145580478496,-1.50048612303943,3.5057142857142845,68350096.0
2023-01-17,154.36,155.12,153.88,154.72,80536443.0,GOOGL,172.038,171.78580000000002,156.37460000000002,172.038,187.90593071774728,156.17006928225274,-0.03499033243934391,0.09925399644760291,20.326678765880217,-3.8827319006588255,-1.978398026570045,-1.9043338740887805,3.8535714285714278,-12186347.0
2023-01-18,155.83,156.94,155.1,156.23,38101872.0,GOOGL,170.7345,171.5404,156.37385,170.7345,187.31991080525327,154.14908919474672,0.009759565667011305,0.10998223801065787,24.44444444444443,-4.407433204874053,-2.464205062230847,-1.943228142643206,3.8707142857142833,25915525.0
2023-01-19,159.86,160.03,159.82,159.95,21652328.0,GOOGL,169.4765,171.3604,156.40735,169.4765,185.26863298483093,153.68436701516904,0.023811047814120245,0.1364120781527538,31.846978557504855,-4.4715446745027805,-2.865672984685234,-1.6058716898175467,3.915714285714285,47567853.0
2023-01-20,158.42,158.59,157.22,158.15,57920683.0,GOOGL,168.1345,171.28,156.4321,168.1345,182.90439181445078,153.36460818554923,-0.01125351672397612,0.12362344582593332,33.58170606372043,-4.6144064279212955,-3.2154196733324465,-1.398986754588849,3.8114285714285705,-10352830.0
2023-01-23,160.95,162.0,160.59,160.61,35055065.0,GOOGL,167.14550000000003,171.2012,156.4837,167.14550000000003,181.08574461765468,153.20525538234537,0.015554852987669898,0.1411012433392549,32.90942123021024,-4.477510007631821,-3.467837740192322,-1.0096722674394991,3.824999999999999,24702235.0
2023-01-24,162.58,162.61,162.25,162.36,102577531.0,GOOGL,166.4615,171.2902,156.5453,166.4615,179.89751801130257,153.02548198869744,0.010895959155718726,0.15353463587921934,42.76822762299941,-4.179628082816635,-3.610195808717185,-0.5694322740994497,3.4249999999999994,127279766.0
2023-01-25,159.79,160.28,159.28,159.46,95492620.0,GOOGL,165.55400000000003,171.2992,156.5956,165.55400000000003,178.2509708778798,152.85702912212025,-0.017861542251786156,0.13293072824156393,39.51259583789705,-4.12995275046498,-3.714147197066744,-0.4158055533982363,3.6185714285714283,31787146.0
2023-01-26,159.34,159.93,159.0,159.13,109816713.0,GOOGL,164.7215,171.30380000000002,156.63165,164.7215,176.76176276160368,152.6812372383963,-0.0020694845102220416,0.1305861456483135,37.075498175694634,-4.070293128246817,-3.7853763833027587,-0.2849167449440584,3.4371428571428573,-78029567.0
2023-01-27,159.68,160.52,158.92,159.29,106971988.0,GOOGL,163.9435,171.29240000000001,156.65355,163.9435,175.21439082548653,152.67260917451347,0.0010054672280526145,0.13172291296625316,33.471810089020764,-3.964402619349471,-3.8211816305121014,-0.14322098883736967,3.3542857142857168,28942421.0
2023-01-30,161.76,161.9,161.6,161.68,65004910.0,GOOGL,163.48100000000002,171.3696,156.68475,163.48100000000002,174.29464420778982,152.66735579221023,0.015004080607696757,0.14870337477797624,34.844521941296136,-3.6456063218446957,-3.7860665687786206,0.1404602469339249,3.17571428571429,93947331.0
2023-01-31,161.4,162.85,160.63,162.06,90955782.0,GOOGL,162.895,171.347,156.71945,162.895,172.56886821885752,153.2211317811425,0.0023503216229590063,0.15140319715808293,40.38524322559584,-3.3239783813854444,-3.6936489312999856,0.3696705499145412,2.9442857142857184,184903113.0
2023-02-01,155.35,157.75,154.3,156.45,117685248.0,GOOGL,162.3555,171.16459999999998,156.70755,162.3555,172.21088052351035,152.50011947648966,-0.03461680858941141,0.11154529307282535,35.464449541284395,-3.481631950753439,-3.6512455351906765,0.16961358443723773,3.261428571428575,67217865.0
2023-02-02,162.0,162.76,161.98,162.21,77713195.0,GOOGL,162.10999999999999,171.0546,156.72144999999998,162.10999999999999,171.7068832659922,152.51311673400778,0.036816874400767086,0.15246891651865146,47.4607329842932,-3.105985807657106,-3.5421935896839627,0.4362077820268566,3.529285714285718,144931060.0
2023-02-03,163.51,163.53,163.48,163.5,40834345.0,GOOGL,161.868,170.9818,156.71744999999999,161.868,171.03801658725618,152.6979834127438,0.00795265396707956,0.1616341030195394,54.443509952340875,-2.6733743188191568,-3.3684297355110018,0.695055416691845,3.3485714285714323,185765405.0
2023-02-06,161.64,163.86,159.72,160.28,111878144.0,GOOGL,161.3605,170.849,156.72405,161.3605,169.61291903928935,153.10808096071065,-0.01969418960244651,0.13875666074600468,58.35336538461539,-2.5608339863242406,-3.2069105856736497,0.6460765993494091,3.1835714285714323,73887261.0
2023-02-07,155.34,155.7,155.33,155.39,115060293.0,GOOGL,160.52450000000002,170.5586,156.67770000000002,160.52450000000002,167.47702615960716,153.57197384039287,-0.03050910905914661,0.10401420959147512,48.85433715220949,-2.833563537944201,-3.1322411761277604,0.2986776381835594,3.3785714285714312,-41173032.0
2023-02-08,152.6,152.83,152.55,152.71,76637014.0,GOOGL,159.7625,170.1254,156.62795,159.7625,166.6284215657759,152.89657843422407,-0.01724692708668496,0.08497335701598674,39.83717012914097,-3.2287383884960548,-3.1515406186014197,-0.07719776989463512,3.31,-117810046.0
2023-02-09,151.95,152.33,151.5,151.67,27813673.0,GOOGL,159.0165,169.57299999999998,156.59050000000002,159.0165,166.000129805708,152.032870194292,-0.006810294021347807,0.07758436944937919,40.70567986230636,-3.5845165376350394,-3.238135802408144,-0.3463807352268953,3.201428571428573,-145623719.0
2023-02-10,149.62,149.64,149.59,149.64,61325263.0,GOOGL,158.291,168.98260000000002,156.54345,158.291,166.00566928035644,150.57633071964355,-0.013384321223709361,0.06316163410302034,34.06912576241649,-3.984348232400521,-3.3873782884066195,-0.5969699439939014,3.0750000000000006,-206948982.0
2023-02-13,148.19,148.32,148.1,148.25,50477460.0,GOOGL,157.68699999999998,168.3596,156.5078,157.68699999999998,166.53744655430086,148.8365534456991,-0.009288960171077165,0.053285968028420116,29.29263281479308,-4.3630841957364055,-3.582519469872577,-0.7805647258638286,3.0421428571428573,-257426442.0
2023-02-14,143.03,146.71,139.91,145.25,24077612.0,GOOGL,157.2135,167.65220000000002,156.44815,157.2135,167.61047582548875,146.81652417451127,-0.0202360876897133,0.031971580817052425,29.206906643254328,-4.849409133441327,-3.835897402586327,-1.013511730855,3.4178571428571423,-281504054.0
2023-02-15,146.76,146.94,146.53,146.9,58421774.0,GOOGL,156.747,166.996,156.4039,156.747,168.1211148412111,145.37288515878893,0.0113597246127366,0.04369449378330459,32.76979430825588,-5.0435450916609454,-4.077426940401251,-0.9661181512596944,3.472142857142856,-223082280.0
2023-02-16,144.19,144.32,143.57,143.85,106236613.0,GOOGL,155.942,166.329,156.33975,155.942,168.57131193691887,143.31268806308114,-0.020762423417290732,0.022024866785080643,29.88535695674834,-5.381474459591885,-4.338236444239378,-1.0432380153525074,3.595714285714284,-329318893.0
2023-02-17,146.14,146.95,144.96,145.43,83949803.0,GOOGL,155.30599999999998,165.68099999999998,156.29865,155.30599999999998,168.72366063224524,141.88833936775472,0.010983663538408184,0.03325044404973432,28.373702422145357,-5.458866705582295,-4.562362496507962,-0.8965042090743331,3.6307142857142827,-245369090.0
2023-02-20,147.49,147.82,147.19,147.43,87167238.0,GOOGL,154.647,165.0388,156.2708,154.647,168.261025430454,141.03297456954598,0.013752320704118803,0.04746003552397937,31.334524113294236,-5.297748189414307,-4.709439635089232,-0.5883085543250752,3.642857142857139,-158201852.0
2023-02-21,143.0,143.05,142.98,143.02,58174429.0,GOOGL,153.68,164.27,156.21929999999998,153.68,167.7277981042916,139.63220189570842,-0.029912500847860013,0.01612788632326878,32.32429586733356,-5.46293740678226,-4.860139189427837,-0.6027982173544224,3.4064285714285694,-216376281.0
2023-02-22,142.23,142.79,141.59,141.7,38500217.0,GOOGL,152.79199999999997,163.4796,156.16389999999998,152.79199999999997,167.52977188044332,138.05422811955663,-0.009229478394630286,0.006749555950266828,19.433681073025355,-5.635402606637115,-5.015191872869693,-0.6202107337674221,3.057857142857141,-254876498.0
2023-02-23,144.15,144.33,144.03,144.31,68874437.0,GOOGL,152.051,162.7884,156.0971,152.051,166.93653929154004,137.16546070845993,0.018419195483415862,0.025293072824156937,22.483510180671118,-5.498098673684211,-5.111773233032597,-0.3863254406516141,3.1514285714285717,-186002061.0
2023-02-24,145.11,145.72,144.58,144.79,40566915.0,GOOGL,151.326,162.0702,156.0233,151.326,166.139280527958,136.512719472042,0.003326172822396112,0.028703374777975688,25.894802365390632,-5.289577373807333,-5.147334061187545,-0.1422433126197884,2.9564285714285705,-145435146.0
2023-02-27,147.32,147.35,147.32,147.33,91933811.0,GOOGL,150.6085,161.3732,155.9588,150.6085,164.6818017485322,136.5351982514678,0.017542647972926373,0.046749555950267085,36.467427803895305,-4.863304818361826,-5.090528212622401,0.2272233942605757,2.7857142857142856,-53501335.0
2023-02-28,150.42,150.59,150.34,150.55,114134272.0,GOOGL,150.033,160.8068,155.94,150.033,163.03516354465975,137.03083645534022,0.021855698092716924,0.06962699822380158,46.43799472295517,-4.217042220011507,-4.915831014100223,0.6987887940887161,2.8157142857142867,60632937.0
2023-03-01,146.69,147.2,146.68,147.19,72410525.0,GOOGL,149.57,160.1046,155.8984,149.57,162.26591397178316,136.87408602821682,-0.02231816672201936,0.04575488454706966,43.137254901960816,-3.930687851275394,-4.718802381535257,0.7881145302598629,3.0057142857142867,-11777588.0
2023-03-02,146.07,146.16,145.89,145.93,54632092.0,GOOGL,148.756,159.321,155.8311,148.756,160.04980528850683,137.46219471149317,-0.008560364155173472,0.036802841918295304,44.179479133981836,-3.762054794843664,-4.527452864196938,0.7653980693532745,2.950000000000003,-66409680.0
2023-03-03,146.43,147.04,146.22,146.81,30313901.0,GOOGL,147.9215,158.5574,155.77904999999998,147.9215,156.84617018408528,138.99682981591474,0.0060302884944836155,0.0430550621669632,47.70408163265307,-3.5168630293219962,-4.32533489722195,0.8084718678999536,2.9192857142857167,-36095779.0
2023-03-06,146.31,147.69,144.53,146.0,95945831.0,GOOGL,147.2075,157.8696,155.7259,147.2075,153.9991353351955,140.41586466480453,-0.005517335331380657,0.037300177619894015,51.285567363729854,-3.3492983921831296,-4.130127596214186,0.7808292040310567,2.549285714285716,-132041610.0
2023-03-07,146.86,147.41,146.66,147.0,112306108.0,GOOGL,146.788,157.28879999999998,155.725,146.788,152.38254847432188,141.19345152567814,0.006849315068493178,0.04440497335701665,50.17531556802243,-3.1000748343998907,-3.9241170438513273,0.8240422094514366,2.529285714285716,-19735502.0
2023-03-08,150.2,151.69,149.92,151.33,26108157.0,GOOGL,146.719,156.76319999999998,155.76395,146.719,152.03302474094036,141.40497525905963,0.029455782312925338,0.07516873889875741,62.5503355704698,-2.524072618650621,-3.644108158811186,1.1200355401605653,2.6264285714285722,6372655.0
2023-03-09,150.11,151.36,149.62,150.73,35725236.0,GOOGL,146.672,156.2622,155.82965000000002,146.672,151.81554209306344,141.52845790693655,-0.003964845040639764,0.0709058614564837,59.19500346981258,-2.0918877189194234,-3.3336640708328336,1.2417763519134102,2.529285714285716,-29352581.0
2023-03-10,150.38,151.54,149.92,151.41,80528145.0,GOOGL,146.7605,155.7934,155.8972,146.7605,152.17294365474115,141.34805634525887,0.004511377960591867,0.07573712255772702,57.23636363636359,-1.6751971254671503,-3.0019706817596967,1.3267735562925465,2.4742857142857173,51175564.0
2023-03-13,149.5,151.27,147.5,151.03,109722856.0,GOOGL,146.89950000000002,155.3954,155.96475,146.89950000000002,152.60771559360865,141.1912844063914,-0.0025097417607820027,0.07303730017762033,67.06433745206638,-1.359952961076118,-2.6735671376229813,1.3136141765468632,2.4357142857142873,-58547292.0
2023-03-14,144.81,144.85,144.78,144.83,94914107.0,GOOGL,146.8785,154.8164,156.00265000000002,146.8785,152.61528536427397,141.14171463572603,-0.04105144673243721,0.028987566607460602,55.52028218694889,-1.5920556475381034,-2.457264839606006,0.8652091920679026,2.780000000000001,-153461399.0
2023-03-15,141.97,142.59,141.67,142.41,96405596.0,GOOGL,146.654,154.31980000000001,156.0343,146.654,152.7287082234423,140.57929177655768,-0.01670924532210183,0.011793960923623947,46.62642045454545,-1.9488078304067642,-2.3555734377661577,0.4067656073593935,2.817857142857144,-249866995.0
2023-03-16,141.48,142.13,141.35,141.8,106743944.0,GOOGL,146.5515,153.8134,156.0489,146.5515,152.88891861776537,140.21408138223464,-0.004283407064110567,0.007460035523979336,44.71544715447159,-2.2547668588034924,-2.335412121973625,0.08064526317013243,2.7928571428571445,-356610939.0
2023-03-17,140.47,140.51,140.46,140.5,50705333.0,GOOGL,146.305,153.2566,156.07395,146.305,153.18626824295745,139.42373175704256,-0.009167842031029716,-0.0017761989342800488,37.37523105360443,-2.5724867031735528,-2.3828270382136103,-0.18965966495994246,2.7057142857142873,-407316272.0
2023-03-20,141.96,143.32,141.51,142.73,26072118.0,GOOGL,146.07,152.7026,156.11105,146.07,153.10871698834808,139.0312830116519,0.015871886120996326,0.01406749555950304,34.99616270145815,-2.61420468148998,-2.4291025668688846,-0.18510211462109538,2.674285714285716,-381244154.0
2023-03-21,145.39,145.96,145.25,145.81,46156574.0,GOOGL,146.2095,152.1766,156.15535,146.2095,153.1027872763029,139.31621272369708,0.02157920549288872,0.03595026642984056,47.32350659425913,-2.371400195196685,-2.4175620925344448,0.04616189733775977,2.6285714285714312,-335087580.0
2023-03-22,143.79,143.8,143.77,143.78,48412566.0,GOOGL,146.3135,151.69320000000002,156.1918,146.3135,152.97933204424334,139.64766795575667,-0.01392222755640904,0.02152753108348171,45.95103578154425,-2.3160815783550106,-2.397265989698558,0.08118441134354759,2.681428571428573,-383500146.0
2023-03-23,146.84,146.95,146.77,146.84,71074919.0,GOOGL,146.44,151.2982,156.24465,146.44,153.0414575742952,139.8385424257048,0.021282514953401055,0.04326820603907677,50.05221023320572,-2.0022441255205763,-2.3182616168629617,0.31601749134238544,2.82857142857143,-312425227.0
2023-03-24,144.72,145.3,144.47,145.3,37051365.0,GOOGL,146.46550000000002,150.9212,156.3009,146.46550000000002,153.04402159042945,139.8869784095706,-0.010487605557068846,0.03232682060390801,48.81194840461645,-1.8563914872540295,-2.2258875909411753,0.3694961036871458,2.7721428571428595,-349476592.0
2023-03-27,146.17,146.17,146.17,146.17,41714879.0,GOOGL,146.40749999999997,150.638,156.36585000000002,146.40749999999997,152.9743734048819,139.84062659511804,0.005987611837577234,0.038507992895204346,48.5850664848278,-1.6515623092702185,-2.111022534606984,0.45946022533676567,2.7335714285714294,-307761713.0
2023-03-28,145.05,145.15,144.97,145.0,100636259.0,GOOGL,146.13,150.4436,156.41525,146.13,152.42316755654033,139.83683244345966,-0.008004378463432937,0.030195381882770933,37.90599923576611,-1.5655957190063248,-2.0019371714868526,0.4363414524805278,2.4842857142857144,-408397972.0
2023-03-29,141.13,141.18,141.0,141.09,65274004.0,GOOGL,145.825,150.1408,156.47225,145.825,152.48258451534042,139.16741548465956,-0.0269655172413793,0.0024156305506217723,33.649932157394844,-1.7923102626000684,-1.960011789709496,0.16770152710942754,2.645714285714285,-473671976.0
2023-03-30,137.81,139.59,136.48,138.87,69987405.0,GOOGL,145.472,149.7192,156.5201,145.472,152.81910999394387,138.12489000605615,-0.015734637465447565,-0.01335701598579031,29.787234042553166,-2.1266044461837907,-1.993330321004355,-0.13327412517943582,2.8592857142857144,-543659381.0
2023-03-31,134.31,134.32,134.25,134.27,112048437.0,GOOGL,144.84499999999997,149.2416,156.55235000000002,144.84499999999997,153.69744063877903,135.9925593612209,-0.03312450493267083,-0.04603907637655402,26.220204313280334,-2.7312326020264663,-2.140910777208777,-0.5903218248176891,2.9100000000000006,-655707818.0
2023-04-03,135.54,136.87,134.44,136.44,24605415.0,GOOGL,144.367,148.7582,156.59625,144.367,153.9584152405021,134.7755847594979,0.016161465703433242,-0.030621669626998194,36.55879525793011,-3.000713549173554,-2.3128713316017326,-0.6878422175718213,2.6492857142857145,-631102403.0
2023-04-04,140.04,140.36,139.99,140.15,62826768.0,GOOGL,144.0245,148.31400000000002,156.6359,144.0245,153.70879759972013,134.34020240027985,0.02719143946056879,-0.004262877442273494,46.52307692307693,-2.881694763614462,-2.4266360180042783,-0.45505874561018356,2.7035714285714283,-568275635.0
2023-04-05,143.89,144.03,141.26,142.69,38526152.0,GOOGL,143.5925,147.9786,156.69404999999998,143.5925,152.65555136253477,134.52944863746524,0.018123439172315292,0.013783303730017682,51.29247749056054,-2.55298551836313,-2.451905918076049,-0.10107960028708085,2.904999999999999,-529749483.0
2023-04-06,141.68,141.88,141.56,141.81,107663924.0,GOOGL,143.1465,147.6322,156.72815,143.1465,151.58718910880623,134.70581089119378,-0.0061672156423014934,0.007531083481349787,51.92590414583947,-2.336555363042436,-2.4288358070693263,0.0922804440268905,2.8899999999999983,-637413407.0
2023-04-07,143.68,144.59,142.86,143.8,112789177.0,GOOGL,142.76600000000002,147.3224,156.75719999999998,142.76600000000002,150.27264098963767,135.25935901036237,0.01403286087017852,0.021669626998223723,51.58424637252003,-1.9816137272437118,-2.3393913911042032,0.3577776638604915,2.887142857142856,-524624230.0
2023-04-10,137.98,138.7,137.76,138.2,57337660.0,GOOGL,142.12449999999998,146.8528,156.7577,142.12449999999998,148.8049521592904,135.44404784070957,-0.03894297635605026,-0.01811722912966285,39.51501791127029,-2.127666705153615,-2.297046453914086,0.16937974876047068,3.087857142857142,-581961890.0
2023-04-11,141.36,141.91,140.92,141.05,33710895.0,GOOGL,141.9355,146.4326,156.77110000000002,141.9355,148.506656991768,135.36434300823197,0.02062228654124465,0.002131438721136414,46.321746160064684,-1.9904983350812415,-2.235736830147517,0.2452384950662756,3.2071428571428577,-548250995.0
2023-04-12,145.97,146.56,145.8,146.3,96112298.0,GOOGL,142.13,146.2296,156.8081,142.13,148.98446608154816,135.27553391845183,0.037220843672456594,0.03943161634102976,49.31297709923665,-1.4415430783569718,-2.0768980797894083,0.6353550014324365,3.374285714285715,-452138697.0
2023-04-13,148.51,148.54,147.95,148.27,116455623.0,GOOGL,142.4535,145.9508,156.8663,142.4535,149.83299156713466,135.07400843286533,0.013465481886534514,0.05342806394316124,53.73772967530833,-0.8378710900019826,-1.8290926818319233,0.9912215918299407,3.364999999999999,-335683074.0
2023-04-14,146.67,146.98,146.38,146.78,116707548.0,GOOGL,142.76749999999998,145.6164,156.90834999999998,142.76749999999998,150.32918701588838,135.2058129841116,-0.01004923450462003,0.04284191829484851,50.75588599752171,-0.4742207163335195,-1.5581182887322427,1.0838975723987232,3.4378571428571445,-452390622.0
2023-04-17,149.39,149.71,148.82,149.26,106617088.0,GOOGL,143.094,145.39600000000002,156.97115,143.094,151.1936410576703,134.99435894232968,0.016896034882136535,0.06046181172291254,55.11281805088813,0.013929527609946035,-1.243708725463805,1.257638253073751,3.5614285714285745,-345773534.0
2023-04-18,149.58,149.62,149.05,149.45,26238874.0,GOOGL,143.276,145.2772,157.03425000000001,143.276,151.78580214996336,134.76619785003666,0.001272946536245545,0.061811722912965994,61.01739588824457,0.4113813765387988,-0.9126907050632844,1.3240720816020832,3.316428571428574,-319534660.0
2023-04-19,145.56,146.37,145.54,146.36,23367809.0,GOOGL,143.40500000000003,145.1502,157.11180000000002,143.40500000000003,152.02448465915546,134.7855153408446,-0.020675811308129677,0.039857904085257356,59.649574851842324,0.4715914419213334,-0.6358342756663609,1.1074257175876943,3.266428571428573,-342902469.0
2023-04-20,142.67,142.96,142.11,142.41,92962944.0,GOOGL,143.1835,144.965,157.1808,143.1835,151.657773823877,134.70922617612302,-0.026988248155233818,0.01179396092362306,60.66561844863729,0.19829059352395006,-0.46900930182829864,0.6672998953522487,3.240000000000001,-435865413.0
2023-04-21,142.0,142.13,141.38,141.77,71816038.0,GOOGL,143.007,144.8076,157.23955,143.007,151.4426214633911,134.5713785366089,-0.004494066427919274,0.007246891651864651,57.275457275457285,-0.06914785571646576,-0.3890370126059321,0.31988915688946634,3.1278571428571444,-507681451.0
2023-04-24,141.85,141.87,141.81,141.86,84232868.0,GOOGL,142.7915,144.6798,157.31324999999998,142.7915,151.10624093655628,134.47675906344375,0.0006348310644002098,0.00788632326820582,52.59012420478643,-0.2707119073353681,-0.3653719915518193,0.09466008421645122,2.855,-423448583.0
2023-04-25,134.45,134.77,133.81,134.56,25868145.0,GOOGL,142.26950000000002,144.466,157.34605,142.26950000000002,151.28202105625343,133.25697894374662,-0.05145918511208236,-0.04397868561278884,39.23749007148532,-1.0078836069532144,-0.4938743146320984,-0.514009292321116,3.152857142857144,-449316728.0
2023-04-26,142.36,142.6,142.34,142.42,22625365.0,GOOGL,142.336,144.37640000000002,157.42455,142.336,151.3314875237205,133.3405124762795,0.05841260404280613,0.011865008880994399,50.68156424581004,-0.9469453817882538,-0.5844885280633295,-0.3624568537249243,3.6464285714285722,-426691363.0
2023-04-27,141.33,142.03,140.67,141.18,34424019.0,GOOGL,142.4515,144.323,157.48415,142.4515,151.31800295983598,133.58499704016404,-0.00870664232551599,0.0030550621669624967,47.022727272727266,-0.9873277366386048,-0.6650563697783847,-0.3222713668602202,3.5728571428571434,-461115382.0
2023-04-28,143.99,146.44,142.44,144.87,114656404.0,GOOGL,142.9815,144.3118,157.54585,142.9815,151.01714237761942,134.9458576223806,0.026136846578835415,0.029271758436944628,57.92349726775959,-0.7133557612462766,-0.6747162480719631,-0.03863951317431358,3.5171428571428556,-346458978.0
2023-05-01,145.38,145.69,144.23,144.97,75525405.0,GOOGL,143.40800000000002,144.2626,157.60555,143.40800000000002,150.86651290384248,135.94948709615755,0.0006902740387932926,0.029982238010656692,54.982206405693944,-0.4825987348135925,-0.6362927454202889,0.1536940106066964,3.35642857142857,-270933573.0
2023-05-02,149.09,149.51,148.57,148.67,103574998.0,GOOGL,143.834,144.3756,157.68380000000002,143.834,151.47990402902082,136.1880959709792,0.02552252190108284,0.05626998223800994,53.13575019846518,-0.0011497968983746887,-0.5092641557159061,0.5081143588175314,3.287142857142856,-167358575.0
2023-05-03,155.3,155.41,154.59,155.29,119303472.0,GOOGL,144.464,144.6474,157.7945,144.464,153.63692905065597,135.29107094934403,0.04452814959305851,0.10330373001776127,58.270499528746456,0.9041580581280755,-0.22657971294710977,1.1307377710751854,3.6085714285714294,-48055103.0
2023-05-04,153.1,153.84,152.62,153.62,48302984.0,GOOGL,145.05450000000002,144.8336,157.89700000000002,145.05450000000002,154.9963551165185,135.11264488348155,-0.010754073024663469,0.09143872113676665,58.02440168934774,1.4699216703780849,0.11272056371792916,1.3572011066601557,3.6642857142857133,-96358087.0
2023-05-05,152.7,152.86,151.93,152.59,99616185.0,GOOGL,145.494,144.9896,157.97835,145.494,155.96540547546178,135.02259452453822,-0.006704856138523674,0.08412078152753044,54.04420694680595,1.8142672734756218,0.4530299056694677,1.361237367806154,3.575714285714284,-195974272.0
2023-05-08,154.68,154.73,154.18,154.43,53542850.0,GOOGL,146.3055,145.1316,158.0346,146.3055,156.9115369601447,135.6994630398553,0.012058457303886216,0.09719360568383584,55.8150397010743,2.2101589309056067,0.8044557107166956,1.405703220188911,3.6878571428571405,-142431422.0
2023-05-09,157.32,157.58,157.16,157.48,98901482.0,GOOGL,147.127,145.2702,158.12505000000002,147.127,158.5340155698362,135.7199844301638,0.01975004856569318,0.11886323268205956,62.99672744273023,2.738448304323356,1.1912542294380277,1.5471940748853281,3.6335714285714267,-43529940.0
2023-05-10,159.11,159.39,157.7,158.19,109464194.0,GOOGL,147.72150000000002,145.49020000000002,158.23325,147.72150000000002,160.1414114752318,135.30158852476825,0.0045085090170180475,0.12390763765541668,69.95447647951445,3.177781023618479,1.5885595882741181,1.589221435344361,3.4664285714285694,65934254.0
2023-05-11,157.2,158.02,157.06,157.7,25039034.0,GOOGL,148.193,145.7256,158.32025,148.193,161.3921293173757,134.99387068262433,-0.003097540931790932,0.12042628774422659,70.22086824067021,3.446685222227245,1.9601847150647438,1.4865005071625013,3.473571428571426,40895220.0
2023-05-12,153.03,153.62,152.92,153.32,68339654.0,GOOGL,148.52,145.8558,158.40125,148.52,161.89461696450908,135.14538303549094,-0.027774254914394447,0.0893072824156298,63.11813186813186,3.2686849764395163,2.2218847673396986,1.0468002090998176,3.807857142857141,-27444434.0
2023-05-15,152.77,153.88,152.59,153.61,22979633.0,GOOGL,148.7375,146.008,158.50235,148.7375,162.3029062736207,135.17209372637933,0.0018914688233759858,0.09136767317939531,75.97491137169352,3.115110026304535,2.4005298191326663,0.7145802071718688,3.3249999999999966,-4464801.0
2023-05-16,149.99,150.62,149.7,150.48,24432602.0,GOOGL,148.789,146.0776,158.55945,148.789,162.3736025841166,135.20439741588336,-0.020376277586094838,0.06912966252220154,62.617407639323744,2.7096013328790605,2.4623441218819453,0.24725721099711517,3.029999999999999,-28897403.0
2023-05-17,150.5,150.53,150.48,150.52,98766157.0,GOOGL,148.99699999999999,146.06140000000002,158.62045,148.99699999999999,162.55236654263655,135.44163345736342,0.0002658160552899691,0.06941385435168668,65.19193233571892,2.3642073271140305,2.442716762928362,-0.07850943581433167,2.9085714285714284,69868754.0
2023-05-18,154.14,154.28,154.07,154.19,57948474.0,GOOGL,149.58599999999998,146.1306,158.7031,149.58599999999998,162.9587380182681,136.21326198173188,0.024382141908052102,0.09548845470692657,65.16927083333331,2.35942048696063,2.4260575077348157,-0.06663702077418554,2.801428571428571,127817228.0
2023-05-19,155.7,157.55,154.82,155.41,41541409.0,GOOGL,150.268,146.2106,158.7987,150.268,163.35048905980713,137.18551094019287,0.0079123159737986,0.10415630550621624,66.39447236180902,2.426104068185623,2.4260668198249773,3.724836064566972e-05,2.9371428571428573,169358637.0
2023-05-22,155.83,156.88,155.55,156.52,52741292.0,GOOGL,151.001,146.3204,158.8918,151.001,163.7381564206532,138.2638435793468,0.0071423975291167174,0.1120426287744225,63.418803418803435,2.539248138168915,2.448703083493765,0.09054505467515028,2.717857142857144,222099929.0
2023-05-23,151.66,151.72,151.63,151.7,85090974.0,GOOGL,151.858,146.45780000000002,158.97629999999998,151.858,161.97427266494728,141.74172733505273,-0.030794786608740243,0.07779751332149165,43.4608378870674,2.214455051823421,2.401853477159696,-0.18739842533627504,2.5857142857142867,137008955.0
2023-05-24,152.86,153.45,152.54,153.18,95683210.0,GOOGL,152.39600000000002,146.6732,159.04415,152.39600000000002,161.4918993652712,143.30010063472884,0.00975609756097584,0.08831261101243326,49.1929567131328,2.0528142570875048,2.332045633145258,-0.27923137605775317,2.5200000000000022,232692165.0
2023-05-25,152.8,153.83,150.74,151.57,28411514.0,GOOGL,152.9155,146.86860000000001,159.0933,152.9155,160.34912339926436,145.48187660073566,-0.010510510510510551,0.07687388987566579,48.16810344827585,1.7743456656894239,2.220505639654091,-0.44615997396466733,2.6200000000000023,204280651.0
2023-05-26,145.67,145.96,145.54,145.7,101579709.0,GOOGL,152.95700000000002,146.9726,159.1137,152.95700000000002,160.20854096146297,145.70545903853707,-0.03872798047106951,0.03516873889875627,36.303733919046145,1.0676896961816453,1.989942450959602,-0.9222527547779567,2.8978571428571462,102700942.0
2023-05-29,149.56,149.6,149.54,149.58,35714096.0,GOOGL,153.1875,147.1096,159.16115,153.1875,159.6165029512635,146.7584970487365,0.026630061770761992,0.06273534635879185,37.92048929663618,0.8113901223942719,1.754231985246536,-0.9428418628522641,2.951428571428575,138415038.0
2023-05-30,149.33,149.89,148.77,148.85,92181503.0,GOOGL,153.1965,147.1704,159.2033,153.1965,159.5993259385982,146.79367406140176,-0.004880331595133125,0.05754884547069228,35.72738386308076,0.5431053837016862,1.512006664937566,-0.9689012812358799,2.8950000000000022,46233535.0
2023-05-31,148.83,149.14,148.82,149.0,91155025.0,GOOGL,152.882,147.2748,159.2314,152.882,159.46717505661778,146.29682494338223,0.0010077258985556892,0.05861456483126082,36.565781346510285,0.3386873646838069,1.2773428048868145,-0.9386554402030076,2.837142857142859,137388560.0
2023-06-01,150.13,150.75,149.64,150.43,94101949.0,GOOGL,152.7225,147.3466,159.229,152.7225,159.3864702880478,146.0585297119522,0.009597315436241649,0.06877442273534617,45.090044172613034,0.28874518608364497,1.0796232811261808,-0.7908780950425358,2.6207142857142878,231490509.0
2023-06-02,154.29,154.3,152.59,154.25,60478221.0,GOOGL,152.8055,147.52560000000003,159.22275000000002,152.8055,159.50378406934706,146.10721593065293,0.025393870903410276,0.09591474245115439,50.97087378640774,0.5510554998745931,0.9739097248758632,-0.4228542250012701,2.805000000000003,291968730.0
2023-06-05,151.73,152.06,151.52,151.95,51328220.0,GOOGL,152.6815,147.6412,159.1891,152.6815,159.34489023873493,146.01810976126507,-0.014910858995137888,0.07957371225577248,52.2875816993464,0.5668136602535583,0.8924905119514023,-0.325676851697844,2.720714285714286,240640510.0
2023-06-06,156.55,156.81,156.28,156.41,109211545.0,GOOGL,152.628,147.8694,159.1769,152.628,159.14473990177237,146.1112600982276,0.02935176044751575,0.1112611012433391,58.05745554035563,0.9284838581544079,0.8996891811920035,0.028794676962404453,3.0642857142857145,349852055.0
2023-06-07,156.13,156.57,155.77,156.3,104965032.0,GOOGL,152.5335,148.1736,159.14445,152.5335,158.75894278704095,146.30805721295906,-0.0007032798414422503,0.1104795737122557,53.19793876932405,1.192487758411147,0.9582488966358322,0.23423886177531483,2.8528571428571428,244887023.0
2023-06-08,154.0,154.09,153.76,153.82,64896183.0,GOOGL,152.3395,148.4726,159.10505,152.3395,158.11241853580447,146.5665814641955,-0.015866922584772958,0.09285968028419167,47.67883211678833,1.187904059086236,1.004179929125913,0.18372412996032295,2.7942857142857145,179990840.0
2023-06-09,154.17,154.19,154.16,154.18,66964211.0,GOOGL,152.3825,148.8708,159.0619,152.3825,158.19881778976713,146.56618221023285,0.0023403978676375115,0.0954174067495559,46.50746268656717,1.1994934221896756,1.0432426277386655,0.1562507944510101,2.7157142857142866,246955051.0
2023-06-12,152.17,152.56,152.02,152.25,60805037.0,GOOGL,152.3145,149.187,158.9899,152.3145,158.10212190959322,146.5268780904068,-0.012517836295239393,0.08170515097690934,50.89839921594252,1.0409438528583053,1.0427828727625936,-0.0018390199042883637,2.520714285714285,186150014.0
2023-06-13,152.69,152.85,151.14,151.97,68376745.0,GOOGL,152.389,149.42340000000002,158.90619999999998,152.389,158.11522737934695,146.66277262065307,-0.0018390804597701038,0.07971580817051493,47.94287657259434,0.8825253144607075,1.0107313611022164,-0.12820604664150892,2.517857142857143,117773269.0
2023-06-14,155.13,157.4,154.08,156.57,104240653.0,GOOGL,152.69150000000002,149.701,158.85655,152.69150000000002,158.63701498366936,146.74598501633068,0.030269132065539273,0.11239786856127876,57.71604938271602,1.1153025243832815,1.0316455937584295,0.08365693062485202,2.685,222013922.0
2023-06-15,150.7,150.74,150.61,150.68,117352815.0,GOOGL,152.51600000000002,149.8784,158.8028,152.51600000000002,158.4824514711743,146.54954852882574,-0.03761895637733914,0.070550621669627,57.68044417026528,0.8151102811672502,0.9883385312401937,-0.1732282500729435,2.679999999999999,104661107.0
2023-06-16,151.05,151.28,150.85,150.91,45897184.0,GOOGL,152.291,150.0206,158.74195,152.291,158.13609835133886,146.44590164866113,0.001526413591717457,0.07218472468916515,52.31143552311432,0.5889755005145787,0.9084659250950707,-0.31949042458049204,2.444285714285712,150558291.0
2023-06-19,150.8,151.13,150.7,150.89,55156501.0,GOOGL,152.0095,150.27439999999999,158.67865,152.0095,157.53033317510588,146.48866682489412,-0.0001325293221126067,0.07204262877442269,53.6350677120456,0.40349696296036086,0.8074721326681288,-0.4039751697077679,2.395,95401790.0
2023-06-20,149.58,150.43,149.18,149.97,116838138.0,GOOGL,151.923,150.4528,158.59539999999998,151.923,157.51796427719952,146.32803572280048,-0.006097156869242393,0.0655062166962701,51.68227540756157,0.1801904510536474,0.6820157963452326,-0.5018253452915852,2.4942857142857133,-21436348.0
2023-06-21,148.21,148.89,147.67,148.6,81947185.0,GOOGL,151.694,150.49880000000002,158.50415,151.694,157.4450764209824,145.9429235790176,-0.009135160365406403,0.05577264653641212,46.81960375391031,-0.10610599503914386,0.5243914380683573,-0.6304974331075012,2.5335714285714284,-103383533.0
2023-06-22,150.53,150.79,150.45,150.65,75490102.0,GOOGL,151.648,150.5464,158.4293,151.648,157.4179387937993,145.8780612062007,0.01379542395693134,0.07033747779751343,43.33333333333335,-0.16567037878658653,0.38637907469736854,-0.5520494534839551,2.413571428571428,-27893431.0
2023-06-23,148.81,148.94,148.75,148.85,87649943.0,GOOGL,151.8055,150.58780000000002,158.32785,151.8055,157.03883233880683,146.57216766119316,-0.011948224361101989,0.05754884547069272,44.15094339622643,-0.3540393930754817,0.23829538114279852,-0.5923347742182803,2.354285714285715,-115543374.0
2023-06-26,140.56,140.78,140.27,140.27,78132469.0,GOOGL,151.33999999999997,150.408,158.1665,151.33999999999997,158.65074191641307,144.02925808358688,-0.05764192139737978,-0.0034103019538186397,23.644676681907285,-1.1820317616143257,-0.04577004740862631,-1.1362617142056994,2.6199999999999983,-193675843.0
2023-06-27,135.87,136.37,135.6,136.06,88255859.0,GOOGL,150.70049999999998,150.1402,158.0203,150.70049999999998,160.67913079944108,140.72186920055887,-0.030013545305482392,-0.03332149200710477,20.852534562212,-2.1531137396819418,-0.46723878586328943,-1.6858749538186524,2.8964285714285722,-281931702.0
2023-06-28,135.23,135.25,135.2,135.24,35461696.0,GOOGL,150.0125,149.9178,157.89495,150.0125,162.14892256315886,137.87607743684111,-0.0060267529031309275,-0.03914742451154518,21.89957652752574,-2.9548091499664793,-0.9647528586839274,-1.990056291282552,2.7764285714285717,-317393398.0
2023-06-29,137.38,137.79,136.46,137.72,65103622.0,GOOGL,149.377,149.824,157.77974999999998,149.377,162.6949310863596,136.05906891364043,0.018337769890564903,-0.021527531083481266,26.606026151222252,-3.351410293067289,-1.4420843455605998,-1.9093259475066893,2.932142857142856,-252289776.0
2023-06-30,139.28,139.28,139.27,139.27,106271481.0,GOOGL,148.628,149.774,157.6732,148.628,162.46677025263554,134.78922974736443,0.011254719721173423,-0.010515097690941277,31.35057471264369,-3.500298250846356,-1.8537271266177513,-1.6465711242286047,2.8892857142857133,-146018295.0
2023-07-03,133.33,133.37,133.2,133.29,36412106.0,GOOGL,147.695,149.6026,157.53959999999998,147.695,163.02634868925568,132.3636513107443,-0.04293817764055441,-0.053001776198934314,26.938271604938265,-4.05409595849838,-2.293800892993877,-1.7602950655045024,3.200714285714286,-182430401.0
2023-07-04,134.59,134.95,134.38,134.79,78497032.0,GOOGL,146.61399999999998,149.6072,157.40015000000002,146.61399999999998,162.40010501608631,130.82789498391364,0.011253657438667464,-0.04234458259325058,20.882352941176478,-4.322124407986422,-2.699465595992386,-1.622658811994036,2.931428571428571,-103933369.0
2023-07-05,134.39,135.17,134.06,135.11,104020394.0,GOOGL,145.5545,149.461,157.22935,145.5545,161.44741729041445,129.66158270958553,0.002374063357815981,-0.040071047957371264,25.541941564561768,-4.45733616290741,-3.051039709375391,-1.4062964535320188,2.585,87025.0
2023-07-06,133.43,133.78,133.34,133.71,54794058.0,GOOGL,144.549,149.3116,157.06885,144.549,160.78107338314302,128.316926616857,-0.01036192731848129,-0.050017761989342935,23.939393939393995,-4.624156356501828,-3.3656630388006787,-1.2584933177011495,2.6685714285714295,-54707033.0
2023-07-07,132.9,133.6,132.27,132.37,75559671.0,GOOGL,143.4585,149.0616,156.9026,143.4585,159.89542284557925,127.02157715442073,-0.010021688729339617,-0.05953818827708712,23.018648018648094,-4.8090535867367805,-3.6543411483878994,-1.1547124383488812,2.740714285714286,-130266704.0
2023-07-10,133.88,133.98,133.74,133.95,79492733.0,GOOGL,142.5435,148.84120000000001,156.74450000000002,142.5435,158.9572019462061,126.12979805379389,0.011936239329153109,-0.04831261101243356,27.101200686106367,-4.773072173539219,-3.8780873534181635,-0.894984820121056,2.7335714285714294,-50773971.0
2023-07-11,134.87,135.0,134.73,134.76,28995621.0,GOOGL,141.683,148.56300000000002,156.58685,141.683,157.8180251251559,125.54797487484406,0.006047032474804093,-0.042557726465364265,29.895409645554935,-4.625872238144666,-4.027644330363464,-0.5982279077812018,2.644285714285715,-21778350.0
2023-07-12,131.6,132.69,131.31,132.06,107121776.0,GOOGL,140.45749999999998,148.0984,156.4359,140.45749999999998,155.51914718048488,125.39585281951508,-0.020035618878005312,-0.0617406749555951,23.495865412033083,-4.673212776076099,-4.156758019505991,-0.5164547565701074,2.7342857142857144,-128900126.0
2023-07-13,129.34,129.56,129.0,129.21,92077129.0,GOOGL,139.384,147.6102,156.26295,139.384,154.43836799701018,124.3296320029898,-0.02158109950022713,-0.08198934280639436,22.812846068660036,-4.88439738242036,-4.302285892088865,-0.5821114903314948,2.817142857142857,-220977255.0
2023-07-14,129.68,129.8,129.36,129.52,24169338.0,GOOGL,138.3145,147.14880000000002,156.0908,138.3145,152.95463729443568,123.67436270556432,0.0023991951087376506,-0.07978685612788639,30.700179533213657,-4.969463414371916,-4.435721396545476,-0.53374201782644,2.2464285714285728,-196807917.0
2023-07-17,134.75,135.17,134.08,134.34,118324789.0,GOOGL,137.487,146.747,155.90914999999998,137.487,150.95855303046218,124.01544696953779,0.037214329833230364,-0.045541740674955644,46.97821503865074,-4.594977104198648,-4.46757253807611,-0.1274045661225376,2.31642857142857,-78483128.0
2023-07-18,137.08,137.43,136.91,137.19,68134057.0,GOOGL,136.848,146.34120000000001,155.735,136.848,148.9713964322113,124.72460356778873,0.021214828048235823,-0.025293072824156382,53.197769760577216,-4.021861310140395,-4.378430292488967,0.3565689823485725,2.4757142857142833,-10349071.0
2023-07-19,138.92,139.21,138.59,138.85,78849219.0,GOOGL,136.3605,145.9544,155.58105,136.3605,147.2114994203747,125.50950057962528,0.012100007289161052,-0.013499111900532879,51.90428041793056,-3.3945841346230736,-4.181661060915789,0.7870769262927153,2.4378571428571427,68500148.0
2023-07-20,136.14,136.37,135.8,135.91,110156195.0,GOOGL,135.6235,145.5186,155.4376,135.6235,144.13893063780603,127.10806936219399,-0.021173928700035982,-0.0343872113676732,44.59111397295555,-3.09897285312519,-3.965123419357669,0.8661505662324793,2.5442857142857127,-41656047.0
2023-07-21,133.56,133.86,133.26,133.73,30366480.0,GOOGL,134.8675,145.1268,155.2847,134.8675,140.70114064352694,129.03385935647307,-0.0160400264881172,-0.04987566607460048,50.8070432868672,-3.0059557767023364,-3.773289890826603,0.7673341141242664,2.299999999999997,-72022527.0
2023-07-24,135.48,135.84,135.46,135.52,90796691.0,GOOGL,134.63000000000002,144.765,155.15290000000002,134.63000000000002,139.89676970806667,129.36323029193338,0.013385179092200827,-0.037158081705151,51.32486388384758,-2.756031220796075,-3.5698381568204978,0.8138069360244229,2.3321428571428555,18774164.0
2023-07-25,137.44,137.98,137.44,137.72,105510298.0,GOOGL,134.71300000000002,144.50979999999998,155.0388,134.71300000000002,140.12497541519278,129.30102458480727,0.016233766233766156,-0.021527531083481488,54.43425076452597,-2.353315044849097,-3.326533534426218,0.9732184895771208,2.4285714285714266,124284462.0
2023-07-26,135.79,136.03,135.46,135.52,67436705.0,GOOGL,134.727,144.2098,154.908,134.727,140.14615938324079,129.30784061675922,-0.015974440894568565,-0.037158081705151,52.99371485279524,-2.186476843809686,-3.0985221963029117,0.9120453524932257,2.463571428571425,56847757.0
2023-07-27,135.51,136.72,134.41,135.09,113248612.0,GOOGL,134.59550000000002,143.8278,154.7711,134.59550000000002,139.83346856966094,129.3575314303391,-0.003172963400236206,-0.04021314387211383,54.63847203274216,-2.065148032809475,-2.8918473636042243,0.8266993307947494,2.5257142857142827,-56400855.0
2023-07-28,132.86,132.94,132.78,132.85,87875596.0,GOOGL,134.27450000000002,143.3766,154.61970000000002,134.27450000000002,139.0748836469398,129.47411635306023,-0.016581538233770177,-0.05612788632326848,48.16544362908607,-2.125244855726038,-2.7385268620285874,0.6132820063025495,2.575714285714284,-144276451.0
2023-07-31,131.73,132.08,130.87,131.33,58539522.0,GOOGL,134.1765,142.8728,154.43779999999998,134.1765,139.1388053852775,129.21419461472252,-0.011441475348136887,-0.06692717584369468,44.41186054089283,-2.2693635078033765,-2.6446941911835453,0.37533068338016884,2.642142857142854,-202815973.0
2023-08-01,134.01,134.45,133.35,134.0,52113780.0,GOOGL,134.137,142.5188,154.26225,134.137,139.09131380345144,129.18268619654856,0.02033046524023452,-0.047957371225577416,53.16373124592303,-2.1434238362650717,-2.5444401201998508,0.40101628393477906,2.6185714285714243,-150702193.0
2023-08-02,133.02,133.74,132.94,133.27,85068182.0,GOOGL,134.04500000000002,142.1206,154.03699999999998,134.04500000000002,138.99156712435007,129.09843287564996,-0.005447761194029788,-0.05314387211367677,57.11282410651718,-2.0785602892049724,-2.4512641540008753,0.3727038647959029,2.4757142857142815,-235770375.0
2023-08-03,129.81,130.9,129.07,130.82,77604725.0,GOOGL,133.90050000000002,141.7056,153.79645,133.90050000000002,139.05283815087515,128.7481618491249,-0.018383732272829745,-0.07055062166962722,52.11864406779658,-2.1994955695515728,-2.4009104371110146,0.20141486755944182,2.7335714285714254,-313375100.0
2023-08-04,126.7,127.62,126.68,126.96,101739648.0,GOOGL,133.63000000000002,141.3308,153.5437,133.63000000000002,139.6205363963254,127.63946360367463,-0.029506191713805197,-0.09797513321492024,37.58411843876175,-2.577100184415116,-2.4361483865718347,-0.14095179784328105,2.6257142857142832,-415114748.0
2023-08-07,126.65,126.71,126.61,126.61,79765713.0,GOOGL,133.26299999999998,140.87140000000002,153.3156,133.26299999999998,140.0211563976165,126.50484360238345,-0.0027567737870194398,-0.10046181172291302,30.565760470242466,-2.8714958207393977,-2.5232178734053474,-0.34827794733405026,2.4299999999999966,-494880461.0
2023-08-08,126.07,126.2,125.09,125.85,22133347.0,GOOGL,132.81750000000002,140.4114,153.10614999999999,132.81750000000002,140.2964159782975,125.33858402170256,-0.006002685411894859,-0.10586145648312617,25.303951367781153,-3.130050854090399,-2.644584469542358,-0.48546638454804114,2.39428571428571,-517013808.0
2023-08-09,129.76,130.11,129.07,129.51,55450924.0,GOOGL,132.69,140.0216,152.8996,132.69,140.30892380851168,125.0710761914883,0.02908224076281285,-0.07985790408525761,38.165680473372774,-3.00498655424758,-2.7166648864834024,-0.28832166776417756,2.480714285714284,-461562884.0
2023-08-10,127.63,127.77,127.07,127.33,26785261.0,GOOGL,132.596,139.5596,152.6709,132.596,140.4388040098391,124.75319599016092,-0.016832677013358,-0.09534635879218478,38.16568047337279,-3.04665997682946,-2.782663904552614,-0.26399607227684596,2.4657142857142835,-488348145.0
2023-08-11,125.54,127.1,124.38,124.92,43779555.0,GOOGL,132.366,138.97299999999998,152.43155,132.366,140.83354397995882,123.89845602004121,-0.018927197047043043,-0.1124689165186501,30.838756326825703,-3.2368410346718974,-2.873499330576471,-0.36334170409542654,2.5257142857142827,-532127700.0
2023-08-14,126.67,126.9,126.29,126.51,23538048.0,GOOGL,131.9745,138.4642,152.20385,131.9745,140.7752451239509,123.1737548760491,0.012728146013448738,-0.10117229129662508,29.27911275415896,-3.2221186038114524,-2.9432231852234674,-0.27889541858798506,2.49142857142857,-508589652.0
2023-08-15,127.28,127.33,126.93,127.08,105016737.0,GOOGL,131.469,137.8776,151.9941,131.469,140.1692284301473,122.76877156985269,0.0045055726820013575,-0.09712255772646528,33.39889850511405,-3.128394549959978,-2.9802574581707697,-0.14813709178920842,2.3885714285714275,-403572915.0
2023-08-16,127.13,127.44,126.8,127.09,67005031.0,GOOGL,130.881,137.2934,151.78705,130.881,139.05448704814629,122.70751295185372,7.869058860565659e-05,-0.09705150976909405,33.999999999999986,-3.0185150826978884,-2.9879089830761933,-0.030606099621695027,2.269285714285713,-336567884.0
2023-08-17,127.67,128.0,127.45,127.53,24601699.0,GOOGL,130.46200000000002,136.76760000000002,151.57995,130.46200000000002,138.4059499653843,122.51805003461571,0.0034621134629002626,-0.09392539964476021,38.534482758620676,-2.86292843361565,-2.962912873184085,0.09998443956843461,2.1692857142857127,-311966185.0
2023-08-18,126.31,126.52,125.96,126.38,73689638.0,GOOGL,130.0945,136.2116,151.401,130.0945,138.08181751294063,122.10718248705939,-0.009017486081706272,-0.10209591474245117,39.1590013140604,-2.8001419885100347,-2.9303586962492747,0.13021670773924,2.1399999999999997,-385655823.0
2023-08-21,127.03,127.85,126.44,126.59,91828772.0,GOOGL,129.64799999999997,135.6984,151.2112,129.64799999999997,137.35165764118096,121.94434235881899,0.0016616553252097876,-0.10060390763765537,31.81148748159059,-2.7022877424755904,-2.884744505494538,0.18245676301894775,2.022142857142858,-293827051.0
2023-08-22,128.95,129.06,128.3,128.55,106399713.0,GOOGL,129.1895,135.23000000000002,151.06439999999998,129.1895,135.89753281226464,122.48146718773536,0.01548305553361251,-0.08667850799289512,39.07407407407408,-2.438472732135466,-2.7954901508227237,0.35701741868725767,2.1228571428571437,-187427338.0
2023-08-23,126.14,126.3,125.01,125.69,75368558.0,GOOGL,128.698,134.6124,150.89780000000002,128.698,134.872291691735,122.52370830826503,-0.02224815246985623,-0.10699822380106572,38.34620626987735,-2.4321393453204507,-2.722819989722269,0.2906806444018182,2.075714285714286,-262795896.0
2023-08-24,127.9,128.14,127.72,127.95,118776743.0,GOOGL,128.34099999999998,134.1578,150.74305,128.34099999999998,133.7355738819957,122.94642611800427,0.01798074628053148,-0.09094138543516872,52.42528172464479,-2.2191757021426497,-2.622091132206345,0.40291543006369546,1.9550000000000003,-144019153.0
2023-08-25,131.05,133.03,130.62,130.71,57275249.0,GOOGL,128.23399999999998,133.75379999999998,150.5973,128.23399999999998,133.32855602113867,123.1394439788613,0.021570926143024582,-0.07133214920071052,58.983347940403156,-1.8068631531897665,-2.4590455364030293,0.6521823832132627,2.2928571428571436,-86743904.0
2023-08-28,129.36,129.43,129.33,129.38,116563450.0,GOOGL,128.1365,133.3236,150.4551,128.1365,133.05310676739066,123.21989323260935,-0.010175197000994674,-0.08078152753108359,57.54595981188541,-1.569332088874063,-2.281102846897236,0.7117707580231731,2.2828571428571434,-203307354.0
2023-08-29,136.56,137.26,135.71,136.9,31319189.0,GOOGL,128.2815,133.0622,150.32365,128.2815,134.02733886046374,122.53566113953624,0.05812335755139908,-0.0273534635879219,63.559633027522935,-0.7654620859045167,-1.9779746946986922,1.2125126087941756,2.5414285714285705,-171988165.0
2023-08-30,141.72,142.13,141.23,142.09,36576887.0,GOOGL,128.7225,132.932,150.20625,128.7225,136.91388925302832,120.53111074697169,0.037910883856829836,0.009520426287744188,74.38863185723724,0.28709090315601316,-1.5249615751277512,1.8120524782837644,2.740714285714284,-135411278.0
2023-08-31,137.52,137.97,137.24,137.28,23243520.0,GOOGL,129.0455,132.6646,150.0541,129.0455,138.05385045358634,120.03714954641367,-0.03385178408051237,-0.024653641207815324,68.92222902633186,0.7247652860021958,-1.0750162029017618,1.7997814889039576,2.876428571428569,-158654798.0
2023-09-01,139.53,142.07,139.23,140.11,59202076.0,GOOGL,129.703,132.4898,149.91895,129.703,139.9102422173722,119.4957577826278,0.020614801864802024,-0.004547069271758297,70.05899705014747,1.28516811830616,-0.6029793386601774,1.8881474569663375,3.077142857142854,-99452722.0
2023-09-04,142.73,144.12,141.92,142.24,62336158.0,GOOGL,130.4845,132.5292,149.79555,130.4845,142.00370040170475,118.96529959829525,0.015202341017771737,0.010586145648312728,71.3761985335589,1.8794989058000908,-0.10648368976812372,1.9859825955682147,3.3049999999999966,-37116564.0
2023-09-05,139.19,139.51,139.19,139.19,101225460.0,GOOGL,131.1515,132.5918,149.64195,131.1515,143.07843771082062,119.22456228917937,-0.021442632170978748,-0.011083481349911217,65.71428571428567,2.080419050921563,0.33089685836981364,1.7495221925517495,3.4771428571428546,-138342024.0
2023-09-06,140.91,141.1,140.39,140.65,77554637.0,GOOGL,131.70850000000002,132.7,149.47335,131.70850000000002,144.33277281907473,119.08422718092528,0.010489259285868302,-0.000710479573712175,66.59919028340079,2.3305938762911182,0.7308362619540746,1.5997576143370438,3.548571428571426,-60787387.0
2023-09-07,138.14,139.59,137.85,139.36,59660419.0,GOOGL,132.31,132.7328,149.27370000000002,132.31,145.19946040273172,119.42053959726827,-0.009171702808389526,-0.00987566607460022,66.3640948058497,2.3971343363237736,1.0640958768280144,1.3330384594957592,3.6364285714285693,-120447806.0
2023-09-08,142.08,142.12,141.63,141.88,64247228.0,GOOGL,133.158,132.785,149.0873,133.158,146.23064818337215,120.08535181662782,0.018082663605051508,0.008028419182948499,68.21539194662851,2.62297504619184,1.3758717107007796,1.2471033354910603,3.7285714285714255,-56200578.0
2023-09-11,139.49,139.53,138.98,139.15,67927545.0,GOOGL,133.79,132.90220000000002,148.88604999999998,133.79,146.73089234700421,120.84910765299578,-0.019241612630391813,-0.01136767317939602,62.400561534861936,2.552246542000802,1.611146676960784,0.9410998650400177,3.759285714285712,-124128123.0
2023-09-12,136.43,136.45,136.41,136.43,22727900.0,GOOGL,134.2575,132.935,148.6651,134.2575,146.84856763584557,121.66643236415442,-0.019547251167804536,-0.030692717584369422,62.605633802816904,2.2507669841075426,1.7390707383901358,0.5116962457174068,3.702142857142855,-146856023.0
2023-09-13,142.59,143.57,140.17,141.61,32097156.0,GOOGL,134.9835,133.065,148.4746,134.9835,147.50872385554416,122.45827614445581,0.037968188814776926,0.006110124333925437,65.00439367311073,2.402134658303879,1.8716835223728847,0.5304511359309945,4.037142857142855,-114758867.0
2023-09-14,141.81,141.97,141.7,141.74,67280903.0,GOOGL,135.69400000000002,133.2256,148.2973,135.69400000000002,148.04999390025242,123.33800609974762,0.0009180142645293099,0.007033747779751298,62.85847516903707,2.5037231818673717,1.998091454271782,0.5056317275955897,3.6999999999999966,-47477964.0
2023-09-15,143.94,144.12,143.74,143.97,52396275.0,GOOGL,136.5735,133.4576,148.12800000000001,136.5735,148.63873020915554,124.50826979084447,0.01573303231268519,0.0228774422735345,66.65905457867095,2.732674609937135,2.1450080854048528,0.5876665245322821,3.7714285714285682,4918311.0
2023-09-18,147.09,147.36,146.67,146.85,82328815.0,GOOGL,137.58650000000003,133.7156,147.96455,137.58650000000003,149.52378572692464,125.64921427307542,0.020004167534902972,0.043339253996447225,62.70753512132821,3.1106545081691763,2.3381373699577175,0.7725171382114588,3.450714285714284,87247126.0
2023-09-19,146.77,146.85,146.22,146.49,66845730.0,GOOGL,138.4835,133.9502,147.7897,138.4835,150.25671719657885,126.71028280342114,-0.0024514811031663974,0.04078152753108322,56.41025641025642,3.3426256021325003,2.539035016392674,0.8035905857398262,3.1221428571428556,20401396.0
2023-09-20,146.05,146.3,145.15,145.3,65021804.0,GOOGL,139.464,134.215,147.6101,139.464,149.94661196859536,128.98138803140463,-0.008123421393951835,0.03232682060390735,63.06188925081437,3.391347962335857,2.7094976055813107,0.6818503567545462,2.8714285714285706,-44620408.0
2023-09-21,147.15,147.22,146.39,146.81,105098365.0,GOOGL,140.407,134.567,147.4498,140.407,149.8722941678609,130.94170583213912,0.010392291810048082,0.04305506216696231,61.40231449965964,3.511328752098194,2.8698638348846877,0.6414649172135065,2.6664285714285705,60477957.0
2023-09-22,150.87,152.56,149.94,152.09,80235770.0,GOOGL,141.47600000000003,135.0184,147.30675000000002,141.47600000000003,151.15687077422805,131.795129225772,0.03596485253048165,0.08056838365896946,65.13987088841071,3.986512234081829,3.093193514724116,0.8933187193577128,2.790714285714285,140713727.0
2023-09-25,151.95,153.0,151.75,152.6,55937442.0,GOOGL,142.637,135.3836,147.15885,142.637,151.76345916235,133.51054083765,0.0033532776645406326,0.08419182948490178,72.35745248416144,4.354060406757554,3.345366893130804,1.0086935136267505,2.662142857142856,196651169.0
2023-09-26,154.32,154.92,153.79,153.94,25402030.0,GOOGL,143.489,135.7186,147.0342,143.489,153.49915042738553,133.47884957261448,0.008781127129751098,0.09371225577264619,72.24640107130905,4.699301164190018,3.616153747342647,1.0831474168473711,2.69142857142857,222053199.0
2023-09-27,153.24,153.48,153.05,153.41,31985846.0,GOOGL,144.055,136.00979999999998,146.88975,144.055,154.97120427572764,133.13879572427237,-0.003442899831103019,0.08994671403197119,74.13260048093441,4.873956445207568,3.8677142869156316,1.0062421582919368,2.5549999999999966,190067353.0
2023-09-28,154.4,154.95,154.29,154.51,32263515.0,GOOGL,144.91649999999998,136.3818,146.73675,144.91649999999998,156.29135180932713,133.54164819067284,0.0071703278795385295,0.09776198934280611,72.80606717226439,5.043000252897002,4.1027714801119055,0.9402287727850966,2.4678571428571394,222330868.0
2023-09-29,152.95,153.09,152.49,153.01,76232483.0,GOOGL,145.5615,136.7674,146.57685,145.5615,157.2474903077843,133.8755096922157,-0.009708109507475249,0.08710479573712226,76.1904761904762,4.9983137745579995,4.281879939001125,0.7164338355568747,2.404999999999995,146098385.0
2023-10-02,153.67,155.19,153.15,154.17,104964747.0,GOOGL,146.15800000000002,137.1404,146.44575,146.15800000000002,158.33761126334753,133.9783887366525,0.007581203842885964,0.09534635879218434,85.62248995983938,4.998877772730481,4.425279505746996,0.5735982669834847,2.364999999999995,251063132.0
2023-10-03,157.34,157.72,157.23,157.26,35277134.0,GOOGL,147.0615,137.5312,146.35184999999998,147.0615,159.73558508064892,134.38741491935107,0.020042809885191692,0.11730017761989298,84.3051293292416,5.188848110070978,4.577993226611793,0.6108548834591856,2.1085714285714254,286340266.0
2023-10-04,162.06,162.3,161.27,161.83,29050610.0,GOOGL,148.1205,138.0574,146.27295,148.1205,162.0191988788975,134.2218011211025,0.029060155157064838,0.14976909413854322,86.86238532110096,5.643111501319851,4.791016881553404,0.8520946197664463,2.442857142857142,315390876.0
2023-10-05,165.02,165.09,164.74,164.93,37147774.0,GOOGL,149.399,138.6542,146.2187,149.399,164.55223401299492,134.2457659870051,0.019155904344064778,0.1717939609236232,87.26884779516362,6.182000351998369,5.069213575642397,1.1127867763559713,2.5057142857142845,352538650.0
2023-10-06,166.37,166.52,166.36,166.5,20309423.0,GOOGL,150.63000000000002,139.3272,146.17695,150.63000000000002,167.14983815391477,134.11016184608528,0.009519189959376728,0.18294849023090554,86.64677359194336,6.6589987352707,5.387170607568057,1.2718281277026424,2.377142857142855,372848073.0
2023-10-09,173.25,173.41,172.75,173.13,40003070.0,GOOGL,152.329,140.1632,146.18795,152.329,170.75681981564443,133.90118018435558,0.03981981981981986,0.2300532859680282,90.26602176541716,7.485718280737416,5.80688014220193,1.678838138535486,2.825714285714284,412851143.0
2023-10-10,173.46,173.87,172.78,172.98,66976264.0,GOOGL,154.1565,140.94279999999998,146.18395,154.1565,173.1851048109839,135.1278951890161,-0.0008664009703691633,0.22898756660745967,93.19600499375778,8.036159881536264,6.252736090068797,1.7834237914674667,2.807857142857141,345874879.0
2023-10-11,173.03,173.03,171.94,172.43,26885204.0,GOOGL,155.69750000000002,141.726,146.2099,155.69750000000002,175.42687737433496,135.96812262566507,-0.0031795583304427,0.22507992895204243,91.21621621621624,8.331962732515024,6.668581418558043,1.6633813139569806,2.7485714285714278,318989675.0
2023-10-12,166.42,166.83,166.17,166.18,42723157.0,GOOGL,156.9195,142.43320000000003,146.2052,156.9195,176.02659372265418,137.81240627734581,-0.03624659282027487,0.18067495559502644,71.98127925117006,7.97019046211355,6.928903227269145,1.0412872348444049,2.7850000000000006,276266518.0
2023-10-13,166.63,168.32,166.4,167.32,90972879.0,GOOGL,158.08700000000002,143.24040000000002,146.2001,158.08700000000002,176.70987568952086,139.46412431047918,0.006860031291370694,0.18877442273534606,72.52141982864138,7.686862438726507,7.080495069560618,0.6063673691658895,2.8485714285714283,367239397.0
2023-10-16,170.03,170.42,168.86,169.63,53811658.0,GOOGL,159.226,144.1008,146.1961,159.226,177.741307351372,140.710692648628,0.013805880946688998,0.2051865008880991,73.31352154531947,7.561555725944913,7.176707200837478,0.3848485251074356,2.904285714285714,421051055.0
2023-10-17,173.78,173.87,173.26,173.49,57400944.0,GOOGL,160.576,145.05360000000002,146.203,160.576,179.11861027443163,142.03338972556836,0.022755408830985147,0.23261101243339222,77.1498107084911,7.685129603669367,7.278391681403855,0.40673792226551164,3.14357142857143,478451999.0
2023-10-18,172.94,173.38,172.09,173.17,49996295.0,GOOGL,161.96949999999998,145.92680000000001,146.2291,161.96949999999998,179.85569399954784,144.08330600045213,-0.001844486713931781,0.2303374777975129,75.7734806629834,7.668839854266338,7.356481315976351,0.3123585382899865,3.133571428571431,428455704.0
2023-10-19,181.65,182.27,180.85,181.29,111300624.0,GOOGL,163.6935,147.006,146.3026,163.6935,182.06755754117222,145.31944245882778,0.046890338973263335,0.2880284191829481,83.02195235871086,8.21643233146608,7.528471519074298,0.6879608123917826,3.6392857142857196,539756328.0
2023-10-20,184.45,184.7,184.26,184.57,66122707.0,GOOGL,165.3175,148.19899999999998,146.4047,165.3175,185.06361474109318,145.57138525890682,0.018092558883556764,0.3113321492007102,83.82287494437026,8.813475641734101,7.7854723436062585,1.0280032981278424,3.7271428571428618,605879035.0
2023-10-23,180.71,180.84,180.66,180.7,77483835.0,GOOGL,166.7225,149.28279999999998,146.50655,166.7225,186.6564645355675,146.7885354644325,-0.020967654548409875,0.2838365896980457,75.63429571303585,8.872088199445699,8.002795514774148,0.8692926846715512,3.7528571428571462,528395200.0
2023-10-24,181.2,182.67,181.18,182.2,80006449.0,GOOGL,168.13549999999998,150.3852,146.64395000000002,168.13549999999998,188.25986750231974,148.01113249768022,0.00830105146651916,0.29449378330372955,73.88042203985928,8.936561420451113,8.189548695909542,0.7470127245415714,3.5335714285714306,608401649.0
2023-10-25,182.5,182.78,181.82,182.22,32391508.0,GOOGL,169.576,151.4878,146.7739,169.576,189.38421350110275,149.76778649889724,0.00010976948408347731,0.294635879218472,71.84735911043718,8.88682891359835,8.329004739447303,0.5578241741510475,3.3692857142857173,640793157.0
2023-10-26,187.01,187.57,186.66,187.16,74307695.0,GOOGL,171.20850000000002,152.68040000000002,146.90994999999998,171.20850000000002,191.16976172048487,151.24723827951516,0.027110086708374448,0.3297335701598574,74.05682347461573,9.140664369327965,8.491336665423436,0.6493277039045289,3.6378571428571456,715100852.0
2023-10-27,187.79,188.34,186.82,187.4,71579870.0,GOOGL,172.928,153.9008,147.05620000000002,172.928,192.20161173920698,153.654388260793,0.0012823252831801746,0.33143872113676687,69.52120383036934,9.254516485705011,8.643972629479752,0.6105438562252594,3.2528571428571462,786680722.0
2023-10-30,185.34,186.41,183.74,184.35,113487521.0,GOOGL,174.43699999999998,155.056,147.1749,174.43699999999998,192.19295034436612,156.68104965563384,-0.016275346851654326,0.3097690941385429,64.41064638783268,8.994947443143332,8.714167592212469,0.28077985093086255,3.4364285714285745,673193201.0
2023-10-31,184.5,186.71,184.32,185.59,85521020.0,GOOGL,175.8535,156.1968,147.29104999999998,175.8535,192.31245088426192,159.39454911573807,0.00672633577434234,0.31857904085257505,66.39262580966613,8.787992239505087,8.728932521670993,0.05905971783409392,3.529285714285718,758714221.0
2023-11-01,183.37,183.97,183.33,183.64,39384287.0,GOOGL,176.94400000000002,157.3558,147.41195,176.94400000000002,192.3469954708072,161.54100452919283,-0.010507031628859353,0.304724689165186,74.35825892857133,8.370144233925203,8.657174864121835,-0.28703063019663233,3.2435714285714305,719329934.0
2023-11-02,177.29,177.36,177.27,177.28,115283427.0,GOOGL,177.5615,158.3424,147.5027,177.5615,191.8892342756525,163.23376572434748,-0.03463297756480066,0.25953818827708663,62.12859230394543,7.44003375395323,8.413746642088114,-0.9737128881348838,3.5457142857142867,604046507.0
2023-11-03,174.75,175.1,173.68,174.35,90529774.0,GOOGL,177.954,159.2152,147.578,177.954,191.40938186201552,164.4986181379845,-0.016527527075812287,0.23872113676731743,55.66218809980804,6.3927958137591645,8.009556476422325,-1.616760662663161,3.5814285714285723,513516733.0
2023-11-06,175.0,175.0,174.84,174.94,43487327.0,GOOGL,178.0445,160.1264,147.64430000000002,178.0445,191.38714311383552,164.70185688616448,0.0033839977057643633,0.2429129662522198,51.88752928924758,5.546523401199636,7.516949861377788,-1.9704264601781523,3.3250000000000006,557004060.0
2023-11-07,173.02,173.5,172.92,173.09,41332175.0,GOOGL,178.05,160.8502,147.69945,178.05,191.38394086335293,164.7160591366471,-0.01057505430433292,0.22976909413854307,49.899849774662016,4.672702868268942,6.9481004627560194,-2.2753975944870772,3.3692857142857155,515671885.0
2023-11-08,177.29,177.8,176.98,177.67,92944767.0,GOOGL,178.31199999999998,161.5618,147.80555,178.31199999999998,191.3843373660012,165.23966263399876,0.026460223005372763,0.2623090586145642,45.027472527472526,4.3001915918329985,6.418518688571416,-2.118327096738417,3.0557142857142856,608616652.0
2023-11-09,173.76,174.0,172.7,173.03,46459907.0,GOOGL,178.6545,162.27679999999998,147.85965,178.6545,190.70768472874659,166.60131527125344,-0.02611583272358864,0.2293428063943157,34.71927966101697,3.5891905451457546,5.8526530598862845,-2.26346251474053,3.1671428571428573,562156745.0
2023-11-10,170.26,170.69,170.18,170.41,95618360.0,GOOGL,178.809,162.88279999999997,147.8942,178.809,190.31734918885667,167.30065081114333,-0.015141882910478022,0.21072824156305447,35.90797041906329,2.782233137682624,5.238569075445553,-2.456335937762929,3.0914285714285716,466538385.0
2023-11-13,166.53,167.09,166.17,167.05,30085813.0,GOOGL,178.68,163.379,147.92805,178.68,190.66935668350212,166.6906433164979,-0.019717152749251676,0.18685612788632278,30.258014073494948,1.8502610020612735,4.560907460768697,-2.7106464587074237,3.2535714285714294,436452572.0
2023-11-14,166.55,167.76,166.2,167.66,39861164.0,GOOGL,178.3885,163.9484,147.98940000000002,178.3885,191.16670558195722,165.61029441804277,0.003651601316970954,0.1911900532859676,31.314168377823393,1.147658776123592,3.8782577238396763,-2.7305989477160844,3.2964285714285717,476313736.0
2023-11-15,172.28,172.49,172.27,172.34,88417577.0,GOOGL,178.347,164.5822,148.08755000000002,178.347,191.20172855862057,165.49227144137944,0.02791363473696773,0.22444049733570126,30.85271317829458,0.957441547527111,3.2940944885771635,-2.3366529410500525,3.259285714285716,564731313.0
2023-11-16,171.89,172.91,171.82,172.45,74843595.0,GOOGL,177.905,165.24400000000003,148.19144999999997,177.905,190.940298635871,164.869701364129,0.000638273180921356,0.22522202486678466,30.619652579725127,0.8062748693102151,2.796530564723774,-1.990255695413559,3.22857142857143,639574908.0
2023-11-17,172.4,172.96,171.64,171.82,47940777.0,GOOGL,177.26749999999998,165.84279999999998,148.30235,177.26749999999998,190.17683709415587,164.3581629058441,-0.0036532328211075216,0.2207460035523976,32.66943291839554,0.6283947098034162,2.362903393739703,-1.7345086839362867,3.0614285714285745,591634131.0
2023-11-20,176.67,177.4,175.3,176.18,82371702.0,GOOGL,177.04149999999998,166.5834,148.44199999999998,177.04149999999998,189.85572938521332,164.22727061478665,0.025375392852985845,0.25172291296625215,38.01884390119684,0.8296749870011695,2.056257712391996,-1.2265827253908266,3.2892857142857173,674005833.0
2023-11-21,183.33,185.0,182.7,184.39,89511552.0,GOOGL,177.151,167.5426,148.6377,177.151,190.1863509633176,164.1156490366824,0.04660006811215789,0.3100532859680283,50.823632769602455,1.6328469991988754,1.9715755697533721,-0.3387285705544967,3.7578571428571457,763517385.0
2023-11-22,186.5,186.88,185.71,185.9,80735379.0,GOOGL,177.33499999999998,168.4284,148.83270000000002,177.33499999999998,190.76940124613404,163.90059875386592,0.008189164271381388,0.32078152753108347,60.59488692232057,2.363960718166311,2.05005259943596,0.31390811873035096,3.480714285714291,844252764.0
2023-11-23,178.29,178.76,178.02,178.75,116844452.0,GOOGL,176.9145,169.1686,149.00719999999998,176.9145,189.5572020346469,164.2717979653531,-0.038461538461538436,0.2699822380106571,54.89977728285079,2.3394605182899113,2.1079341832067504,0.2315263350831609,3.786428571428577,727408312.0
2023-11-24,173.85,174.42,173.78,174.31,115999745.0,GOOGL,176.26,169.77540000000002,149.1516,176.26,187.9354389075628,164.58456109243718,-0.024839160839160823,0.23843694493783296,49.35384615384616,1.9394166520814338,2.074230676981687,-0.1348140249002534,4.095000000000005,611408567.0
2023-11-27,175.28,176.28,174.8,176.26,37172941.0,GOOGL,175.8555,170.36359999999996,149.29575,175.8555,186.8939962267235,164.81700377327653,0.011186965750674016,0.25229129662522176,53.24462640736949,1.759445911865896,2.011273723958529,-0.25182781209263316,4.091428571428575,648581508.0
2023-11-28,176.21,178.22,175.65,177.63,110690637.0,GOOGL,175.45749999999998,170.9864,149.46880000000002,175.45749999999998,185.5517941152034,165.36320588479657,0.007772608646317902,0.2620248667850795,49.95617879053463,1.7076802787982501,1.9505550349264735,-0.2428747561282234,3.9385714285714317,759272145.0
2023-11-29,170.04,170.37,169.53,170.1,80813921.0,GOOGL,174.78050000000002,171.4824,149.6108,174.78050000000002,184.36758665478382,165.19341334521621,-0.04239148792433711,0.20852575488454672,46.98124871213682,1.0469786542717827,1.7698397587955355,-0.7228611045237527,4.16214285714286,678458224.0
2023-11-30,171.49,172.35,170.73,171.9,116854008.0,GOOGL,174.51149999999998,171.98420000000002,149.74875,174.51149999999998,184.10520029046015,164.91779970953982,0.010582010582010692,0.22131438721136742,51.561517501572006,0.6609932942664898,1.5480704658897264,-0.8870771716232366,4.119285714285717,795312232.0
2023-12-01,174.09,175.33,173.41,174.15,92366488.0,GOOGL,174.5015,172.4254,149.89555000000001,174.5015,184.09632596315197,164.90667403684802,0.01308900523560208,0.23730017761989308,57.618025751072956,0.5305376042991554,1.3445638935716122,-0.8140262892724568,4.061428571428574,887678720.0
2023-12-04,169.17,169.59,168.6,169.52,21696607.0,GOOGL,174.23049999999998,172.7638,150.0065,174.23049999999998,184.0760706845911,164.38492931540887,-0.02658627619867926,0.20440497335701568,51.837218490715145,0.05293798846381037,1.0862387125500519,-1.0333007240862415,4.346428571428575,865982113.0
2023-12-05,176.31,176.83,175.01,175.11,35610712.0,GOOGL,174.3315,173.18720000000002,150.1293,174.3315,184.16924958220235,164.49375041779766,0.032975460122699474,0.2441207815275308,52.68775470599651,0.12407289926557041,0.8938055498931556,-0.7697326506275852,4.523571428571431,901592825.0
2023-12-06,175.65,176.77,174.76,175.77,98023533.0,GOOGL,174.2365,173.6344,150.2722,174.2365,183.97469884999902,164.498301150001,0.003769059448346823,0.24880994671403167,53.18740399385563,0.23104101571408364,0.7612526430573413,-0.5302116273432577,4.589285714285718,999616358.0
2023-12-07,178.07,178.16,177.32,177.78,81006336.0,GOOGL,174.474,174.0998,150.43144999999998,174.474,184.31940587493082,164.62859412506916,0.01143539853217268,0.26309058614564784,55.57426112981669,0.4725568788493604,0.7035134902157452,-0.2309566113663848,4.665714285714287,1080622694.0
2023-12-08,174.83,176.52,174.15,175.89,64033056.0,GOOGL,174.748,174.55739999999997,150.57685,174.748,184.4206910205467,165.07530897945327,-0.010631117111036148,0.2496625222024862,49.71563051578739,0.5056242145952012,0.6639356350916363,-0.1583114204964351,4.526428571428572,1016589638.0
2023-12-11,183.59,185.24,181.54,181.96,77786775.0,GOOGL,175.49349999999998,175.1132,150.75665,175.49349999999998,184.96426226577125,166.0227377342287,0.03451020524191262,0.29278863232682006,47.51279426816789,1.0099860962810965,0.7331457273295283,0.27684036895156816,4.564285714285717,1094376413.0
2023-12-12,190.76,191.43,190.5,190.58,29517841.0,GOOGL,176.6395,175.7796,150.97455,176.6395,187.55569072753966,165.72330927246034,0.04737304902176298,0.35403197158081645,54.18155825589708,2.081266931262519,1.0027699681161264,1.0784969631463925,5.062857142857145,1123894254.0
2023-12-13,191.67,191.77,191.37,191.39,100777504.0,GOOGL,177.59199999999998,176.37079999999997,151.17485,177.59199999999998,190.1322234513804,165.05177654861956,0.004250183649910699,0.35978685612788563,62.73679967754936,2.9614867657207924,1.3945133276370596,1.5669734380837328,4.585000000000002,1224671758.0
2023-12-14,197.3,197.31,197.29,197.3,89325086.0,GOOGL,178.8345,177.0182,151.4077,178.8345,193.89969652430122,163.76930347569876,0.030879356288207482,0.40177619893428007,72.49951066744958,4.088821544675596,1.933374971044767,2.1554465736308295,4.652857142857146,1313996844.0
2023-12-15,192.59,193.26,191.45,193.02,62887057.0,GOOGL,179.8945,177.5486,151.61575000000002,179.8945,195.83923280461474,163.94976719538525,-0.021692853522554456,0.37136767317939556,65.68700861100712,4.584040285512856,2.4635080339383846,2.1205322515744713,4.930000000000005,1251109787.0
2023-12-18,193.26,193.4,193.24,193.35,45431747.0,GOOGL,180.753,177.953,151.82735,180.753,197.67465488983152,163.83134511016846,0.0017096673919800853,0.373712255772646,65.00572737686139,4.946117187473504,2.9600298646454086,1.9860873228280957,4.773571428571434,1296541534.0
2023-12-19,190.29,190.32,189.3,189.85,40377810.0,GOOGL,181.026,178.2904,152.05245,181.026,198.36572305976966,163.68627694023036,-0.0181018877682958,0.3488454706927171,70.42399172699068,4.89422738487886,3.346869368692099,1.5473580161867613,4.484285714285718,1256163724.0
2023-12-20,188.24,190.11,186.92,189.32,36123427.0,GOOGL,181.197,178.6282,152.287,181.197,198.80449373958453,163.58950626041548,-0.0027916776402423515,0.3450799289520421,68.500424808836,4.755519107804645,3.628599316514608,1.1269197912900366,4.551428571428578,1220040297.0
2023-12-21,185.66,186.25,185.14,185.98,85267844.0,GOOGL,181.5585,179.02419999999998,152.5079,181.5585,199.25113215668077,163.86586784331925,-0.017642087470948642,0.32134991119005285,62.27942702927131,4.326211835364148,3.7681218202845166,0.5580900150796317,4.605000000000006,1134772453.0
2023-12-22,185.36,185.42,184.84,185.01,106511079.0,GOOGL,182.0935,179.378,152.73045,182.0935,199.5081729119905,164.6788270880095,-0.005215614582213091,0.314458259325044,67.40058413839583,3.863179506980657,3.7871333576237447,0.07604614935691245,4.2900000000000045,1028261374.0
2023-12-25,187.49,188.08,187.46,187.57,79003964.0,GOOGL,182.659,179.73680000000002,152.95465000000002,182.659,200.01049306483407,165.30750693516592,0.01383708988703325,0.33264653641207786,65.0192864030858,3.6605965772559443,3.761826001550185,-0.10122942429424064,3.987142857142863,1107265338.0
2023-12-26,182.19,182.57,181.28,181.56,100446542.0,GOOGL,182.8555,179.8982,153.1334,182.8555,200.0555470929599,165.65545290704011,-0.0320413712214106,0.28994671403197136,56.18193465727097,2.980731357930239,3.605607072826196,-0.6248757148959574,4.292857142857146,1006818796.0
2023-12-27,177.15,177.22,177.07,177.12,49458876.0,GOOGL,183.20649999999998,179.9772,153.30010000000001,183.20649999999998,199.5770567213965,166.83594327860345,-0.024454725710508884,0.2584014209591472,49.330085261875766,2.059916939849643,3.296469046230886,-1.236552106381243,4.442857142857148,957359920.0
2023-12-28,175.67,176.62,175.58,175.8,54659034.0,GOOGL,183.4015,179.8674,153.4449,183.4015,199.29082548003743,167.51217451996257,-0.007452574525745215,0.24902309058614547,49.90757855822554,1.209707159987687,2.8791166689822463,-1.6694095089945593,4.2935714285714335,902700886.0
2023-12-29,178.05,178.08,178.04,178.07,77363940.0,GOOGL,183.59750000000003,179.7374,153.60875,183.59750000000003,199.098277399861,168.09672260013906,0.012912400455062478,0.2651509769094136,45.66718645578078,0.7108851710931106,2.445470369404419,-1.7345851983113083,3.7885714285714323,980064826.0
2024-01-01,184.48,184.55,184.37,184.42,98660830.0,GOOGL,184.34250000000003,179.8118,153.8,184.34250000000003,198.35529096134525,170.3297090386548,0.03566013365530396,0.31026642984014163,42.773345847020146,0.8185216735706149,2.1200806302376582,-1.3015589566670434,3.575000000000005,1078725656.0
2024-01-02,183.1,183.17,183.1,183.13,33637643.0,GOOGL,184.74349999999998,179.8304,153.99065000000002,184.74349999999998,198.0868764763465,171.40012352365346,-0.00699490293894367,0.3011012433392537,40.417633410672856,0.7906184014539122,1.8541881844809092,-1.063569783026997,3.584285714285719,1045088013.0
2024-01-03,183.3,183.75,182.96,183.02,48909326.0,GOOGL,185.106,179.8464,154.2003,185.106,197.80109378917044,172.41090621082955,-0.0006006661934144786,0.3003197158081703,30.857908847184945,0.7509720383829404,1.6335449552613155,-0.8825729168783751,3.2178571428571456,996178687.0
2024-01-04,181.19,181.49,181.14,181.42,87820235.0,GOOGL,185.28799999999998,179.7316,154.41305,185.28799999999998,197.6406218823562,172.93537811764375,-0.008742213965686974,0.28895204262877394,33.24667822068163,0.5837166594711221,1.423579296103277,-0.8398626366321549,2.9342857142857173,908358452.0
2024-01-05,179.4,179.4,179.31,179.32,72240570.0,GOOGL,185.4595,179.57,154.6383,185.4595,197.34930894893398,173.569691051066,-0.011575350016536201,0.2740319715808166,30.722726023632845,0.2785027112129228,1.194563979125206,-0.9160612679122833,3.057857142857145,836117882.0
2024-01-08,179.47,180.04,179.02,179.92,40731220.0,GOOGL,185.35750000000002,179.4814,154.85569999999998,185.35750000000002,197.40763539998372,173.3073646000163,0.0033459736783403304,0.2782948490230901,35.17467900865927,0.08406440176602814,0.9724640636533705,-0.8883996618873423,2.8414285714285734,876849102.0
2024-01-09,177.67,178.81,177.14,178.3,105741739.0,GOOGL,184.74349999999998,179.33559999999997,155.04645,184.74349999999998,196.92390924902475,172.56309075097522,-0.009004001778568083,0.26678507992895173,34.06593406593406,-0.19846207317687004,0.7382788362873224,-0.9367409094641924,2.8121428571428573,771107363.0
2024-01-10,181.09,181.23,180.64,181.2,25155572.0,GOOGL,184.234,179.2868,155.239,184.234,196.09201865050954,172.37598134949047,0.01626472237801435,0.2873889875666069,42.99941417691855,-0.18621401709879137,0.5533802656100997,-0.739594282708891,2.722857142857141,796262935.0
2024-01-11,181.61,182.55,179.7,180.54,80925722.0,GOOGL,183.39600000000002,179.35199999999998,155.43265,183.39600000000002,193.62279946847798,173.16920053152205,-0.0036423841059602946,0.28269982238010605,43.39343777712089,-0.22714543735560255,0.3972751250169593,-0.6244205623725618,2.845000000000001,715337213.0
2024-01-12,181.9,182.9,181.51,182.83,38849503.0,GOOGL,182.8865,179.5216,155.6278,182.8865,192.05506706935722,173.7179329306428,0.01268416971308306,0.29896980461811684,42.93802145411205,-0.07394759923934657,0.3030305801656981,-0.3769781794050447,2.7942857142857145,754186716.0
2024-01-15,186.96,187.09,186.77,186.85,101855568.0,GOOGL,182.5615,179.75979999999998,155.87105,182.5615,190.5537258937595,174.5692741062405,0.02198763879013277,0.3275310834813494,58.37820715869498,0.36760566537299155,0.3159455972071568,0.05166006816583474,2.6492857142857145,856042284.0
2024-01-16,189.86,190.75,188.39,189.71,43133312.0,GOOGL,182.55450000000002,180.09220000000002,156.11435,182.55450000000002,190.52004811937906,174.58895188062098,0.015306395504415482,0.3478507992895201,70.99033011003674,0.9375108651077539,0.4402586507872763,0.49725221432047767,2.607142857142857,899175596.0
2024-01-17,186.06,187.35,185.51,186.97,81328698.0,GOOGL,182.43699999999998,180.2782,156.3177,182.43699999999998,190.0435874498106,174.83041255018938,-0.014443097359127188,0.32838365896980415,67.78096147723656,1.1547584048987005,0.5831586016095611,0.5715998032891394,2.797142857142859,817846898.0
2024-01-18,188.49,188.77,188.26,188.72,23789227.0,GOOGL,182.574,180.59199999999998,156.51995,182.574,190.539500347719,174.608499652281,0.009359790340696339,0.3408170515097686,67.23858853998061,1.4514080910038842,0.7568084994884258,0.6945995915154585,2.7628571428571456,841636125.0
2024-01-19,190.86,191.95,190.73,191.47,26277299.0,GOOGL,182.897,181.01319999999998,156.74339999999998,182.897,191.75258782856972,174.04141217143027,0.014571852479864367,0.3603552397868557,62.91681934774647,1.8866588924708765,0.982778578084916,0.9038803143859605,2.530714285714286,867913424.0
2024-01-22,189.49,190.82,188.63,190.81,37132461.0,GOOGL,183.059,181.4884,156.95114999999998,183.059,192.38079765812293,173.73720234187707,-0.0034470151982033403,0.3556660746003548,64.40360090022509,2.1535173962701037,1.2169263417219536,0.9365910545481502,2.6392857142857156,830780963.0
2024-01-23,196.75,197.42,196.16,196.57,23249881.0,GOOGL,183.8095,182.0666,157.18675,183.8095,194.8766699896129,172.74233001038712,0.0301870971123106,0.3965896980461807,70.96874032807179,2.797540242309168,1.5330491218393965,1.2644911204697715,3.0550000000000006,854030844.0
2024-01-24,196.06,196.09,196.02,196.08,71323856.0,GOOGL,184.7575,182.54139999999998,157.43535,184.7575,196.63079932420422,172.88420067579577,-0.0024927506740600736,0.39310834813499085,73.49358974358984,3.231147426615479,1.8726687827946131,1.3584786438208658,2.9599999999999977,782706988.0
2024-01-25,194.17,194.2,194.07,194.12,115925418.0,GOOGL,185.6735,182.9748,157.69389999999999,185.6735,197.46351232087403,173.88348767912595,-0.009995920032639827,0.3791829484902305,73.82485511912434,3.377692685811354,2.173673563397961,1.204019122413393,2.9528571428571433,666781570.0
2024-01-26,191.71,192.03,191.59,191.8,52930689.0,GOOGL,186.35999999999999,183.37439999999998,157.94405,186.35999999999999,197.88175059798434,174.83824940201563,-0.011951370286420682,0.36269982238010634,68.12080536912758,3.2689438981635703,2.392727630351083,0.8762162678124872,3.0607142857142873,613850881.0
2024-01-29,192.77,193.05,192.71,192.97,70211335.0,GOOGL,186.7875,183.71020000000001,158.1996,186.7875,198.63601200962185,174.93898799037814,0.006100104275286622,0.37101243339253953,72.6879059696876,3.2398222679761375,2.562146557876094,0.6776757101000435,2.951428571428573,684062216.0
2024-01-30,195.78,196.27,195.53,195.86,48468672.0,GOOGL,187.424,183.93959999999998,158.5061,187.424,199.80114089934162,175.0468591006584,0.014976421205368684,0.3915452930728236,72.67945544554459,3.4106264350033655,2.7318425333015486,0.6787839017018169,2.9778571428571468,732530888.0
2024-01-31,195.51,195.67,194.78,195.15,98192297.0,GOOGL,188.03050000000002,184.12460000000002,158.76975000000002,188.03050000000002,200.68467505473356,175.37632494526648,-0.003625038292658034,0.3865008880994665,72.5671918443003,3.4489416492269243,2.875262356486624,0.5736792927403003,2.8514285714285745,634338591.0
2024-02-01,199.67,200.23,197.84,199.3,47447952.0,GOOGL,188.92450000000002,184.53560000000002,159.06035,188.92450000000002,202.12678764068647,175.72221235931357,0.02126569305662307,0.4159857904085251,74.05784399649431,3.770710644425151,3.0543520140743294,0.7163586303508214,3.0457142857142867,681786543.0
2024-02-02,207.01,207.39,206.81,207.15,105442042.0,GOOGL,190.31599999999997,185.1924,159.37175,190.31599999999997,205.03529546369066,175.5967045363093,0.039387857501254286,0.471758436944937,76.66841828691541,4.6060486247722,3.3646913362139035,1.2413572885582962,3.3192857142857144,787228585.0
2024-02-05,203.85,205.14,202.18,203.88,61136272.0,GOOGL,191.51399999999998,185.74480000000003,159.6663,191.51399999999998,206.56706459443623,176.46093540556373,-0.015785662563359892,0.44852575488454627,68.41694827138028,4.9471704199184785,3.6811871529548186,1.26598326696366,3.395714285714285,726092313.0
2024-02-06,207.14,207.69,206.36,206.78,28121689.0,GOOGL,192.93800000000002,186.3278,159.95685,192.93800000000002,208.1156187023442,177.76038129765584,0.014224053364724432,0.4691296625222019,75.6406937613254,5.38939210648698,4.022828143661251,1.3665639628257287,3.367857142857141,754214002.0
2024-02-07,213.74,213.84,212.6,212.75,21537434.0,GOOGL,194.5155,187.18079999999998,160.24415,194.5155,211.0536542596463,177.9773457403537,0.0288712641454687,0.5115452930728237,78.03967327887982,6.150683831217435,4.448399281172488,1.702284550044947,3.743571428571426,775751436.0
2024-02-08,210.6,210.61,210.48,210.5,62712599.0,GOOGL,196.0135,187.9528,160.52855,196.0135,212.64881218760317,179.37818781239682,-0.010575793184488869,0.4955595026642978,72.46753246753246,6.49755701918329,4.858230828774649,1.6393261904086414,3.6749999999999994,713038837.0
2024-02-09,203.79,205.91,203.62,205.39,58993178.0,GOOGL,197.1415,188.57760000000002,160.79255,197.1415,213.0567429748164,181.22625702518363,-0.024275534441805302,0.45925399644760145,65.57692307692307,6.287642200419413,5.144113103103602,1.1435290973158105,3.963571428571427,654045659.0
2024-02-12,208.13,208.14,207.63,207.93,85888379.0,GOOGL,198.19549999999998,189.34579999999997,161.06005,198.19549999999998,214.03289409053846,182.3581059094615,0.012366716977457726,0.4773001776198931,63.033501606241394,6.254146063776233,5.366119695238129,0.888026368538104,3.6878571428571427,739934038.0
2024-02-13,209.86,210.09,209.74,209.74,108786166.0,GOOGL,199.197,190.03839999999997,161.32135,199.197,215.3059789934249,183.0880210065751,0.00870485259462317,0.4901598579040849,65.21158129175944,6.301017796448662,5.553099315480235,0.7479184809684263,3.8028571428571434,848720204.0
2024-02-14,207.42,207.7,206.95,207.04,92181241.0,GOOGL,200.2005,190.6638,161.56560000000002,200.2005,215.58671457498397,184.81428542501604,-0.012873080957375826,0.47097690941385406,64.1542506573181,6.050549577927683,5.652589367969725,0.397960209957958,3.8585714285714294,756538963.0
2024-02-15,209.44,209.47,209.32,209.35,24931144.0,GOOGL,201.232,191.2952,161.82385,201.232,216.13608435719547,186.32791564280453,0.011157264296754343,0.4873889875666073,69.23076923076917,5.969635166517435,5.715998527679266,0.25363663883816834,3.8514285714285728,781470107.0
2024-02-16,210.54,211.77,210.4,210.91,57332785.0,GOOGL,202.204,191.99560000000002,162.11180000000002,202.204,216.96238445017042,187.4456155498296,0.007451636016240659,0.4984724689165183,69.49152542372877,5.962655098700111,5.765329841883435,0.19732525681667568,3.9350000000000023,838802892.0
2024-02-19,210.0,210.47,209.93,210.32,69884774.0,GOOGL,203.17950000000002,192.56279999999998,162.39535,203.17950000000002,217.33362378072508,189.02537621927496,-0.0027974017353373792,0.49428063943161593,66.53705397987186,5.8421703720773905,5.780697947922226,0.06147242415516452,3.769285714285715,768918118.0
2024-02-20,212.73,214.34,212.08,212.91,24457112.0,GOOGL,203.9965,193.0094,162.7075,203.9965,218.42788870656904,189.56511129343096,0.012314568276911464,0.5126820603907636,69.47368421052627,5.887805752961867,5.802119508930154,0.08568624403171299,3.979285714285715,793375230.0
2024-02-21,212.17,213.55,209.52,211.82,82446161.0,GOOGL,204.7835,193.418,163.014,204.7835,219.11350132222,190.45349867778,-0.005119534075430976,0.5049378330373,64.71556182416543,5.769510900344699,5.7955977872130635,-0.0260868868683648,3.904285714285716,710929069.0
2024-02-22,214.52,216.49,212.53,214.33,99553467.0,GOOGL,205.794,193.7586,163.31470000000002,205.794,219.8046026017174,191.78339739828263,0.011849683693702318,0.5227708703374778,59.650537634408586,5.811308256267495,5.79873988102395,0.012568375243544594,3.6600000000000046,810482536.0
2024-02-23,205.11,205.48,202.88,203.67,73074273.0,GOOGL,206.3875,193.9716,163.556,206.3875,218.81874395689675,193.95625604310322,-0.049736387813185345,0.44703374777975124,49.76452119309261,4.927459366961813,5.6244837782115225,-0.6970244112497097,4.122857142857149,737408263.0
2024-02-26,201.92,201.92,201.92,201.92,80903936.0,GOOGL,206.83499999999998,194.143,163.78300000000002,206.83499999999998,217.78915614468767,195.8808438553123,-0.008592330731084563,0.4346003552397868,44.4060773480663,4.039230643238426,5.3074331512169035,-1.2682025079784776,3.9757142857142918,656504327.0
2024-02-27,202.21,202.43,201.82,202.26,21722202.0,GOOGL,207.15500000000003,194.3912,164.03580000000002,207.15500000000003,217.0852970751179,197.22470292488217,0.0016838351822503483,0.43701598579040835,36.12800846336951,3.3244163366945827,4.91082978831244,-1.5864134516178572,3.515000000000007,678226529.0
2024-02-28,198.36,198.87,197.03,197.71,55546332.0,GOOGL,207.283,194.55900000000003,164.25845,207.283,216.60938159654134,197.95661840345863,-0.022495797488381153,0.404689165186501,34.0563450511095,2.363528588414397,4.4013695483328314,-2.0378409599184346,3.7264285714285768,622680197.0
2024-02-29,197.05,197.45,196.46,196.78,96888657.0,GOOGL,207.15699999999998,194.775,164.4845,207.15699999999998,216.99172708529318,197.3222729147068,-0.004703859187699222,0.39808170515097685,38.01836905093243,1.5095734740819182,3.823010333482649,-2.313436859400731,3.3242857142857196,525791540.0
2024-03-01,194.05,194.46,193.62,194.44,75241689.0,GOOGL,206.5215,194.9636,164.7282,206.5215,217.88231589916984,195.16068410083017,-0.011891452383372303,0.38145648312611,31.122306185278504,0.6366505386467054,3.1857383745154606,-2.549087835868755,3.353571428571434,450549851.0
2024-03-04,194.76,195.12,193.21,194.68,114559922.0,GOOGL,206.06150000000002,195.10580000000002,164.9537,206.06150000000002,218.5606389598218,193.56236104017825,0.0012343139271755454,0.3831616341030195,27.956674473067963,-0.03537341975575714,2.5415160156612173,-2.5768894354169745,3.335714285714291,565109773.0
2024-03-05,188.6,191.5,187.39,189.66,29552952.0,GOOGL,205.20549999999997,195.2678,165.15774999999996,205.20549999999997,219.6854207252877,190.72557927471223,-0.025785905074994897,0.3474955595026643,26.178728070175495,-0.9619406416408083,1.8408246842008125,-2.8027653258416207,3.6571428571428624,535556821.0
2024-03-06,184.79,185.2,184.41,184.73,32875993.0,GOOGL,203.8045,195.42,165.3364,203.8045,220.46832211164383,187.14067788835615,-0.025993883792048922,0.31246891651865005,18.516624040920775,-2.0701976885121383,1.0586202096582222,-3.1288178981703605,3.8585714285714334,502680828.0
2024-03-07,180.48,180.64,179.84,180.63,44813520.0,GOOGL,202.31099999999998,195.5166,165.48739999999998,202.31099999999998,221.59617827381217,183.0258217261878,-0.022194554214258644,0.28333925399644766,13.640730067243112,-3.2419637772174212,0.19850341228309354,-3.4404671895005148,4.035000000000003,457867308.0
2024-03-08,177.24,177.41,176.99,177.03,104212466.0,GOOGL,200.893,195.49579999999997,165.6013,200.893,223.16427118060582,178.62172881939418,-0.019930244145490716,0.2577619893428065,12.72116461366187,-4.410248162645047,-0.7232469027025347,-3.6870012599425124,4.225000000000002,353654842.0
2024-03-11,172.99,173.07,172.98,173.03,71376691.0,GOOGL,199.148,195.268,165.7067,199.148,224.3710976853,173.9249023147,-0.02259504038863469,0.22934280639431615,6.708640903169837,-5.594399767608053,-1.6974774756836384,-3.8969222919244144,4.2271428571428595,282278151.0
2024-03-12,171.98,172.92,171.85,172.78,102516692.0,GOOGL,197.3,195.06099999999998,165.78855,197.3,224.58697780800972,170.0130221919903,-0.0014448361555799982,0.22756660746003554,6.833259619637403,-6.47834305049804,-2.653650590646519,-3.824692459851521,4.023571428571431,179761459.0
2024-03-13,178.88,179.28,178.83,179.28,43966748.0,GOOGL,195.91199999999998,194.9862,165.90345000000002,195.91199999999998,223.92730754502222,167.89669245497774,0.037620094918393354,0.27374777975133213,14.38731965047755,-6.5785454168591855,-3.4386295558890527,-3.1399158609701328,4.154285714285716,223728207.0
2024-03-14,181.22,182.99,180.67,182.39,110609693.0,GOOGL,194.56400000000002,195.0056,166.0463,194.56400000000002,222.4509729254977,166.67702707450235,0.01734716644355183,0.295843694493783,24.459913586173784,-6.333991197719229,-4.017701884255088,-2.316289313464141,3.6014285714285728,334337900.0
2024-03-15,175.34,177.69,173.57,176.56,42460769.0,GOOGL,192.8465,194.9504,166.1582,192.8465,220.7257571637063,164.96724283629368,-0.031964471736388944,0.2544227353463586,22.278093572365535,-6.535277878476023,-4.521217083099275,-2.014060795376748,4.106428571428572,291877131.0
2024-03-18,180.43,181.53,180.13,181.05,85697842.0,GOOGL,191.38299999999998,194.97299999999998,166.3022,191.38299999999998,218.46163488746225,164.3043651125377,0.025430448572723252,0.28632326820603904,28.74323511725798,-6.260328379029346,-4.86903934228529,-1.3912890367440562,4.417857142857143,377574973.0
2024-03-19,183.44,183.81,183.24,183.49,102512329.0,GOOGL,189.912,195.0768,166.4598,189.912,215.2042293870763,164.6197706129237,0.013476940071803334,0.30365896980461793,35.1192967768941,-5.778925456340005,-5.0510165650962335,-0.7279088912437714,4.241428571428571,480087302.0
2024-03-20,182.92,183.13,182.47,183.1,21381916.0,GOOGL,188.476,195.1148,166.59245,188.476,211.7082873332977,165.2437126667023,-0.002125456428143324,0.3008880994671399,35.520745131244695,-5.367012335072388,-5.114215719091464,-0.25279661598092407,4.2250000000000005,458705386.0
2024-03-21,178.77,179.2,178.52,179.06,80465293.0,GOOGL,186.7125,195.08520000000001,166.73435,186.7125,206.8268791196368,166.5981208803632,-0.022064445658110277,0.2721847246891649,34.28688189619943,-5.3054050482094794,-5.152453584915068,-0.15295146329441156,4.326428571428571,378240093.0
2024-03-22,186.36,188.42,182.98,184.88,23938218.0,GOOGL,185.773,195.12620000000004,166.90419999999997,185.773,204.24028099554667,167.30571900445332,0.03250307159611299,0.31353463587921815,41.012472487160665,-4.732403270203406,-5.0684435219727355,0.3360402517693295,4.858571428571428,402178311.0
2024-03-25,181.53,181.72,181.19,181.33,44215911.0,GOOGL,184.74349999999998,195.0158,167.0564,184.74349999999998,201.65042449233536,167.8365755076646,-0.01920164430982252,0.2883126110124332,42.14891611687088,-4.512730614840194,-4.957300940546228,0.4445703257060334,4.601428571428569,357962400.0
2024-03-26,180.24,180.26,180.06,180.16,60057760.0,GOOGL,183.6385,194.82479999999998,167.20734999999996,183.6385,198.4887677984023,168.78823220159768,-0.006452324491259098,0.2799999999999998,45.36417123148713,-4.382528612890809,-4.842346475015144,0.45981786212433473,4.317142857142855,297904640.0
2024-03-27,185.82,186.63,185.77,186.24,105790386.0,GOOGL,183.065,194.8102,167.39555000000001,183.065,196.439778306084,169.690221693916,0.03374777975133214,0.323197158081705,55.471035693387954,-3.7455609063732993,-4.622989361286775,0.8774284549134759,4.429999999999999,403695026.0
2024-03-28,187.42,187.52,187.32,187.47,104494792.0,GOOGL,182.59949999999998,194.7852,167.57965000000002,182.59949999999998,194.53503998514074,170.6639600148592,0.006604381443299001,0.3319360568383658,60.674846625766875,-3.105708020567562,-4.319533093142933,1.2138250725753714,4.261428571428572,508189818.0
2024-03-29,190.32,190.64,190.04,190.24,114911771.0,GOOGL,182.3895,194.76059999999998,167.7866,182.3895,193.57190248172142,171.20709751827857,0.014775697444924685,0.35161634103019557,68.05118523180198,-2.348037434587951,-3.9252339614319367,1.5771965268439856,4.198571428571427,623101589.0
2024-04-01,190.32,190.72,190.07,190.28,117566541.0,GOOGL,182.1695,194.75,168.03665,182.1695,192.47233246695572,171.86666753304428,0.00021026072329677348,0.35190053285968026,68.43657817109145,-1.7244717340672935,-3.4850815159590085,1.760609781891715,4.160714285714284,740668130.0
2024-04-02,189.73,189.79,189.3,189.73,35895238.0,GOOGL,182.173,194.6132,168.305,182.173,192.48658858369558,171.85941141630443,-0.002890477191507257,0.3479928952042628,62.587328354613334,-1.2601456526443826,-3.0400943432960834,1.7799486906517008,3.766428571428569,704772892.0
2024-04-03,190.2,190.27,190.13,190.26,100186268.0,GOOGL,182.4495,194.4968,168.5801,182.4495,193.3325171416439,171.5664828583561,0.002793443314183408,0.3517584369449378,60.10788594913949,-0.8397175757159232,-2.6000189897800516,1.7603014140641284,3.5399999999999983,804959160.0
2024-04-04,194.86,195.86,194.06,195.41,106740160.0,GOOGL,183.1885,194.52259999999998,168.86855,183.1885,195.4688382003853,170.9081617996147,0.027068222432460765,0.38834813499111887,74.64052287581697,-0.0899267168606741,-2.098000535196176,2.008073818335502,3.31,911699320.0
2024-04-05,194.8,195.71,194.74,195.61,97845195.0,GOOGL,184.1175,194.5988,169.15025000000003,184.1175,197.21983064844218,171.01516935155783,0.0010234890742542024,0.38976909413854344,71.43698468786806,0.5144954855684887,-1.575501331043243,2.0899968166117318,3.0242857142857145,1009544515.0
2024-04-08,199.19,199.21,198.09,198.25,97737180.0,GOOGL,185.3785,194.7044,169.47505,185.3785,198.83744384689012,171.91955615310988,0.013496242523388213,0.4085257548845467,71.60421545667444,1.1927807383483469,-1.021844917164925,2.214625655513272,3.084285714285715,1107281695.0
2024-04-09,193.05,194.22,192.52,193.23,49712197.0,GOOGL,186.401,194.6518,169.76725,186.401,198.90315796109894,173.89884203890108,-0.025321563682219494,0.37285968028419125,63.05748904356792,1.3101520248471559,-0.555445528762509,1.865597553609665,3.420714285714285,1057569498.0
2024-04-10,195.07,195.85,194.95,195.32,118923480.0,GOOGL,187.20300000000003,194.65519999999998,170.0683,187.20300000000003,199.83895221663622,174.56704778336385,0.010816125860373615,0.38770870337477725,72.06840390879475,1.5539027248123318,-0.13357587804754084,1.6874786028598727,3.280714285714286,1176492978.0
2024-04-11,197.81,198.25,196.52,196.8,90810644.0,GOOGL,187.9235,194.6052,170.38375,187.9235,201.03817362196207,174.8088263780379,0.007577309031333357,0.39822380106571886,68.33846153846153,1.8452298803427425,0.2621852736305158,1.5830446067122268,2.8214285714285734,1267303622.0
2024-04-12,197.22,197.54,196.54,197.37,49690883.0,GOOGL,188.964,194.40959999999998,170.70875,188.964,201.5750150682923,176.3529849317077,0.0028963414634146645,0.4022735346358788,77.16802168021673,2.0979194764951217,0.6293321142034369,1.4685873622916847,2.6292857142857167,1316994505.0
2024-04-15,200.91,202.2,199.49,202.17,119331321.0,GOOGL,190.02,194.37539999999998,171.04985,190.02,203.3568772483257,176.68312275167432,0.02431980544155632,0.43637655417406673,83.19758672699844,2.6548937244607203,1.0344444362548937,1.6204492882058266,2.883571428571429,1436325826.0
2024-04-16,208.27,208.4,208.26,208.34,91054902.0,GOOGL,191.2625,194.4066,171.41774999999998,191.2625,206.52855298314785,175.99644701685213,0.030518870257703945,0.4802131438721129,83.24308062575206,3.5532080928160212,1.5381971675671193,2.0150109252489017,2.8664285714285733,1527380728.0
2024-04-17,211.97,212.85,211.58,212.83,24346893.0,GOOGL,192.749,194.4082,171.8216,192.749,210.2889440676077,175.2090559323923,0.021551310358068676,0.5121136767317933,84.73972602739723,4.57469988462924,2.1454977109795434,2.4292021736496965,3.0971428571428583,1551727621.0
2024-04-18,213.87,214.3,213.57,213.6,93389926.0,GOOGL,194.476,194.4702,172.24355,194.476,213.10851645574897,175.84348354425103,0.0036179110087861677,0.5175843694493774,83.85507246376807,5.38430513594011,2.793259195971657,2.591045939968453,2.9757142857142873,1645117547.0
2024-04-19,214.65,214.71,214.61,214.71,82743383.0,GOOGL,195.9675,194.6566,172.66949999999997,195.9675,216.08243697414335,175.85256302585665,0.005196629213483295,0.5254706927175836,84.34073657576606,6.045798650375275,3.443767086852381,2.602031563522894,3.008571428571431,1727860930.0
2024-04-22,216.38,218.22,214.33,215.82,55486604.0,GOOGL,197.692,194.81440000000003,173.0769,197.692,218.4273657716542,176.95663422834582,0.005169763867542088,0.5333570159857894,86.10572931082201,6.583711818090819,4.071756033100069,2.51195578499075,3.2164285714285734,1783347534.0
2024-04-23,219.46,220.84,219.4,219.96,62793627.0,GOOGL,199.68200000000002,195.0188,173.49075000000002,199.68200000000002,220.96495052754614,178.3990494724539,0.019182652210175233,0.562770870337477,87.36789129340713,7.260382113958087,4.709481249271673,2.5509008646864144,3.536428571428573,1846141161.0
2024-04-24,216.05,216.37,215.65,215.66,115776916.0,GOOGL,201.153,195.19119999999998,173.8748,201.153,222.59035657309894,179.71564342690104,-0.019549008910711096,0.53222024866785,76.03497042941628,7.364777563837492,5.240540512184837,2.1242370516526554,3.4442857142857144,1730364245.0
2024-04-25,210.09,211.49,207.29,208.76,46313456.0,GOOGL,202.21750000000003,195.1794,174.23905000000002,202.21750000000003,222.8949220881282,181.54007791187186,-0.031994806640081586,0.4831971580817045,64.42202237332745,6.812212431249122,5.554874895997694,1.2573375352514287,3.9728571428571433,1684050789.0
2024-04-26,215.47,215.76,213.33,213.57,85905818.0,GOOGL,203.384,195.2326,174.63825,203.384,223.84754540460673,182.92045459539324,0.02304081241617162,0.5173712255772638,66.03852596314906,6.685362684278175,5.78097245365379,0.9043902306243847,4.215714285714286,1769956607.0
2024-04-29,206.3,209.23,204.48,207.22,109846261.0,GOOGL,204.23100000000002,195.1706,174.99675000000002,204.23100000000002,223.79329552777173,184.6687044722283,-0.02973264035210932,0.47225577264653573,64.2493379507028,6.003239803497195,5.825425923622472,0.17781387987472286,4.455714285714287,1660110346.0
2024-04-30,199.11,199.5,198.48,198.74,97861450.0,GOOGL,204.6815,194.8872,175.30185,204.6815,223.22623541410164,186.13676458589836,-0.04092269085995559,0.41200710479573655,53.08219178082193,4.723932819369708,5.60512730277192,-0.8811944834022123,4.892857142857145,1562248896.0
2024-05-01,204.96,205.37,204.64,204.7,22902495.0,GOOGL,205.40349999999998,194.7448,175.64774999999997,205.40349999999998,222.66406811287032,188.14293188712963,0.029988930260641977,0.4543516873889868,56.58772515010005,4.143234380872457,5.312748718392028,-1.169514337519571,5.157142857142858,1585151391.0
2024-05-02,204.18,204.57,199.59,202.27,42224334.0,GOOGL,205.74650000000003,194.5036,175.98365,205.74650000000003,222.43403114722378,189.05896885277627,-0.011871030776746339,0.43708703374777924,53.96311873180201,3.4472087167406755,4.939640718061757,-1.492432001321082,5.450714285714286,1542927057.0
2024-05-03,196.09,196.42,195.18,195.46,25497156.0,GOOGL,205.73899999999998,194.3394,176.29670000000002,205.73899999999998,222.44583679783705,189.0321632021629,-0.033667869679141704,0.3887033747779747,44.7438508538305,2.3193571711475442,4.415584008678914,-2.09622683753137,5.612142857142858,1517429901.0
2024-05-06,199.45,200.14,199.42,199.78,112969645.0,GOOGL,205.81550000000001,194.2966,176.63895,205.81550000000001,222.3914489368779,189.23955106312212,0.022101708789522112,0.4193960923623441,43.094546627944496,1.753896761681176,3.8832465592793666,-2.1293497975981905,5.50142857142857,1630399546.0
2024-05-07,198.87,201.58,198.71,199.59,45087123.0,GOOGL,206.1335,194.2432,176.9669,206.1335,221.91796574792627,190.34903425207372,-0.0009510461507657997,0.41804618117229086,38.52288488210816,1.275728101709717,3.361742867765437,-2.08601476605572,5.384285714285714,1585312423.0
2024-05-08,200.34,201.05,195.87,198.33,32468761.0,GOOGL,206.28400000000002,194.2556,177.29219999999998,206.28400000000002,221.68713898289585,190.8808610171042,-0.006312941530136729,0.4090941385435165,36.8746776689015,0.7860435037069351,2.8466029949537366,-2.0605594912468015,5.649285714285715,1552843662.0
2024-05-09,197.37,197.62,197.15,197.59,103585457.0,GOOGL,206.32350000000002,194.2718,177.62605,206.32350000000002,221.62797100136655,191.0190289986335,-0.0037311551454646263,0.4038365896980458,35.19031141868511,0.33439837987330634,2.344162071937651,-2.0097636920643445,5.654285714285714,1449258205.0
2024-05-10,195.59,198.42,195.0,197.51,110329033.0,GOOGL,206.33050000000003,194.3332,177.9788,206.33050000000003,221.61784664251817,191.04315335748188,-0.00040487878941253275,0.40326820603907576,33.87352474898712,-0.029647211504908455,1.8694002152491391,-1.8990474267540476,5.6207142857142856,1338929172.0
2024-05-13,198.9,199.38,198.05,198.94,24324451.0,GOOGL,206.169,194.4184,178.34044999999998,206.169,221.70759155034685,190.63040844965317,0.007240139739760121,0.4134280639431611,30.558638549759507,-0.2004561823965787,1.4554289357199957,-1.6558851181165744,5.395714285714285,1363253623.0
2024-05-14,196.81,196.86,196.54,196.75,99818636.0,GOOGL,205.5895,194.5602,178.69494999999998,205.5895,221.64312785692098,189.535872143079,-0.011008344224389233,0.39786856127886283,31.79980750721846,-0.5066973284525034,1.0630036828854958,-1.5697010113379992,5.259285714285714,1263434987.0
2024-05-15,196.92,197.77,196.83,197.61,68952162.0,GOOGL,204.8285,194.81779999999998,179.03544999999997,204.8285,220.8799321708977,188.7770678291023,0.004371029224904843,0.4039786856127885,37.85667610542367,-0.6722515331578336,0.71595263967683,-1.3882041728346635,4.734285714285714,1332387149.0
2024-05-16,197.72,198.27,196.84,197.63,88425035.0,GOOGL,204.03000000000003,195.15779999999998,179.38694999999998,204.03000000000003,219.83111521714056,188.2288847828595,0.00010120945296288042,0.40412078152753095,30.61770428015562,-0.792702815668747,0.41422154860771454,-1.2069243642764615,4.336428571428572,1420812184.0
2024-05-17,187.6,188.35,187.14,188.15,69285723.0,GOOGL,202.702,195.3802,179.70309999999998,202.702,219.17397121748212,186.23002878251788,-0.04796842584627836,0.3367673179396091,28.451977401129923,-1.6342791445229352,0.004521409981584568,-1.63880055450452,4.436428571428572,1351526461.0
2024-05-20,183.18,185.37,182.04,182.71,23146258.0,GOOGL,201.04649999999998,195.5738,179.9841,201.04649999999998,218.58792318537763,183.50507681462233,-0.02891310124900348,0.2981172291296623,30.550837175442823,-2.7089696683315196,-0.5381768056810362,-2.1707928626504835,4.24857142857143,1328380203.0
2024-05-21,178.08,179.32,177.58,179.0,84817139.0,GOOGL,198.99849999999998,195.69820000000004,180.2437,198.99849999999998,216.8046128179143,181.19238718208567,-0.020305402003174433,0.27175843694493773,17.01745379876796,-3.816046635209119,-1.1937507715866529,-2.6222958636224662,4.141428571428572,1243563064.0
2024-05-22,176.62,180.1,176.13,178.21,60882126.0,GOOGL,197.126,195.67680000000001,180.4993,197.126,215.4244317993611,178.82756820063892,-0.0044134078212290095,0.266145648312611,17.76527331189709,-4.702946861278917,-1.895589989525106,-2.8073568717538113,4.060000000000002,1182680938.0
2024-05-23,179.77,179.77,179.59,179.74,76351774.0,GOOGL,195.675,195.62380000000002,180.76035,195.675,214.67788011412105,176.67211988587897,0.008585376802648481,0.2770159857904084,25.468164794007492,-5.222165592686565,-2.560905110157398,-2.6612604825291672,3.6650000000000023,1259032712.0
2024-05-24,186.72,188.08,186.27,186.34,119359655.0,GOOGL,194.3135,195.81939999999997,181.06015,194.3135,211.75578048223997,176.87121951776004,0.0367197062423501,0.3239076376554173,30.419580419580413,-5.042953309969619,-3.0573147501198426,-1.985638559849776,3.9264285714285756,1378392367.0
2024-05-27,182.24,182.58,181.76,181.78,32728937.0,GOOGL,193.04149999999998,195.834,181.33609999999996,193.04149999999998,210.22936998836437,175.8536300116356,-0.024471396372222842,0.2915097690941384,26.983716722667353,-5.208835956730212,-3.4876189914419164,-1.7212169652882956,4.048571428571433,1345663430.0
2024-05-28,182.88,182.91,182.11,182.79,97483128.0,GOOGL,192.244,195.82,181.6073,192.244,209.79488169925168,174.69311830074832,0.005556166795026796,0.2986856127886319,29.78668054110298,-5.198871238873323,-3.829869440928198,-1.3690017979451254,3.759285714285718,1443146558.0
2024-05-29,184.88,185.68,184.57,184.72,103043369.0,GOOGL,191.245,195.85240000000002,181.90245,191.245,208.07015347548895,174.41984652451106,0.010558564472892495,0.3123978685612785,33.76230128690385,-4.977857613898578,-4.059467075522274,-0.918390538376304,3.8814285714285757,1546189927.0
2024-05-30,188.55,188.59,188.46,188.47,87547614.0,GOOGL,190.555,196.0406,182.20505,190.555,206.58973532186226,174.52026467813775,0.0203009961022087,0.339040852575488,39.56120092378754,-4.448825769671686,-4.137338814352157,-0.31148695531952875,3.913571428571434,1633737541.0
2024-05-31,188.03,188.31,187.09,187.71,24035628.0,GOOGL,190.16750000000002,196.0972,182.49005,190.16750000000002,206.07722807336734,174.2577719266327,-0.004032472011460619,0.33364120781527506,36.82852451325358,-4.0442700424890745,-4.118725059979541,0.07445501749046635,3.8785714285714334,1609701913.0
2024-06-03,189.43,189.76,188.84,188.94,81024644.0,GOOGL,189.62550000000002,196.24939999999998,182.78785,189.62550000000002,204.88155105144455,174.3694489485555,0.006552661019658013,0.34238010657193585,40.62874970002398,-3.5831022215626547,-4.011600492296164,0.42849827073350966,3.8535714285714318,1690726557.0
2024-06-04,190.06,190.51,189.8,189.89,32592285.0,GOOGL,189.1405,196.444,183.0528,189.1405,203.6617939469872,174.61920605301282,0.005028051233195718,0.34912966252220223,40.75670498084287,-3.1051718522150225,-3.8303147642799362,0.7251429120649138,3.892857142857145,1723318842.0
2024-06-05,191.6,193.15,190.3,192.33,60149817.0,GOOGL,188.8405,196.56580000000002,183.304,188.8405,202.7994540778469,174.8815459221531,0.012849544473116259,0.36646536412078157,44.00181077410594,-2.5006945331852535,-3.5643907180609995,1.063696184875746,4.023571428571431,1783468659.0
2024-06-06,194.36,196.15,194.11,194.53,54326110.0,GOOGL,188.6875,196.707,183.59025000000003,188.6875,202.30557912105954,175.06942087894046,0.011438673113918663,0.38209591474245097,58.6449864498645,-1.8231046731683307,-3.216133509082466,1.3930288359141354,3.547142857142859,1837794769.0
2024-06-07,182.53,183.47,182.28,183.05,104850635.0,GOOGL,187.9645,196.56320000000002,183.80495,187.9645,201.13853902417915,174.79046097582082,-0.05901403382511694,0.3005328596802841,50.395901257568696,-2.187236780868261,-3.010354163439625,0.8231173825713638,3.9857142857142867,1732944134.0
2024-06-10,182.38,182.6,181.5,182.05,118021874.0,GOOGL,187.12,196.39860000000002,184.00400000000002,187.12,199.47138006352944,174.76861993647057,-0.005462988254575252,0.29342806394316145,53.790703455133006,-2.5273717737286745,-2.913757685497435,0.3863859117687607,3.7300000000000018,1614922260.0
2024-06-11,183.96,185.27,182.83,183.06,34332752.0,GOOGL,186.4355,196.2652,184.22334999999998,186.4355,198.03422674500655,174.83677325499343,0.005547926393847824,0.3006039076376552,55.99505562422744,-2.6844875456423836,-2.867903657526425,0.1834161118840414,3.6764285714285734,1649255012.0
2024-06-12,176.93,177.41,176.86,177.08,113139919.0,GOOGL,185.409,196.0016,184.4055,185.409,196.4648541768157,174.3531458231843,-0.03266688517425975,0.2581172291296623,47.037861915367486,-3.25402853451331,-2.945128632923802,-0.3088999015895082,4.0078571428571435,1536115093.0
2024-06-13,181.94,182.28,181.91,182.25,57924256.0,GOOGL,184.64000000000001,195.7384,184.61995,184.64000000000001,194.14790031611176,175.13209968388827,0.029195843686469214,0.2948490230905856,45.29560616517137,-3.250745508306636,-3.0062520080003687,-0.24449350030626738,3.7835714285714284,1594039349.0
2024-06-14,180.88,180.9,180.77,180.82,88879573.0,GOOGL,184.2735,195.44259999999997,184.81465,184.2735,193.77681415875878,174.77018584124124,-0.007846364883401957,0.2846891651865002,48.81011403073871,-3.325201877993038,-3.070041981998903,-0.25515989599413524,3.5621428571428555,1505159776.0
2024-06-17,186.0,186.24,184.45,184.89,21510864.0,GOOGL,184.3825,195.1754,185.04335,184.3825,193.86028094170848,174.9047190582915,0.02250857206061263,0.3136056838365888,52.41935483870967,-3.0209702373998653,-3.0602276330790956,0.03925739567923037,3.8685714285714283,1526670640.0
2024-06-18,180.69,180.96,180.62,180.88,33052699.0,GOOGL,184.47650000000002,194.9284,185.2656,184.47650000000002,193.7649087924037,175.18809120759633,-0.021688571583103444,0.2851154529307274,45.77836411609498,-3.068071143061644,-3.0617963350756052,-0.006274807986038855,3.9671428571428544,1493617941.0
2024-06-19,181.5,183.32,179.96,180.49,71028493.0,GOOGL,184.5905,194.6318,185.46,184.5905,193.60706131209687,175.5739386879031,-0.0021561256081379376,0.28234458259324957,40.52706552706553,-3.101120899428423,-3.0696612479461693,-0.031459651482253825,3.9307142857142816,1422589448.0
2024-06-20,180.73,180.74,180.71,180.72,30354744.0,GOOGL,184.6395,194.3102,185.65490000000003,184.6395,193.55515972999856,175.72384027000143,0.0012743088259736801,0.2839786856127877,41.596537629237766,-3.0733265957336755,-3.0703943175036708,-0.002932278230004748,3.8499999999999965,1452944192.0
2024-06-21,178.84,178.86,178.83,178.85,52800965.0,GOOGL,184.26500000000001,193.93980000000002,185.8293,184.26500000000001,193.50329900041766,175.02670099958237,-0.010347498893315654,0.2706927175843685,38.05351645749465,-3.1657005561354197,-3.0894555652300206,-0.07624499090539905,3.838571428571425,1400143227.0
2024-06-24,176.05,176.5,175.93,175.96,42961449.0,GOOGL,183.974,193.4156,185.97485,183.974,193.88410627167306,174.06389372832692,-0.016158792284036827,0.25015985790408446,34.231378763866886,-3.4325382680611654,-3.1580721057962498,-0.2744661622649156,3.934999999999996,1357181778.0
2024-06-25,177.86,178.09,177.52,177.58,77597860.0,GOOGL,183.7135,192.8004,186.13030000000003,183.7135,194.02060184392863,173.4063981560714,0.00920663787224374,0.26166962699822305,32.98731257208763,-3.473251139022267,-3.2211079124414534,-0.25214322658081345,3.8542857142857088,1434779638.0
2024-06-26,178.16,178.82,177.87,178.51,98807429.0,GOOGL,183.40300000000002,192.114,186.29635,183.40300000000002,193.95370783357865,172.8522921664214,0.0052370762473250565,0.268277087033747,30.96482889733835,-3.391379443746473,-3.255162218702458,-0.13621722504401523,3.6699999999999937,1533587067.0
2024-06-27,176.13,177.45,174.88,177.37,27973286.0,GOOGL,182.848,191.3894,186.44915,182.848,193.44412560773043,172.2518743922696,-0.00638619685171693,0.26017761989342736,41.05229993698799,-3.3795269252968296,-3.2800351600213324,-0.09949176527549719,3.0542857142857076,1505613781.0
2024-06-28,180.8,181.33,180.76,181.11,56172753.0,GOOGL,182.518,190.71739999999997,186.59425,182.518,192.8851903517557,172.1508096482443,0.021085865704459694,0.28674955595026574,48.6368909512761,-3.0333800584169524,-3.230704139700457,0.19732408128350443,3.2264285714285643,1561786534.0
2024-07-01,182.77,182.87,182.61,182.83,33943923.0,GOOGL,182.2125,190.05759999999998,186.74540000000002,182.2125,192.13336769337926,172.29163230662076,0.009496990779084502,0.2989698046181164,49.67320261437909,-2.590405959768418,-3.1026445037140493,0.5122385439456312,3.12214285714285,1595730457.0
2024-07-02,183.6,184.52,179.24,181.51,60315898.0,GOOGL,181.7935,189.2886,186.88325,181.7935,191.033578092633,172.55342190736698,-0.007219821692282524,0.28959147424511444,57.25515886013755,-2.3191253302316,-2.9459406690175594,0.6268153387859594,3.056428571428565,1535414559.0
2024-07-03,176.36,177.11,175.47,176.17,75267491.0,GOOGL,180.9855,188.49880000000002,186.99705000000003,180.9855,189.10434221717782,172.8666577828222,-0.029419866674012418,0.25165186500888015,40.09771986970681,-2.50613765375428,-2.8579800659649033,0.3518424122106234,3.116428571428565,1460147068.0
2024-07-04,180.68,180.86,177.39,179.69,21550792.0,GOOGL,180.24349999999998,187.91740000000001,187.12294999999997,180.24349999999998,185.27629047845818,175.2107095215418,0.019980700459783174,0.2766607460035515,48.276913693199155,-2.3432995863859674,-2.7550439700491163,0.4117443836631489,3.345714285714282,1481697860.0
2024-07-05,179.43,180.54,179.28,179.98,27724030.0,GOOGL,180.09,187.24560000000002,187.25779999999997,180.09,184.94656148666354,175.23343851333647,0.0016138905893483546,0.278721136767317,41.53740089624267,-2.165881732050252,-2.6372115224493435,0.4713297903990914,3.048571428571423,1509421890.0
2024-07-08,176.95,177.7,176.64,176.77,85533224.0,GOOGL,179.826,186.6366,187.37079999999997,179.826,184.80640962171375,174.84559037828623,-0.017835315035003796,0.25591474245115364,42.71534916696209,-2.258265102789494,-2.5614222385173737,0.3031571357278797,2.982142857142853,1423888666.0
2024-07-09,171.28,171.32,170.66,170.77,87003615.0,GOOGL,179.2115,186.0772,187.43834999999999,179.2115,185.39843793832537,173.02456206167463,-0.033942411042597764,0.21328596802841826,35.62980484920165,-2.7835425003454475,-2.605846290882989,-0.17769620946245857,3.1785714285714266,1336885051.0
2024-07-10,176.65,176.77,175.97,176.29,102528126.0,GOOGL,179.172,185.50900000000001,187.51065000000003,179.172,185.42596076604386,172.91803923395614,0.03232417871991555,0.25250444049733467,44.33648683201226,-2.723021458540586,-2.6292813244145083,-0.09374013412607773,3.589285714285712,1439413177.0
2024-07-11,178.77,178.99,175.81,176.95,68697554.0,GOOGL,178.907,185.00260000000003,187.57075,178.907,185.06014758991003,172.75385241009,0.003743831187248192,0.25719360568383554,47.493403693931384,-2.5919235316731033,-2.6218097658662276,0.029886234193124306,3.681428571428571,1508110731.0
2024-07-12,175.96,176.59,173.95,174.1,110804447.0,GOOGL,178.571,184.57539999999997,187.60875,178.571,185.01150635473024,172.13049364526975,-0.016106244701893146,0.23694493783303638,47.54358161648175,-2.687024317954439,-2.6348526762838698,-0.05217164167056909,3.6871428571428573,1397306284.0
2024-07-15,172.97,173.89,172.79,173.22,98171566.0,GOOGL,177.9875,184.04420000000002,187.6092,177.9875,184.12495318344705,171.85004681655298,-0.005054566341183175,0.2306927175843687,44.127155172413765,-2.8011115514460414,-2.668104451316304,-0.1330071001297375,3.6285714285714294,1299134718.0
2024-07-16,166.64,167.25,166.34,166.67,97484709.0,GOOGL,177.277,183.38580000000002,187.57765,177.277,185.07102767306333,169.48297232693665,-0.0378131855443945,0.18415630550621587,36.14880673841834,-3.381081759435773,-2.8106999129401977,-0.5703818464955752,4.031428571428573,1201650009.0
2024-07-17,170.06,170.12,169.81,169.96,77080748.0,GOOGL,176.75050000000002,182.8184,187.56530000000004,176.75050000000002,185.0376961482793,168.46330385172072,0.01973960520789597,0.2075310834813493,41.746491423479625,-3.534493383821598,-2.9554586071164777,-0.5790347767051203,4.018571428571432,1278730757.0
2024-07-18,170.77,171.2,170.54,170.63,42790480.0,GOOGL,176.246,182.27920000000003,187.58755000000002,176.246,184.74159489568763,167.7504051043124,0.003942104024476256,0.21229129662522128,37.47010999521758,-3.5609612561031554,-3.076559136913813,-0.4844021191893422,3.8242857142857156,1321521237.0
2024-07-19,173.29,175.48,173.04,173.49,56913267.0,GOOGL,175.978,181.7988,187.6184,175.978,184.46588759288952,167.4901124071105,0.01676141358494987,0.23261101243339177,39.12942271880819,-3.3129692898724272,-3.123841167505536,-0.18912812236689103,4.045000000000002,1378434504.0
2024-07-22,168.14,168.34,167.1,167.48,22915556.0,GOOGL,175.554,181.1696,187.60765,175.554,184.85403146571082,166.25396853428919,-0.03464176609602865,0.18991119005328505,35.27806925498426,-3.560349153482292,-3.2111427647008877,-0.34920638878140453,4.124285714285717,1355518948.0
2024-07-23,167.93,168.86,166.27,168.61,109496698.0,GOOGL,175.1055,180.6068,187.58325000000002,175.1055,184.84874808048875,165.36225191951127,0.006747074277525744,0.19793960923623355,41.2983425414365,-3.6234490562708572,-3.2936040230148818,-0.3298450332559755,3.8778571428571462,1465015646.0
2024-07-24,170.05,170.89,165.51,167.37,85771271.0,GOOGL,174.5485,180.002,187.55425,174.5485,184.73584049278028,164.3611595072197,-0.007354249451396733,0.18912966252220165,35.0340136054422,-3.7305108142246297,-3.380985381256832,-0.3495254329677979,3.9271428571428584,1379244375.0
2024-07-25,169.62,170.05,168.98,169.21,109120071.0,GOOGL,174.1405,179.4336,187.49384999999998,174.1405,184.50413576723153,163.77686423276847,0.010993606978550563,0.20220248667850726,37.39171154296421,-3.6250975383852904,-3.4298078126825238,-0.1952897257027666,4.028571428571431,1488364446.0
2024-07-26,169.81,170.07,169.34,169.54,41525386.0,GOOGL,173.56199999999998,179.0614,187.4187,173.56199999999998,183.57326649541181,163.55073350458815,0.0019502393475561153,0.20454706927175748,40.923926688425794,-3.4748723503244037,-3.4388207202108996,-0.036051630113504096,3.8514285714285728,1529889832.0
2024-07-29,167.76,169.8,167.31,168.45,76699581.0,GOOGL,172.843,178.7762,187.35745000000003,172.843,182.0878383322545,163.59816166774547,-0.00642916125987969,0.1968028419182939,46.67812142038944,-3.4045264354581946,-3.431961863260359,0.027435427802164458,3.592857142857144,1453190251.0
2024-07-30,164.8,166.82,164.73,165.59,73463998.0,GOOGL,172.047,178.50799999999998,187.27439999999999,172.047,180.88215966555427,163.21184033444572,-0.01697833184921338,0.1764831261101234,33.41599504029763,-3.538762240785701,-3.453321938765428,-0.08544030202027297,3.4300000000000006,1379726253.0
2024-07-31,163.91,163.96,163.89,163.94,67426995.0,GOOGL,171.4355,178.22260000000003,187.183,171.4355,180.74911080976847,162.1218891902315,-0.009964369829095987,0.16476021314387124,30.43609022556396,-3.735228900335329,-3.5097033310794084,-0.22552556925592082,3.3242857142857156,1312299258.0
2024-08-01,159.47,159.63,159.46,159.5,102536856.0,GOOGL,170.426,177.81779999999998,187.0447,170.426,180.3304751182718,160.52152488172817,-0.027083079175308056,0.13321492007104707,29.04707233065446,-4.200777093425955,-3.647918083548718,-0.5528590098772375,3.4300000000000006,1209762402.0
2024-08-02,159.5,159.51,158.77,159.0,110003089.0,GOOGL,169.377,177.271,186.9027,169.377,179.46331193356104,159.29068806643897,-0.0031347962382445305,0.12966252220248586,29.367382472431842,-4.557536765010639,-3.829841819841102,-0.7276949451695365,3.3892857142857133,1099759313.0
2024-08-05,165.4,165.46,165.13,165.24,59233485.0,GOOGL,168.8005,176.9402,186.80715,168.8005,178.41459376631047,159.18640623368952,0.03924528301886787,0.1739964476021305,47.90629575402639,-4.287333809528434,-3.9213402177785683,-0.36599359174986557,3.3592857142857144,1158992798.0
2024-08-06,167.44,168.92,166.37,168.15,51215719.0,GOOGL,168.6695,176.6474,186.71994999999998,168.6695,178.24190876027166,159.09709123972834,0.017610748002904852,0.19467140319715703,47.320106603494224,-3.7946410801958734,-3.8960003902620293,0.10135931006615584,3.3757142857142832,1210208517.0
2024-08-07,171.36,171.53,171.14,171.41,69102668.0,GOOGL,168.4255,176.38119999999998,186.65879999999999,168.4255,177.41080841810464,159.44019158189536,0.01938745168004763,0.21783303730017667,51.07260726072607,-3.1053275050185505,-3.7378658132133338,0.6325383081947833,3.528571428571427,1279311185.0
2024-08-08,172.82,173.21,172.28,172.59,116087719.0,GOOGL,168.2075,176.0636,186.63535,168.2075,176.5074096380648,159.90759036193523,0.006884079108570029,0.2262166962699812,48.70242214532871,-2.4357476098793995,-3.477442172546547,1.0416945626671477,3.3107142857142855,1395398904.0
2024-08-09,174.77,175.19,174.69,174.86,35678758.0,GOOGL,168.2455,175.80660000000003,186.6379,168.2455,176.66509737754964,159.82590262245034,0.013152558085636645,0.24234458259324954,61.92630898513254,-1.7023075483330388,-3.122415247703846,1.4201076993708073,3.0399999999999983,1431077662.0
2024-08-12,175.98,176.52,174.19,174.73,32493029.0,GOOGL,168.321,175.5224,186.63684999999998,168.321,176.95282337266485,159.68917662733514,-0.000743451904380743,0.24142095914742345,60.22044088176348,-1.1186458756305058,-2.7216613732891783,1.6030154976586726,3.02142857142857,1398584633.0
2024-08-13,172.03,172.46,169.88,171.2,32312731.0,GOOGL,168.54749999999999,175.14860000000002,186.62740000000002,168.54749999999999,177.23447239973314,159.86052760026683,-0.020202598294511542,0.21634103019538076,55.94166925224943,-0.9302084297737849,-2.3633707845861,1.433162354812315,2.983571428571427,1366271902.0
2024-08-14,168.47,168.55,168.12,168.21,75552176.0,GOOGL,168.45999999999998,174.6662,186.5801,168.45999999999998,177.12228607239686,159.7977139276031,-0.017464953271027928,0.1950976909413844,48.502097064110245,-1.0104901068971515,-2.0927946490483103,1.0823045421511588,3.0121428571428543,1290719726.0
2024-08-15,171.97,172.07,171.83,171.91,66806578.0,GOOGL,168.524,174.21380000000002,186.57449999999997,168.524,177.27227959026888,159.77572040973112,0.021996314131145445,0.22138543516873765,53.22448979591837,-0.7667166048497052,-1.8275790402085894,1.0608624353588842,3.2264285714285683,1357526304.0
2024-08-16,169.18,170.17,168.75,169.86,87951674.0,GOOGL,168.3425,173.95,186.57174999999998,168.3425,176.80285677983773,159.88214322016228,-0.011924844395323042,0.20682060390763657,51.86953062848054,-0.7305212217087842,-1.6081674765086285,0.8776462547998443,3.2742857142857105,1269574630.0
2024-08-19,169.55,170.86,168.61,169.72,57429586.0,GOOGL,168.4545,173.7034,186.58509999999998,168.4545,176.9260809125532,159.9829190874468,-0.0008242081714353588,0.20582593250443937,55.90168619605601,-0.7050060785447272,-1.4275351969158483,0.7225291183711211,3.1692857142857105,1212145044.0
2024-08-20,172.59,172.67,172.5,172.55,102549850.0,GOOGL,168.6515,173.4932,186.60955,168.6515,177.31927765483897,159.98372234516103,0.016674522743342024,0.22593250444049628,61.90212883605199,-0.4512263387034068,-1.23227342527336,0.7810470865699533,3.2585714285714227,1314694894.0
2024-08-21,170.84,172.21,170.17,171.17,53631213.0,GOOGL,168.8415,173.375,186.6037,168.8415,177.55746061680674,160.12553938319326,-0.00799768183135341,0.21612788632326696,67.62307459981875,-0.35733934778841103,-1.0572866097763702,0.6999472619879592,3.1085714285714254,1261063681.0
2024-08-22,173.3,173.65,172.61,172.77,65453902.0,GOOGL,169.0195,173.18540000000002,186.60530000000003,169.0195,177.91079077125417,160.12820922874582,0.009347432377168952,0.2274955595026631,70.12569424144985,-0.15207359310812762,-0.8762440064427217,0.7241704133345941,3.232857142857142,1326517583.0
2024-08-23,169.06,169.2,168.93,169.18,37131995.0,GOOGL,169.00150000000002,172.95260000000002,186.5921,169.00150000000002,177.88981112961764,160.1131888703824,-0.020779070440470004,0.20198934280639302,56.24207858048161,-0.2759015791208981,-0.756175520978357,0.480273941857459,3.045714285714285,1289385588.0
2024-08-26,167.29,169.04,167.12,168.06,67033312.0,GOOGL,168.98200000000003,172.61599999999999,186.5515,168.98200000000003,177.87711421186643,160.08688578813363,-0.006620167868542359,0.19403197158081587,49.84884111521666,-0.4591183592833943,-0.6967640886393646,0.23764572935597028,2.9300000000000006,1222352276.0
2024-08-27,166.23,166.25,166.2,166.22,92120388.0,GOOGL,169.0135,172.32280000000003,186.46065000000002,169.0135,177.86237926296707,160.16462073703292,-0.010948470784243769,0.18095914742451025,40.84656084656087,-0.7442127783932051,-0.7062538265901327,-0.037958951803072405,2.8214285714285734,1130231888.0
2024-08-28,168.94,169.14,168.19,168.38,67824049.0,GOOGL,169.2355,172.0806,186.37305,169.2355,177.76548297030698,160.70551702969303,0.012994826134039128,0.19630550621669474,42.823048073644735,-0.7867886021585662,-0.7223607817038195,-0.06442782045474671,2.9014285714285717,1198055937.0
2024-08-29,170.22,170.27,170.04,170.26,94043445.0,GOOGL,169.7735,171.8714,186.3306,169.7735,176.97136013523186,162.57563986476816,0.011165221522746238,0.20966252220248527,42.05252246026259,-0.6612079671922686,-0.7101302188015094,0.0489222516092408,2.8507142857142873,1292099382.0
2024-08-30,174.45,176.7,171.06,172.02,118727484.0,GOOGL,170.42450000000002,171.73480000000004,186.31915,170.42450000000002,175.58703905299808,165.26196094700197,0.010337131446023884,0.22216696269982106,45.56754988550871,-0.4148845868945159,-0.6510810924201108,0.2361965055255949,3.144285714285715,1410826866.0
2024-09-02,172.03,172.03,171.12,171.86,92747119.0,GOOGL,170.75549999999998,171.65279999999998,186.29715,170.75549999999998,175.3343183950429,166.17668160495705,-0.0009301244041390877,0.2210301953818814,51.213235294117695,-0.22993168681063025,-0.5668512112982148,0.33691952448758455,2.862857142857144,1318079747.0
2024-09-03,173.11,173.69,172.86,173.59,68049982.0,GOOGL,171.0275,171.57299999999998,186.27695000000003,171.0275,175.60093761070323,166.45406238929678,0.010066333061794497,0.2333214920071034,60.370084811102515,0.05560043361762723,-0.44236088231504644,0.4979613159326737,2.7735714285714295,1386129729.0
2024-09-04,171.59,171.62,171.11,171.38,91343399.0,GOOGL,171.026,171.43040000000002,186.28334999999998,171.026,175.59892903947213,166.4530709605279,-0.012731148107609891,0.21761989342806265,48.91615541922291,0.10237801590622553,-0.3334131026707921,0.43579111857701763,2.675000000000001,1294786330.0
2024-09-05,170.17,170.32,169.94,169.96,87249654.0,GOOGL,170.89450000000002,171.28220000000002,186.27365,170.89450000000002,175.42915939068425,166.3598406093158,-0.008285680942933804,0.20753108348134863,50.20990764063811,0.024584064526578686,-0.26181366923131794,0.2863977337578966,2.5521428571428584,1207536676.0
2024-09-06,172.37,172.39,172.35,172.35,73807428.0,GOOGL,170.769,171.107,186.26465,170.769,174.96807709158801,166.569922908412,0.014062132266415617,0.2245115452930715,55.04411200613731,0.1540094978954869,-0.17864903580595698,0.3326585337014439,2.565,1281344104.0
2024-09-09,171.27,172.55,171.26,171.98,46654426.0,GOOGL,170.63150000000002,170.89,186.27695,170.63150000000002,174.4470376250887,166.81596237491132,-0.0021467943138961942,0.22188277087033614,48.79288437102918,0.22414042719711347,-0.09809114320534289,0.32223157040245637,2.4464285714285734,1234689678.0
2024-09-10,169.31,169.44,168.88,169.1,26081006.0,GOOGL,170.5265,170.6418,186.24689999999998,170.5265,174.39142609040027,166.66157390959972,-0.01674613327131058,0.2014209591474232,45.87813620071686,0.04678841537136691,-0.06911523149000093,0.11590364686136784,2.4978571428571428,1208608672.0
2024-09-11,168.71,169.26,168.63,169.12,101093869.0,GOOGL,170.572,170.50080000000003,186.21365000000003,170.572,174.3423697989851,166.80163020101492,0.00011827321111779199,0.20156305506216587,42.24394390140245,-0.09110035076415102,-0.07351225534483094,-0.017588095419320077,2.365714285714284,1309702541.0
2024-09-12,174.64,175.3,173.06,173.91,74979181.0,GOOGL,170.672,170.3852,186.1943,170.672,174.68976371420774,166.65423628579225,0.028323084200567505,0.2355950266429827,59.563283461382916,0.18401358289906966,-0.022007087696050823,0.20602067059512047,2.5328571428571416,1384681722.0
2024-09-13,173.57,173.72,172.43,173.06,87262349.0,GOOGL,170.83200000000002,170.2468,186.18015,170.83200000000002,174.9667747345303,166.69722526546974,-0.004887585532746819,0.2295559502664286,60.220768601798866,0.3296553989269455,0.04832540962854845,0.28132998929839703,2.491428571428569,1297419373.0
2024-09-16,172.56,173.31,171.99,173.15,41532867.0,GOOGL,171.00349999999997,170.1744,186.1361,171.00349999999997,175.22764251654073,166.77935748345922,0.0005200508494163092,0.23019538188276956,65.25759577278734,0.44718496534275687,0.12809732077139013,0.31908764457136674,2.452857142857139,1338952240.0
2024-09-17,175.32,176.54,175.18,175.82,54828501.0,GOOGL,171.167,170.27539999999996,186.0623,171.167,175.86925970314667,166.46474029685334,0.015420155934161128,0.24916518650088681,66.02067183462533,0.7471618625022245,0.251910229117557,0.4952516333846675,2.4864285714285677,1393780741.0
2024-09-18,179.85,179.92,179.78,179.83,65763861.0,GOOGL,171.6,170.34619999999998,186.0045,171.6,177.69272560215921,165.50727439784077,0.022807416676146275,0.2776554174067485,68.87573964497047,1.29355787181521,0.4602397576570877,0.8333181141581224,2.644285714285709,1459544602.0
2024-09-19,181.33,181.39,181.25,181.27,82528390.0,GOOGL,172.025,170.43259999999998,185.92435,172.025,179.492173071803,164.55782692819702,0.008007562698103765,0.28788632326820496,68.47782660807033,1.821776307922903,0.7325470677102508,1.0892292402126522,2.2957142857142787,1542072992.0
2024-09-20,180.49,180.63,179.07,179.98,87320024.0,GOOGL,172.565,170.55020000000002,185.85915,172.565,180.69822878851727,164.43177121148273,-0.007116456115187408,0.2787211367673168,65.51987767584095,2.1119556945266993,1.0084287930735405,1.1035269014531588,2.387857142857137,1454752968.0
2024-09-23,182.93,183.68,182.48,183.11,39664766.0,GOOGL,173.3175,170.748,185.80794999999998,173.3175,182.4225775308153,164.2124224691847,0.01739082120235591,0.3009591474245106,67.27140783744557,2.5649229553185364,1.3197276255225399,1.2451953297959966,2.5214285714285682,1494417734.0
2024-09-24,180.81,180.85,180.78,180.79,98798563.0,GOOGL,174.046,171.03040000000001,185.76265,174.046,183.0913370365795,165.0006629634205,-0.012669979793566877,0.284476021314386,67.0039754246476,2.7055107185563827,1.5968842441293085,1.1086264744270742,2.510714285714284,1395619171.0
2024-09-25,186.66,189.58,184.09,188.4,104178067.0,GOOGL,175.047,171.3992,185.75805,175.047,185.73422621687132,164.35977378312867,0.04209303611925441,0.3385435168738886,77.22976963969279,3.391891322591107,1.9558856598216683,1.4360056627694386,3.0357142857142856,1499797238.0
2024-09-26,184.21,185.81,182.84,185.46,59419438.0,GOOGL,175.80700000000002,171.6958,185.75545000000002,175.80700000000002,187.19945382745016,164.41454617254988,-0.015605095541401215,0.3176554174067483,69.04969485614644,3.6564699574036013,2.296002519338055,1.3604674380655464,3.259285714285716,1440377800.0
2024-09-27,190.13,190.37,187.79,188.49,39174247.0,GOOGL,176.63049999999998,171.99579999999997,185.77285,176.63049999999998,189.19148466639984,164.06951533360012,0.016337754771918567,0.3391829484902298,72.2686808740221,4.063801139009939,2.649562243272432,1.4142388957375074,3.517857142857143,1479552047.0
2024-09-30,185.25,185.27,185.2,185.22,20134004.0,GOOGL,177.29850000000002,172.35060000000001,185.7611,177.29850000000002,190.20744797784846,164.38955202215158,-0.017348400445647005,0.31595026642983903,71.51628403630534,4.075769430707055,2.9348036807593565,1.1409657499476986,3.5314285714285734,1459418043.0
2024-10-01,190.12,190.22,189.91,190.11,100246659.0,GOOGL,178.1245,172.78059999999996,185.80385,178.1245,192.10403764012392,164.1449623598761,0.02640103660511839,0.3506927175843686,74.79329081029998,4.4287842526269685,3.233599795132879,1.1951844574940895,3.8435714285714306,1559664702.0
2024-10-02,180.44,181.09,179.57,181.01,41181604.0,GOOGL,178.606,173.0534,185.82330000000002,178.606,192.26717418086977,164.94482581913022,-0.04786702435432133,0.28603907637655324,57.611492281303576,3.928966415069908,3.372673119120285,0.5562932959496232,4.155000000000003,1518483098.0
2024-10-03,179.78,180.27,176.73,178.37,77532941.0,GOOGL,179.0265,173.2366,185.83614999999998,179.0265,192.07093785478827,165.98206214521173,-0.014584829567427127,0.2672824156305498,55.482139169935984,3.281998406555715,3.354538176607371,-0.07253977005165613,4.355000000000004,1440950157.0
2024-10-04,172.24,172.62,171.62,171.93,48611529.0,GOOGL,179.0055,173.28440000000003,185.80544999999998,179.0055,192.09646349636736,165.91453650363266,-0.03610472613107585,0.22152753108348056,48.8864549105513,2.223980754226318,3.1284266921311605,-0.9044459379048426,4.742857142857147,1392338628.0
2024-10-07,167.57,168.48,166.17,168.07,32631859.0,GOOGL,178.81,173.2768,185.72369999999998,178.81,192.44807672812297,165.17192327187703,-0.022450997498982272,0.19410301953818743,43.076648204395234,1.0617848071964033,2.7150983151442096,-1.6533135079478063,4.912142857142864,1359706769.0
2024-10-08,168.7,170.21,168.62,169.71,61597710.0,GOOGL,178.8405,173.3592,185.6566,178.8405,192.3895818877171,165.29141811228288,0.009757838995656742,0.2057548845470687,40.559701492537336,0.2699585261080415,2.226070357336976,-1.9561118312289345,4.772142857142866,1421304479.0
2024-10-09,174.13,176.61,173.38,175.75,45089166.0,GOOGL,179.172,173.5954,185.62024999999997,179.172,192.02631666181327,166.31768333818673,0.03559012432973896,0.248667850799289,45.25773195876288,0.1283287215390203,1.806522030177385,-1.6781933086383647,5.153571428571439,1466393645.0
2024-10-10,173.42,173.6,172.35,172.97,61528507.0,GOOGL,179.125,173.86480000000003,185.578,179.125,192.06690175564225,166.18309824435775,-0.01581792318634423,0.22891651865008833,44.12799463896802,-0.2058636178987001,1.404044900562168,-1.6099085184608681,5.239285714285724,1404865138.0
2024-10-11,171.86,172.12,171.65,172.07,83673911.0,GOOGL,179.07549999999998,174.12620000000004,185.54174999999998,179.07549999999998,192.12222328292114,166.0287767170788,-0.005203214430248071,0.22252220248667798,40.39331709014966,-0.5371440705305588,1.0158071063436227,-1.5529511768741815,5.069285714285722,1321191227.0
2024-10-14,177.55,178.16,175.13,175.97,91852508.0,GOOGL,179.2165,174.34079999999997,185.52200000000002,179.2165,192.0528435931799,166.3801564068201,0.02266519439762882,0.2502309058614558,45.91802168021681,-0.4794618716462935,0.7167533107456395,-1.1962151823919331,5.337857142857151,1413043735.0
2024-10-15,175.0,175.36,174.71,175.07,103871338.0,GOOGL,179.179,174.4792,185.50584999999998,179.179,192.06142196908402,166.29657803091598,-0.005114508154799191,0.24383658969804545,37.26351996942481,-0.500600184524501,0.4732826116916115,-0.9738827962161125,4.800000000000005,1309172397.0
2024-10-16,174.59,176.03,174.09,175.63,80202801.0,GOOGL,178.969,174.5636,185.47799999999998,178.969,191.94334212915146,165.99465787084853,0.003198720511795372,0.24781527531083425,40.16016016016016,-0.466784330688057,0.2852692232156778,-0.7520535539037349,4.541428571428576,1389375198.0
2024-10-17,168.38,168.57,168.35,168.56,82816685.0,GOOGL,178.33350000000002,174.483,185.4181,178.33350000000002,192.05677914626744,164.61022085373259,-0.0402550817058589,0.19758436944937774,31.542878310798315,-0.9989595525462391,0.028423468063294433,-1.0273830206095336,4.710714285714291,1306558513.0
2024-10-18,170.47,170.61,170.44,170.45,115112553.0,GOOGL,177.85700000000003,174.3948,185.3562,177.85700000000003,191.99509649958728,163.71890350041278,0.011212624584717501,0.21101243339253917,35.96274472533739,-1.253752566223767,-0.22801173879411785,-1.0257408274296491,4.622142857142862,1421671066.0
2024-10-21,164.93,168.02,164.71,166.39,50180681.0,GOOGL,177.02100000000002,174.22799999999998,185.2539,177.02100000000002,191.81344174001168,162.22855825998835,-0.023819301848049257,0.1821669626998217,27.09540363074545,-1.7629635875811118,-0.5350021085515166,-1.2279614790295952,4.675000000000003,1371490385.0
2024-10-22,165.31,166.34,164.57,165.81,23543629.0,GOOGL,176.272,174.1202,185.13440000000003,176.272,191.76147839834155,160.78252160165843,-0.0034857864054329557,0.17804618117229065,32.43180767452613,-2.188095144626544,-0.8656207157665221,-1.322474428860022,4.052142857142859,1347946756.0
2024-10-23,165.53,165.9,165.28,165.71,50304211.0,GOOGL,175.1375,174.0702,185.02810000000002,175.1375,190.20481824006595,160.07018175993403,-0.0006030999336589238,0.1773357015985786,34.45481335952849,-2.5042170751364665,-1.193339987640511,-1.3108770874959554,3.7907142857142873,1297642545.0
2024-10-24,162.26,162.53,160.94,161.73,44674906.0,GOOGL,173.951,173.8666,184.89315,173.951,189.32983562768035,158.57216437231963,-0.024017862530927636,0.14905861456483072,36.6701515943544,-3.040845743483146,-1.5628411388090382,-1.478004604674108,3.6492857142857167,1252967639.0
2024-10-25,164.75,164.94,164.73,164.92,63401309.0,GOOGL,172.7725,173.7678,184.76039999999998,172.7725,187.03186423621696,158.51313576378305,0.019724231744265186,0.17172291296625164,45.810055865921775,-3.172154862632482,-1.884703883573727,-1.2874509790587547,3.4671428571428584,1316368948.0
2024-10-28,166.38,167.07,165.65,166.22,27985551.0,GOOGL,171.8225,173.6978,184.63745,171.8225,185.08709454416535,158.55790545583463,0.007882609750182068,0.18095914742451114,45.315436241610726,-3.1351787609673067,-2.1347988590524434,-1.0003799019148634,3.467857142857144,1344354499.0
2024-10-29,166.88,167.05,166.79,166.88,64003813.0,GOOGL,170.661,173.58440000000002,184.489,170.661,180.9081971007246,160.4138028992754,0.003970641318734147,0.185648312611012,36.08409162221524,-3.017830775207244,-2.3114052422834037,-0.7064255329238405,3.0342857142857156,1408358312.0
2024-10-30,168.06,168.14,168.01,168.11,88333312.0,GOOGL,170.01600000000002,173.5232,184.34915,170.01600000000002,179.07556057956356,160.95643942043648,0.007370565675934859,0.19438721136767279,41.98548812664911,-2.793380578099402,-2.4078003094466034,-0.3855802686527987,2.8814285714285717,1496691624.0
2024-10-31,165.25,165.81,164.54,164.9,42676297.0,GOOGL,169.3425,173.3658,184.20305,169.3425,177.7676674979471,160.91733250205291,-0.019094640414014652,0.1715808170515094,39.01317805700279,-2.8417642632360014,-2.494593100204483,-0.3471711630315184,3.0421428571428595,1454015327.0
2024-11-01,159.16,159.16,159.14,159.16,34545741.0,GOOGL,168.704,173.1654,184.03985,168.704,178.17424014590412,159.2337598540959,-0.03480897513644643,0.13079928952042574,25.61647809689586,-3.305178668818968,-2.65671021392738,-0.6484684548915878,3.018571428571432,1419469586.0
2024-11-04,163.88,164.61,163.46,163.7,79619033.0,GOOGL,168.4855,173.0782,183.8935,168.4855,178.21542232348716,158.75557767651284,0.028524754963558552,0.16305506216696197,35.08265547100498,-3.2684215373660663,-2.7790524786151174,-0.48936905875094894,3.317857142857148,1499088619.0
2024-11-05,165.67,166.33,165.2,165.88,79932689.0,GOOGL,168.294,173.07139999999998,183.74360000000001,168.294,178.07308487807896,158.51491512192106,0.013317043372021997,0.17854351687388914,37.729675308331245,-3.02847311201279,-2.8289366052946523,-0.19953650671813783,3.367142857142864,1579021308.0
2024-11-06,172.57,173.1,171.78,172.71,60130721.0,GOOGL,168.142,173.158,183.63139999999999,168.142,177.5193738889239,158.7646261110761,0.04117434289848099,0.2270692717584364,55.25449480881235,-2.2611235125250175,-2.7153739867407256,0.4542504742157081,3.3628571428571497,1639152029.0
2024-11-07,172.43,172.55,171.8,172.18,82239452.0,GOOGL,168.1025,173.19639999999998,183.49580000000003,168.1025,177.40056516375927,158.80443483624072,-0.0030687279254241195,0.22330373001776138,52.26855494361398,-1.6764350968291808,-2.5075862087584166,0.8311511119292359,3.2814285714285774,1556912577.0
2024-11-08,169.21,169.44,169.0,169.35,59132624.0,GOOGL,167.9665,173.143,183.3068,167.9665,177.0983050904827,158.83469490951728,-0.016436287605993805,0.20319715808170447,54.010840108401084,-1.4249961945395455,-2.2910682059146423,0.8660720113750968,3.0985714285714363,1497779953.0
2024-11-11,167.83,167.84,167.78,167.81,34390484.0,GOOGL,167.5585,173.062,183.12645,167.5585,175.87767322562368,159.23932677437634,-0.009093593150280466,0.1922557726465357,52.64131008980455,-1.334609633548638,-2.0997764914414416,0.7651668578928037,3.0807142857142935,1463389469.0
2024-11-12,166.06,166.33,165.92,165.93,118681741.0,GOOGL,167.10150000000002,172.9088,182.92219999999998,167.10150000000002,174.65194027994997,159.55105972005006,-0.01120314641558906,0.1788987566607454,50.27749747729566,-1.3985562352389707,-1.9595324402009475,0.5609762049619769,3.17142857142858,1344707728.0
2024-11-13,166.03,166.3,165.56,165.61,34624845.0,GOOGL,166.6005,172.7934,182.68649999999997,166.6005,173.0120470667781,160.1889529332219,-0.001928524076417748,0.1766252220248663,55.39188438021125,-1.458245951831202,-1.8592751425269984,0.40102919069579634,2.883571428571437,1310082883.0
2024-11-14,161.24,161.29,161.16,161.26,91474682.0,GOOGL,166.2355,172.6194,182.44029999999998,166.2355,172.99886096766863,159.47213903233137,-0.026266529798925298,0.14571936056838308,45.07269789983847,-1.8354017588270608,-1.854500465787011,0.019098706959950196,2.9721428571428663,1218608201.0
2024-11-15,156.28,157.0,156.25,156.58,47835375.0,GOOGL,165.54199999999997,172.304,182.19625,165.54199999999997,173.26247612385282,157.82152387614713,-0.029021456033734183,0.11246891651864965,38.10463968410664,-2.483311274179073,-1.9802626274654236,-0.5030486467136492,3.1764285714285796,1170772826.0
2024-11-18,156.04,156.14,156.04,156.1,114488551.0,GOOGL,165.0275,171.9864,181.9371,165.0275,173.80864457232278,156.24635542767723,-0.003065525609912023,0.10905861456483068,36.638572136836906,-3.0009234440510966,-2.1843947907825583,-0.8165286532685383,3.155714285714294,1056284275.0
2024-11-19,157.84,158.95,157.13,157.38,20369274.0,GOOGL,164.606,171.752,181.6753,164.606,174.0157830390577,155.19621696094228,0.008199871877001996,0.11815275310834772,36.71700916068333,-3.2701532245029625,-2.4015464775266393,-0.8686067469763232,3.269285714285723,1076653549.0
2024-11-20,156.32,156.74,156.31,156.53,100110292.0,GOOGL,164.147,171.50019999999998,181.42274999999998,164.147,174.20340324946355,154.09059675053643,-0.00540094039903416,0.11211367673179362,38.99552984485933,-3.511627802070649,-2.6235627424354413,-0.8880650596352075,3.0907142857142924,976543257.0
2024-11-21,160.03,160.17,159.9,159.94,96059549.0,GOOGL,164.0575,171.22079999999997,181.1757,164.0575,174.23560007087096,153.87939992912905,0.021784961349262,0.13634103019538135,51.09243697478991,-3.388775943446234,-2.7766053826376,-0.6121705608086341,2.939285714285719,1072602806.0
2024-11-22,160.18,160.2,160.01,160.19,98440889.0,GOOGL,163.821,170.9634,180.92210000000003,163.821,174.1336409910632,153.5083590089368,0.001563086157309046,0.13811722912966196,44.41260744985676,-3.23396293804592,-2.8680768937192638,-0.3658860443266563,2.568571428571431,1171043695.0
2024-11-25,158.4,158.96,158.3,158.75,58662398.0,GOOGL,163.44750000000002,170.6754,180.66424999999998,163.44750000000002,173.93393208602274,152.9610679139773,-0.008989325176353091,0.12788632326820548,38.37626344962505,-3.1906882137232344,-2.932599157720058,-0.25808905600317633,2.5157142857142856,1112381297.0
2024-11-26,159.39,160.19,158.73,159.45,106770752.0,GOOGL,163.076,170.34799999999998,180.39695,163.076,173.57685390011727,152.57514609988272,0.004409448818897488,0.13285968028419104,22.982885085574523,-3.064581940094655,-2.9589957141949776,-0.10558622589967737,2.104285714285715,1219152049.0
2024-11-27,160.64,160.93,160.16,160.37,45768230.0,GOOGL,162.689,169.9588,180.1397,162.689,172.9770470245317,152.4009529754683,0.0057698338037002195,0.13939609236234385,26.313678299237864,-2.8574664044586484,-2.938689852247712,0.08122344778906365,2.1450000000000022,1264920279.0
2024-11-28,165.56,165.97,165.51,165.68,92430165.0,GOOGL,162.728,169.64700000000002,179.89645000000002,162.728,173.05716891750464,152.39883108249538,0.03311093097212692,0.17712255772646457,43.30536300620214,-2.2390429346075393,-2.798760468719678,0.5597175341121385,2.317857142857144,1357350444.0
2024-11-29,161.51,161.68,160.35,161.18,101386648.0,GOOGL,162.829,169.27100000000002,179.68400000000003,162.829,173.05020993970908,152.60779006029094,-0.02716079188797682,0.14515097690941303,39.084622983207126,-2.0879813222215375,-2.65660463942005,0.5686233171985124,2.586428571428574,1255963796.0
2024-12-02,164.37,165.87,162.21,163.8,29830660.0,GOOGL,162.834,168.88479999999998,179.4934,162.834,173.0571015996036,152.6108984003964,0.016255118501054655,0.16376554174067404,46.57666345226616,-1.7368306991587872,-2.4726498513677972,0.7358191522090101,2.786428571428573,1285794456.0
2024-12-03,159.84,159.87,157.79,158.44,67139443.0,GOOGL,162.462,168.43779999999998,179.2743,162.462,172.75959828922953,152.16440171077045,-0.03272283272283283,0.12568383658969706,40.0829875518672,-1.8694980947744853,-2.352019500049135,0.4825214052746496,3.162857142857145,1218655013.0
2024-12-04,151.6,151.71,151.42,151.48,21834179.0,GOOGL,161.4005,167.6994,179.04315000000003,161.4005,171.62677879019353,151.17422120980646,-0.0439283009341076,0.07623445825932396,37.38390092879257,-2.5073486401169873,-2.3830853280627053,-0.12426331205428198,3.346428571428573,1196820834.0
2024-12-05,146.43,146.71,146.23,146.6,72530527.0,GOOGL,160.12150000000003,166.9222,178.79225000000002,160.12150000000003,171.0459299381573,149.19707006184277,-0.032215473989965604,0.041563055062165954,37.19199178644763,-3.367803071480836,-2.5800288767463315,-0.7877741947345043,3.3635714285714307,1124290307.0
2024-12-06,147.25,148.95,146.59,147.99,41974560.0,GOOGL,159.0535,166.1122,178.56,159.0535,170.34929013335775,147.75770986664227,0.009481582537517186,0.0514387211367664,39.82944569852022,-3.8926855681735333,-2.8425602150317717,-1.0501253531417616,3.4935714285714283,1166264867.0
2024-12-09,148.64,150.75,147.93,149.75,117830974.0,GOOGL,158.15050000000002,165.4028,178.33535,158.15050000000002,169.38621649976878,146.91478350023127,0.011892695452395463,0.06394316163410219,40.54522924411401,-4.119158344007701,-3.0978798408269577,-1.0212785031807434,3.491428571428571,1284095841.0
2024-12-10,153.49,153.56,151.81,152.98,78161879.0,GOOGL,157.503,164.6602,178.15195000000003,157.503,168.33642410758264,146.66957589241733,0.021569282136894685,0.0868916518650078,45.846009829159826,-3.9919884863961954,-3.2767015699408057,-0.7152869164553897,3.6871428571428573,1362257720.0
2024-12-11,147.2,147.28,147.18,147.23,49224147.0,GOOGL,156.584,163.9846,177.96445,156.584,167.63788219491062,145.5301178050894,-0.0375866126291019,0.04603907637655302,35.899711559795875,-4.3055506949752385,-3.4824713949476926,-0.8230793000275458,3.8414285714285716,1313033573.0
2024-12-12,145.52,146.56,143.81,144.55,51063668.0,GOOGL,155.7485,163.3082,177.78405000000004,155.7485,167.79564821026173,143.70135178973828,-0.018202811926916973,0.026998223801064647,33.536842105263176,-4.715942161013288,-3.729165548160812,-0.9867766128524762,4.067142857142857,1261969905.0
2024-12-13,141.48,141.54,141.08,141.45,110626729.0,GOOGL,154.99200000000002,162.6986,177.60614999999999,154.99200000000002,168.61624557061535,141.3677544293847,-0.02144586648218627,0.00497335701598467,32.404393816110655,-5.231024453082824,-4.029537329145215,-1.2014871239376097,4.180000000000001,1151343176.0
2024-12-16,138.33,139.28,137.54,138.64,32728045.0,GOOGL,154.11899999999997,162.11,177.43419999999998,154.11899999999997,169.56065916910308,138.67734083089687,-0.01986567691763874,-0.014991119005329678,29.70548078798518,-5.799125685295905,-4.383455000375353,-1.4156706849205527,4.3549999999999995,1118615131.0
2024-12-17,136.42,136.69,136.32,136.54,26424025.0,GOOGL,153.077,161.4466,177.253,153.077,170.30173631300747,135.85226368699253,-0.015147143681477182,-0.029911190053287018,27.283126787416577,-6.3456537084224465,-4.7758947419847715,-1.569758966437675,4.414999999999998,1092191106.0
2024-12-18,134.38,134.41,134.04,134.23,83850956.0,GOOGL,151.962,160.6162,177.02775000000003,151.962,171.03364619064268,132.8903538093573,-0.01691811923245934,-0.04632326820604005,18.200202224469166,-6.885803541830143,-5.197876501953846,-1.6879270398762962,4.193571428571427,1008340150.0
2024-12-19,136.36,136.38,135.92,136.04,108847139.0,GOOGL,150.767,159.8776,176.79600000000002,150.767,170.70906144652162,130.82493855347838,0.01348431796170746,-0.03346358792184834,23.118049615055597,-7.086139695732726,-5.575529140709622,-1.5106105550231037,3.9664285714285694,1117187289.0
2024-12-20,135.16,135.42,134.95,135.29,71747189.0,GOOGL,149.522,159.142,176.58965,149.522,170.08641341121518,128.9575865887848,-0.0055130843869449775,-0.03879218472469026,18.24459790599242,-7.222173551972844,-5.904858022962267,-1.3173155290105774,3.7092857142857127,1045440100.0
2024-12-23,133.71,134.72,133.58,134.42,80064211.0,GOOGL,148.3055,158.311,176.3565,148.3055,169.44199223997498,127.16900776002502,-0.006430630497449963,-0.044973357015986926,20.272277227722768,-7.315850521369242,-6.187056522643662,-1.1287939987255804,3.4021428571428527,965375889.0
2024-12-24,132.69,133.7,132.19,133.36,91318363.0,GOOGL,147.001,157.4768,176.10585000000003,147.001,168.45941697207326,125.54258302792675,-0.007885731289986375,-0.0525044404973366,23.73913043478261,-7.390431047006075,-6.427731427516145,-0.9626996194899302,3.0599999999999943,874057526.0
2024-12-25,134.43,134.88,134.36,134.6,24760879.0,GOOGL,145.7125,156.65619999999998,175.86335,145.7125,166.8837435305905,124.54125646940953,0.009298140371925445,-0.04369449378330481,30.55735580038882,-7.2657242674109455,-6.5953299954951055,-0.67039427191584,2.7935714285714215,898818405.0
2024-12-26,135.99,136.1,135.98,136.02,61625026.0,GOOGL,144.22949999999997,156.0054,175.64815,144.22949999999997,163.58930695314763,124.86969304685232,0.010549777117385029,-0.03360568383659057,30.624797669148577,-6.9719428957348555,-6.670652575543056,-0.30129032019179913,2.732142857142851,960443431.0
2024-12-27,137.66,138.87,137.07,138.66,61291862.0,GOOGL,143.1035,155.36960000000002,175.41705000000002,143.1035,160.8659823715601,125.34101762843989,0.019408910454344896,-0.01484902309058711,32.54642744727728,-6.4517216740999,-6.626866395254425,0.17514472115452495,2.734285714285708,1021735293.0
2024-12-30,139.91,140.4,139.56,139.62,92078319.0,GOOGL,141.8945,154.8342,175.2085,141.8945,156.78503740502694,127.00396259497303,0.00692340977931627,-0.008028419182949498,27.355932203389827,-5.894035854595614,-6.480300287122664,0.5862644325270496,2.586428571428566,1113813612.0
2024-12-31,142.15,142.18,142.15,142.16,104111470.0,GOOGL,141.0805,154.3612,175.01850000000002,141.0805,153.78171001280793,128.37928998719207,0.018192236069330958,0.010017761989341789,40.3575503993914,-5.187312937837589,-6.221702817265649,1.0343898794280602,2.354999999999996,1217925082.0
