Date,Open,High,Low,Close,Volume,Ticker,MA20,MA50,MA200,BB_mid,BB_upper,BB_lower,Daily_Return,Cumulative_Return,RSI,MACD,Signal,MACD_Hist,ATR,OBV
2022-01-03,306.46,306.54,306.28,306.4,52570900.0,MSFT,,,,,,,,,,0.0,0.0,0.0,,0.0
2022-01-04,313.18,313.21,312.91,312.98,72493834.0,MSFT,,,,,,,0.021475195822454385,0.021475195822454385,,0.5249002849002977,0.10498005698005955,0.4199202279202382,,72493834.0
2022-01-05,316.46,321.48,315.12,319.34,38731927.0,MSFT,,,,,,,0.02032078727075204,0.042232375979112335,,1.437515604581165,0.3714871665002807,1.0660284380808842,,111225761.0
2022-01-06,311.48,312.42,311.26,311.27,99095074.0,MSFT,,,,,,,-0.02527087117179183,0.015894255874673746,,1.4923849792076567,0.5956667290417559,0.8967182501659008,,12130687.0
2022-01-07,302.28,304.81,301.3,304.08,60824227.0,MSFT,,,,,,,-0.023098917338644886,-0.00757180156657955,,0.9448053156904166,0.665494446371488,0.27931086931892857,,-48693540.0
2022-01-10,295.87,295.88,295.86,295.86,61446757.0,MSFT,,,,,,,-0.02703235990528796,-0.034399477806788314,,-0.1507035980702085,0.5022548374831487,-0.6529584355533572,,-110140297.0
2022-01-11,304.65,304.8,304.49,304.78,80499855.0,MSFT,,,,,,,0.030149394984114064,-0.0052872062663184005,,-0.2957239310955515,0.34265908376740867,-0.6383830148629601,,-29640442.0
2022-01-12,305.32,305.41,305.16,305.33,75248612.0,MSFT,,,,,,,0.0018045803530415405,-0.003492167101827537,,-0.3620991329690355,0.20170744042011982,-0.5638065733891553,,45608170.0
2022-01-13,306.61,306.76,304.63,305.19,55951083.0,MSFT,,,,,,,-0.0004585202895227569,-0.003949086161879722,,-0.4211441015825699,0.07713713201958187,-0.49828123360215176,,-10342913.0
2022-01-14,310.66,311.03,307.69,308.03,49836334.0,MSFT,,,,,,,0.009305678429830433,0.005319843342036501,,-0.23605233509357504,0.014499238596950494,-0.25055157369052555,,39493421.0
2022-01-17,303.87,305.04,303.01,303.4,35885246.0,MSFT,,,,,,,-0.015031003473687576,-0.009791122715404721,,-0.4576920925726995,-0.0799390276369795,-0.37775306493572,,3608175.0
2022-01-18,302.33,303.3,302.11,302.65,117136868.0,MSFT,,,,,,,-0.0024719841793012787,-0.012238903394255929,,-0.6859546707392497,-0.20114215625743354,-0.4848125144818161,,-113528693.0
2022-01-19,299.16,299.52,295.87,297.04,65594399.0,MSFT,,,,,,,-0.01853626301007749,-0.03054830287206256,,-1.3044970932829756,-0.42181314366254197,-0.8826839496204336,,-179123092.0
2022-01-20,300.15,300.2,299.78,300.04,83503633.0,MSFT,,,,,,,0.010099649878804184,-0.02075718015665784,,-1.5349277993410055,-0.6444360747982347,-0.8904917245427708,5.402142857142849,-95619459.0
2022-01-21,295.55,295.6,295.54,295.59,97525173.0,MSFT,,,,,,,-0.014831355819224235,-0.03528067885117492,41.96998960035655,-2.052958377599168,-0.9261405353584214,-1.1268178422407469,5.7049999999999885,-193144632.0
2022-01-24,297.77,298.89,297.17,297.41,75254095.0,MSFT,,,,,,,0.0061571771710817735,-0.02934073107049584,37.55395683453236,-2.290242068512498,-1.1989608419892368,-1.0912812265232612,5.454285714285703,-117890537.0
2022-01-25,305.56,308.71,301.15,302.58,23612671.0,MSFT,,,,,,,0.01738341010725919,-0.012467362924281855,36.34289439374184,-2.037626817022897,-1.3666940369959688,-0.670932780026928,5.6542857142857,-94277866.0
2022-01-26,303.18,304.64,301.02,302.13,24142660.0,MSFT,,,,,,,-0.001487209994051164,-0.013936031331592602,41.49609229624116,-1.8523855024138811,-1.4638323300795513,-0.38855317233432984,5.335714285714273,-118420526.0
2022-01-27,305.66,306.69,305.16,306.24,35825867.0,MSFT,,,,,,,0.013603415748187908,-0.0005221932114881644,52.131859455191496,-1.3582803641599526,-1.4427219368956317,0.0844415727356791,4.949285714285703,-82594659.0
2022-01-28,301.74,302.95,299.34,300.44,50345594.0,MSFT,304.039,,,304.039,315.8667566498648,292.2112433501352,-0.018939393939393923,-0.019451697127937262,54.74709784411276,-1.4183600380162034,-1.437849557119746,0.019489519103542685,4.854999999999994,-132940253.0
2022-01-31,294.43,294.84,293.9,294.84,78390189.0,MSFT,303.461,,,303.461,315.91614714992625,291.0058528500738,-0.018639328984156656,-0.037728459530026126,38.93588601959039,-1.8959910071284298,-1.529477847121483,-0.3665131600069469,4.683571428571424,-211330442.0
2022-02-01,296.28,296.31,293.49,295.99,110539434.0,MSFT,302.6115,,,302.6115,314.6434071857422,290.57959281425775,0.0039004205670873926,-0.03397519582245412,39.74077328646752,-2.1568586780040278,-1.654954013297992,-0.5019046647060357,4.839999999999991,-100791008.0
2022-02-02,294.92,295.18,294.58,295.1,98032129.0,MSFT,301.3995,,,301.3995,310.96746513591603,291.83153486408395,-0.003006858339808738,-0.03687989556135751,39.09660687270373,-2.407659745749811,-1.805495159788356,-0.6021645859614551,4.788571428571422,-198823137.0
2022-02-03,289.35,289.9,288.46,288.55,23294984.0,MSFT,300.2635,,,300.2635,310.28154955278745,290.2454504472126,-0.022195865808200654,-0.05825718015665782,30.512204881952854,-3.099225713405417,-2.0642412705117685,-1.0349844428936485,4.845714285714284,-222118121.0
2022-02-04,286.48,286.51,286.42,286.44,118317408.0,MSFT,299.3815,,,299.3815,310.9680734910351,287.7949265089649,-0.007312424189915179,-0.06514360313315926,32.132321955330866,-3.7740511785098647,-2.406203252111388,-1.3678479263984769,4.639285714285713,-340435529.0
2022-02-07,293.2,294.49,291.24,292.06,47462222.0,MSFT,299.1915,,,299.1915,311.14018550356724,287.2428144964328,0.01962016478145512,-0.04680156657963441,39.88152111599469,-3.8114323699334705,-2.6872490756758047,-1.1241832942576657,5.12214285714286,-292973307.0
2022-02-08,287.1,290.12,286.63,288.88,95287472.0,MSFT,298.3965,,,298.3965,310.8832749407544,285.9097250592456,-0.010888173662946032,-0.0571801566579635,41.823647294589186,-4.050959715123668,-2.9599912035653775,-1.09096851155829,5.025714285714291,-388260779.0
2022-02-09,288.66,289.14,288.28,289.11,98655550.0,MSFT,297.5855,,,297.5855,310.28136832916834,284.8896316708317,0.0007961783439491832,-0.056429503916448964,38.40441332484621,-4.174111228134564,-3.2028152084792145,-0.9712960196553491,4.86142857142858,-289605229.0
2022-02-10,287.0,287.81,286.89,287.42,28952158.0,MSFT,296.697,,,296.697,309.6369375252702,283.7570624747298,-0.005845525924388584,-0.06194516971279351,40.793328825783256,-4.357844051967788,-3.4338209771769295,-0.9240230747908589,4.698571428571439,-318557387.0
2022-02-11,287.38,292.38,287.35,288.42,49509512.0,MSFT,295.7165,,,295.7165,307.9956535367446,283.4373464632554,0.0034792290028529127,-0.05868146214099201,39.678530424799085,-4.372360149820338,-3.6215288117056113,-0.7508313381147267,4.822142857142865,-269047875.0
2022-02-14,290.18,290.33,289.94,290.15,109152790.0,MSFT,295.054,,,295.054,307.01327545772256,283.0947245422774,0.005998197073711742,-0.05303524804177551,34.505110944901546,-4.195899996857861,-3.7364030487360615,-0.4594969481217994,4.15142857142858,-159895085.0
2022-02-15,293.49,293.64,292.34,293.01,70364434.0,MSFT,294.572,,,294.572,306.00783950845585,283.13616049154416,0.009856970532483356,-0.04370104438642286,39.27563499529636,-3.781683067934466,-3.7454590525757427,-0.03622401535872344,4.142142857142866,-89530651.0
2022-02-16,294.62,296.42,294.12,295.57,52854545.0,MSFT,294.49850000000004,,,294.49850000000004,305.886346291459,283.11065370854107,0.008736903177365862,-0.0353459530026109,36.97827678789359,-3.2098415074624427,-3.638335543553083,0.4284940360906404,4.06000000000001,-36676106.0
2022-02-17,299.65,299.67,299.28,299.59,28990750.0,MSFT,294.476,,,294.476,305.8194375185322,283.1325624814678,0.013600839056737701,-0.022225848563968698,48.91553967848938,-2.4045543417653903,-3.391579303195545,0.9870249614301545,3.8600000000000096,-7685356.0
2022-02-18,302.55,303.47,301.22,301.75,34641180.0,MSFT,294.784,,,294.784,306.58027309565904,282.98772690434095,0.007209853466404237,-0.0151762402088772,59.66433566433569,-1.5739213277091721,-3.0280477080982706,1.4541263803890985,3.670000000000012,26955824.0
2022-02-21,302.65,303.06,302.34,302.82,31104373.0,MSFT,295.0545,,,295.0545,307.34219427216993,282.7668057278301,0.003545981772990814,-0.011684073107049553,59.57387160078495,-0.8198479254975268,-2.5864077515781223,1.7665598260805955,3.5621428571428697,58060197.0
2022-02-22,300.05,301.11,299.47,300.45,50519502.0,MSFT,294.948,,,294.948,306.9956398212745,282.90036017872546,-0.007826431543491164,-0.019419060052219272,57.20053835800802,-0.40876650865931197,-2.1508795029943606,1.7421129943350486,3.700714285714294,7540695.0
2022-02-23,285.99,286.03,285.64,285.79,56799073.0,MSFT,294.13100000000003,,,294.13100000000003,306.34298531210874,281.9190146878913,-0.048793476451988615,-0.06726501305483013,46.950950066283696,-1.2514945551973824,-1.971002513434965,0.7195079582375825,4.28428571428572,-49258378.0
2022-02-24,284.63,285.4,283.37,284.1,112252580.0,MSFT,293.024,,,293.024,304.6122325067967,281.4357674932033,-0.005913432940270802,-0.07278067885117478,47.390722569134724,-2.0323043403175234,-1.9832628788114768,-0.0490414615060466,4.305000000000007,-161510958.0
2022-02-25,280.53,280.8,280.37,280.6,116900761.0,MSFT,292.03200000000004,,,292.03200000000004,304.3227009778253,279.74129902217476,-0.01231960577261526,-0.0842036553524802,36.5870786516854,-2.9000920142399877,-2.166628705897179,-0.7334633083428086,3.9964285714285785,-278411719.0
2022-02-28,278.82,279.38,276.99,277.55,34004014.0,MSFT,291.1675,,,291.1675,304.96633728892823,277.3686627110718,-0.010869565217391353,-0.09415796344647498,36.6987555764264,-3.7902380036180716,-2.4913505654413575,-1.2988874381767141,3.866428571428579,-312415733.0
2022-03-01,270.32,270.64,269.51,269.95,31003235.0,MSFT,289.8655,,,289.8655,306.39272981213605,273.33827018786394,-0.0273824536119619,-0.11896214099216695,30.82465972778219,-5.050720040838883,-3.0032244605208627,-2.04749558031802,4.379285714285722,-343418968.0
2022-03-02,273.27,273.35,272.8,273.3,112801034.0,MSFT,288.7755,,,288.7755,306.6682394566388,270.88276054336126,0.01240970550101883,-0.1080287206266316,36.323130569546684,-5.713482662127717,-3.5452761008422335,-2.1682065612854835,4.463571428571437,-230617934.0
2022-03-03,265.47,265.48,265.06,265.26,112737690.0,MSFT,287.611,,,287.611,308.36783669236917,266.8541633076308,-0.02941822173435793,-0.13426892950391622,30.259120354585747,-6.808997733939464,-4.19802042746168,-2.6109773064777837,4.692857142857155,-343355624.0
2022-03-04,266.87,267.26,266.36,267.14,105765319.0,MSFT,286.646,,,286.646,309.33653074000597,263.95546925999406,0.007087385960943937,-0.12813315926892932,30.437000510117358,-7.439740337393744,-4.846364409448093,-2.593375927945651,4.699285714285728,-237590305.0
2022-03-07,267.06,267.63,266.06,266.24,36775028.0,MSFT,285.35499999999996,,,285.35499999999996,309.63124223066865,261.0787577693313,-0.0033690199895185513,-0.1310704960835507,26.455584872471448,-7.920923398933212,-5.461276207345117,-2.459647191588095,4.562142857142869,-274365333.0
2022-03-08,268.18,268.2,268.18,268.19,29956784.0,MSFT,284.3205,,,284.3205,309.7024392689492,258.93856073105076,0.00732421875,-0.12470626631853765,25.65789473684211,-8.05209618619142,-5.979440203114378,-2.072655983077042,4.458571428571438,-244408549.0
2022-03-09,272.06,272.08,271.96,272.03,80389033.0,MSFT,283.4665,,,283.4665,309.3149826186027,257.6180173813973,0.014318207241134973,-0.1121736292428197,25.419193721013187,-7.7567803222348175,-6.334908226938466,-1.4218720952963517,4.443571428571436,-164019516.0
2022-03-10,278.62,282.56,276.6,280.88,79198581.0,MSFT,283.1395,,,283.1395,308.94282697847103,257.33617302152896,0.03253317648788756,-0.08328981723237572,33.370517928286844,-6.731028231417156,-6.414132227834204,-0.31689600358295156,4.9185714285714335,-84820935.0
2022-03-11,286.82,287.64,286.72,287.16,62899688.0,MSFT,283.0765,292.9824,,283.0765,308.8316501441433,257.32134985585674,0.022358302477926584,-0.0627937336814618,38.478516774573315,-5.3497007730110795,-6.20124593686958,0.8515451638585008,5.307857142857147,-21921247.0
2022-03-14,292.13,292.14,292.13,292.14,104338751.0,MSFT,283.17600000000004,292.6972,,283.17600000000004,309.0612588816187,257.2907411183814,0.017342248223986445,-0.046540469973890164,44.11222899248972,-3.8092339520603105,-5.722843539907727,1.9136095878474162,5.424285714285718,82417504.0
2022-03-15,297.7,299.55,297.33,299.01,70028761.0,MSFT,283.476,292.4178,,283.476,309.9729888259421,256.9790111740579,0.02351612240706502,-0.02411879895561353,60.52883083784642,-2.010871241035602,-4.980449080133302,2.9695778390977,4.895714285714291,152446265.0
2022-03-16,299.88,300.19,299.0,299.36,49937551.0,MSFT,283.6655,292.0182,,283.6655,310.5776295095137,256.7533704904863,0.0011705294137320799,-0.0229765013054829,62.41861979166665,-0.5510614675428087,-4.094571557615204,3.5435100900723953,4.807857142857147,202383816.0
2022-03-17,300.22,301.12,299.53,299.91,43575499.0,MSFT,283.6815,291.791,,283.6815,310.63384334114465,256.7291566588554,0.0018372528059862336,-0.021181462140991925,66.50709522995382,0.6428186851086934,-3.147093509070425,3.7899121941791183,4.667142857142859,245959315.0
2022-03-18,298.23,298.31,297.15,297.73,82921349.0,MSFT,283.4805,291.664,,283.4805,309.9205752248312,257.0404247751688,-0.00726884732086297,-0.0282963446475194,67.51128080527593,1.396966170119299,-2.2382815732324803,3.6352477433517794,4.606428571428576,163037966.0
2022-03-21,300.92,301.4,299.05,299.28,113909956.0,MSFT,283.30350000000004,291.7324,,283.30350000000004,309.24107629792195,257.36592370207813,0.005206059181137146,-0.023237597911227148,78.43707581927475,2.095549343046514,-1.3715153899766814,3.4670647330231956,4.2942857142857145,276947922.0
2022-03-22,304.7,305.75,304.24,304.73,117559370.0,MSFT,283.51750000000004,291.7314,,283.51750000000004,310.1130135710003,256.9219864289998,0.01821037155840699,-0.005450391644908459,79.28079001304266,3.053749272342259,-0.4864624575128935,3.5402117298551525,4.513571428571429,394507292.0
2022-03-23,304.98,305.14,304.62,304.76,91670366.0,MSFT,284.466,291.72,,284.466,312.70506543853924,256.2269345614608,9.844780625467564e-05,-0.0053524804177544905,93.25448970652653,3.772068313558634,0.365243696701412,3.406824616857222,3.962142857142855,486177658.0
2022-03-24,305.22,305.64,304.87,304.88,43043135.0,MSFT,285.505,291.7138,,285.505,315.1799758125205,255.83002418747944,0.00039375246095296745,-0.004960835509138173,92.98405466970391,4.301440003246,1.1524829580103297,3.1489570452356705,3.882142857142855,529220793.0
2022-03-25,300.73,303.0,299.21,301.88,70076087.0,MSFT,286.569,291.5908,,286.569,317.0193377563153,256.11866224368475,-0.009839937024403,-0.014751958224542783,88.7391304347826,4.427854403961248,1.8075572472005135,2.620297156760735,4.174999999999999,459144706.0
2022-03-28,310.26,310.95,309.07,309.71,41819692.0,MSFT,288.177,291.717,,288.177,319.98815269507645,256.3658473049236,0.025937458592818263,0.010802872062663393,90.01542020046259,5.101052530972197,2.46625630395485,2.634796227017347,4.682857142857143,500964398.0
2022-03-29,310.39,311.51,309.28,309.92,45604487.0,MSFT,290.1755,291.86240000000004,,290.1755,322.186729263297,258.164270736703,0.000678053663104361,0.011488250652741838,89.26424870466322,5.587107444944081,3.0904265321526965,2.4966809127913847,4.564285714285717,546568885.0
2022-03-30,313.49,313.77,312.76,312.83,78168168.0,MSFT,292.152,292.1782,,292.152,324.6537477100928,259.6502522899072,0.00938951987609693,0.02098563968668432,87.75703143464901,6.136385711503863,3.6996183680229304,2.4367673434809323,4.087142857142855,624737053.0
2022-03-31,311.35,312.28,311.13,311.96,89558799.0,MSFT,294.487,292.4166,,294.487,325.5314836018456,263.44251639815445,-0.002781063197263678,0.018146214099217017,83.60433604336039,6.4273999008426586,4.245174674586876,2.182225226255783,3.7257142857142833,535178254.0
2022-04-01,314.62,314.93,314.01,314.4,30001367.0,MSFT,296.85,292.7928,,296.85,326.2827193514471,267.41728064855295,0.007821515578920302,0.026109660574412663,82.39231664726424,6.776799622964518,4.751499664262404,2.0252999587021137,3.5821428571428595,565179621.0
2022-04-04,306.24,306.29,305.18,305.37,40920083.0,MSFT,298.8065,292.952,,298.8065,324.65591841960037,272.9570815803997,-0.02872137404580144,-0.003361618798955357,58.70755750273825,6.252975477926611,5.051794826995246,1.2011806509313656,3.71142857142857,524259538.0
2022-04-05,306.16,306.21,306.14,306.14,54496232.0,MSFT,300.704,293.0232,,300.704,322.3144949162741,279.0935050837259,0.0025215312571633675,-0.0008485639686681701,59.17704385489981,5.8327374671085295,5.207983355017903,0.6247541120906268,3.6864285714285683,578755770.0
2022-04-06,303.2,303.26,303.18,303.24,114858408.0,MSFT,302.2645,293.0454,,302.2645,319.1470284649076,285.3819715350924,-0.009472790226693562,-0.010313315926892552,54.23771952150673,5.205682188352341,5.207523121684791,-0.0018409333324500565,3.7721428571428532,463897362.0
2022-04-07,309.24,309.95,309.14,309.71,59595007.0,MSFT,303.706,293.1148,,303.706,317.5504294706721,289.86157052932793,0.02133623532515494,0.010802872062663615,63.74483708122992,5.171200905129069,5.200258678373647,-0.02905777324457759,4.054285714285705,523492369.0
2022-04-08,313.26,313.85,313.23,313.68,72598267.0,MSFT,305.03200000000004,293.3796,,305.03200000000004,317.179940002971,292.88405999702906,0.01281844305963653,0.023759791122715868,65.65217391304353,5.401949746989715,5.24059689209686,0.16135285489285422,4.08785714285714,596090636.0
2022-04-11,312.55,312.78,311.63,312.4,71731727.0,MSFT,306.04499999999996,293.73080000000004,,306.04499999999996,316.9853117438501,295.1046882561498,-0.0040805916857945546,0.019582245430809664,59.168061200095586,5.419066933667068,5.276290900410902,0.14277603325616628,3.7721428571428532,524358909.0
2022-04-12,309.05,309.14,308.45,308.91,20898016.0,MSFT,306.54,293.9892,,306.54,317.02654275475777,296.05345724524227,-0.01117157490396914,0.008191906005222238,54.581585338926956,5.0923175279735915,5.23949622592344,-0.1471786979498484,4.017142857142853,503460893.0
2022-04-13,305.05,305.08,304.08,304.37,82932688.0,MSFT,306.79049999999995,294.17460000000005,,306.79049999999995,316.78257575505364,296.79842424494626,-0.014696837266517826,-0.006625326370756968,49.48702474351238,4.416119930601496,5.074820966859051,-0.6587010362575549,4.299285714285714,420528205.0
2022-04-14,307.03,307.27,306.87,307.23,98834672.0,MSFT,307.1565,294.5482,,307.1565,316.6090992526698,297.7039007473302,0.009396458258041251,0.0027088772845955678,55.396409118418426,4.064157483308804,4.872688270149002,-0.8085307868401976,4.101428571428569,519362877.0
2022-04-15,303.73,304.61,302.66,303.94,80748464.0,MSFT,307.467,294.8982,,307.467,315.97679645993185,298.9572035400681,-0.010708589655958112,-0.008028720626631625,43.59316011547858,3.4796381017170006,4.594078236462602,-1.1144401347456014,3.779999999999997,438614413.0
2022-04-18,311.46,312.75,311.4,312.34,73138733.0,MSFT,308.12,295.30379999999997,,308.12,315.96279756746316,300.27720243253685,0.02763703362505754,0.019386422976501505,52.27358136039079,3.6521127958919237,4.405685148348466,-0.7535723524565423,4.249999999999996,511753146.0
2022-04-19,307.22,307.25,307.15,307.21,69199797.0,MSFT,308.244,295.67040000000003,,308.244,315.9381328296304,300.5498671703697,-0.016424409297560283,0.002643603133159589,44.93145743145742,3.3363922537681105,4.191826569432395,-0.8554343156642847,4.345714285714284,442553349.0
2022-04-20,303.63,304.24,302.8,304.08,56260996.0,MSFT,308.21,295.9698,,308.21,315.9746432120556,300.4453567879444,-0.010188470427394902,-0.007571801566579328,43.171577123050255,2.801324680836103,3.913726191713137,-1.1124015108770338,4.539285714285711,386292353.0
2022-04-21,299.98,300.12,298.47,299.29,58339503.0,MSFT,307.9305,296.2072,,307.9305,316.5547143196684,299.3062856803316,-0.015752433570113022,-0.023204960835508714,37.41881765195672,1.9680800048257083,3.5245969543356512,-1.556516949509943,4.727857142857134,327952850.0
2022-04-22,292.08,292.66,291.54,292.42,67318691.0,MSFT,307.4575,296.2872,,307.4575,318.24524719177634,296.6697528082236,-0.022954325236392847,-0.04562663185378557,38.814993954050784,0.7447905292640371,2.9686356693213285,-2.2238451400572914,4.622857142857137,260634159.0
2022-04-25,295.16,295.21,294.2,294.36,47037926.0,MSFT,306.68999999999994,296.3714,,306.68999999999994,318.89416839918977,294.4858316008101,0.006634293140004077,-0.03929503916449051,40.02709109380292,-0.06735695762063187,2.3614371439329362,-2.428794101553568,4.76214285714285,307672085.0
2022-04-26,290.85,291.04,289.97,290.66,63420924.0,MSFT,305.727,296.32439999999997,,305.727,319.76044741379616,291.6935525862038,-0.012569642614485677,-0.05137075718015627,39.492148346141,-0.9980439407055428,1.6895409270052404,-2.6875848677107834,4.864285714285708,244251161.0
2022-04-27,296.5,298.54,295.82,296.16,30147687.0,MSFT,304.8935,296.33619999999996,,304.8935,319.129364678968,290.65763532103205,0.018922452349824592,-0.03342036553524763,38.495500084904094,-1.2770944950802914,1.096213842588134,-2.3733083376684254,4.947857142857138,274398848.0
2022-04-28,296.34,296.47,296.2,296.43,54193729.0,MSFT,304.11699999999996,296.27299999999997,,304.11699999999996,318.42394067852865,289.8100593214713,0.0009116693679092069,-0.03253916449086125,34.372168871172306,-1.459631601840215,0.5850447537024642,-2.0446763555426792,4.674285714285706,328592577.0
2022-04-29,287.12,288.87,285.91,287.56,106008839.0,MSFT,302.775,295.9892,,302.775,318.0248179454186,287.52518205458136,-0.029922747360253688,-0.061488250652741105,30.216629499840707,-2.2935893737821402,0.009317928205543335,-2.3029073019876836,5.279285714285704,222583738.0
2022-05-02,285.3,285.44,282.22,283.69,101260710.0,MSFT,301.691,295.6066,,301.691,319.0942518437455,284.28774815625445,-0.013458060926415327,-0.07411879895561313,30.03483217226089,-3.229555270616629,-0.6384567115588912,-2.591098559057738,5.3785714285714175,121323028.0
2022-05-03,282.93,283.72,282.57,283.54,56851295.0,MSFT,300.561,295.2684,,300.561,319.60540672135545,281.5165932786445,-0.000528746166590266,-0.0746083550913833,32.27837331972094,-3.9380236482434157,-1.2983700988957962,-2.6396535493476194,5.115714285714274,64471733.0
2022-05-04,289.22,289.36,289.16,289.24,63288311.0,MSFT,299.861,295.3374,,299.861,319.5103620091953,280.21163799080466,0.02010298370600272,-0.056005221932114324,35.400097386787834,-3.9935128483983817,-1.8373986487963134,-2.1561141996020683,5.324285714285703,127760044.0
2022-05-05,288.54,289.8,285.61,286.89,93600625.0,MSFT,298.71999999999997,295.3932,,298.71999999999997,318.6100620517141,278.8299379482858,-0.008124740699764987,-0.06367493472584806,35.94857425416183,-4.17894156249821,-2.305707231536693,-1.873234330961517,5.2971428571428465,34159419.0
2022-05-06,285.28,286.35,284.7,285.46,96831554.0,MSFT,297.30899999999997,295.4904,,297.30899999999997,316.72888552191273,277.8891144780872,-0.004984488828470912,-0.06834203655352433,24.972067039106108,-4.390671277961019,-2.7227000408215583,-1.6679712371394606,4.824285714285703,-62672135.0
2022-05-09,278.52,278.56,278.12,278.47,99628110.0,MSFT,295.6125,295.5088,,295.6125,315.4060884090088,275.8189115909912,-0.02448679324598879,-0.09115535248041717,24.13606911447083,-5.0641270803554335,-3.1909854487283336,-1.8731416316271,4.977857142857131,-162300245.0
2022-05-10,284.74,285.17,283.52,284.01,116105819.0,MSFT,294.3675,295.79,,294.3675,313.767869909658,274.96713009034204,0.019894423097640557,-0.07307441253263658,32.68932206313606,-5.09211522091681,-3.5712114031660294,-1.5209038177507805,5.141428571428561,-46194426.0
2022-05-11,274.16,274.35,273.57,273.87,70324861.0,MSFT,292.84250000000003,295.8014,,292.84250000000003,313.6744752960881,272.010524703912,-0.0357029682053448,-0.10616840731070443,29.927353126974054,-5.864902337072635,-4.029949589947351,-1.8349527471252847,5.486428571428563,-116519287.0
2022-05-12,274.43,275.95,274.42,274.94,50291209.0,MSFT,291.22799999999995,295.995,,291.22799999999995,312.36778698294256,270.08821301705734,0.003906963157702448,-0.10267624020887689,34.8052851182197,-6.318169709136953,-4.487593613785272,-1.830576095351681,5.081428571428562,-66228078.0
2022-05-13,274.84,275.04,274.51,274.81,64966782.0,MSFT,289.7715,296.1484,,289.7715,311.2350958874796,268.3079041125204,-0.0004728304357314306,-0.10310052219321109,32.45377849578168,-6.611662154952171,-4.912407322018652,-1.6992548329335193,4.9199999999999955,-131194860.0
2022-05-16,276.15,276.33,275.99,276.16,62349319.0,MSFT,287.9625,296.34680000000003,,287.9625,307.4222797088191,268.5027202911809,0.004912484989629373,-0.09869451697127885,36.41304347826084,-6.65856749392475,-5.261639356399872,-1.3969281375248777,4.714999999999995,-68845541.0
2022-05-17,279.18,279.29,277.98,278.91,43613535.0,MSFT,286.5475,296.56120000000004,,286.5475,304.1404493951705,268.95455060482954,0.009957995365005745,-0.08971932114882453,32.957913455838735,-6.400062360710422,-5.489323957261982,-0.9107384034484394,4.375714285714281,-25232006.0
2022-05-18,284.69,284.75,282.74,283.61,91720963.0,MSFT,285.524,296.7928,,285.524,301.0869159762618,269.9610840237382,0.01685131404395679,-0.07437989556135716,38.35392441860464,-5.74966589040622,-5.54139234389083,-0.20827354651539043,4.770714285714279,66488957.0
2022-05-19,285.06,287.45,283.54,283.75,40447431.0,MSFT,284.747,296.85020000000003,,284.747,298.9043147914863,270.58968520851374,0.0004936356263882669,-0.07392297650130497,45.88641762038435,-5.163404657086289,-5.465794806529922,0.3023901494436325,4.298571428571421,106936388.0
2022-05-20,276.31,276.92,275.72,275.91,24190881.0,MSFT,283.92150000000004,296.62519999999995,,283.92150000000004,298.1203068809347,269.72269311906535,-0.027629955947136464,-0.09951044386422914,42.26332537788386,-5.270654065088252,-5.426766658241588,0.15611259315333648,4.490714285714278,82745507.0
2022-05-23,282.91,283.42,281.24,282.86,73801331.0,MSFT,283.3465,296.4396,,283.3465,296.66985547272543,270.02314452727455,0.02518937334638105,-0.07682767624020825,49.40434477925718,-4.740200990843732,-5.289453524762017,0.5492525339182848,4.944999999999989,156546838.0
2022-05-24,279.55,281.17,278.67,280.05,50539208.0,MSFT,282.816,296.0604,,282.816,295.75254212319635,269.8794578768036,-0.009934243088453698,-0.08599869451697073,41.52057575198374,-4.4947440125513936,-5.130511622319892,0.6357676097684983,4.828571428571418,106007630.0
2022-05-25,284.01,284.77,283.78,284.1,88972627.0,MSFT,282.213,295.7552,,282.213,293.5568712411951,270.86912875880495,0.014461703267273807,-0.07278067885117423,47.50402576489536,-3.928135337108074,-4.8900363652775285,0.9619010281694544,4.866428571428559,194980257.0
2022-05-26,282.98,283.0,282.74,282.77,75613153.0,MSFT,281.53000000000003,295.4124,,281.53000000000003,290.7078176513851,272.352182348615,-0.004681450193593895,-0.07712140992167038,47.58917368704069,-3.5455429522210125,-4.621137682666225,1.0755947304452125,4.807142857142845,119367104.0
2022-05-27,287.47,288.56,284.97,286.17,108759846.0,MSFT,281.4605,295.1812,,281.4605,290.46547751246334,272.4555224875367,0.01202390635498829,-0.06602480417754497,57.375478927203055,-2.9341609646061784,-4.283742339054216,1.3495813744480376,4.696428571428563,228126950.0
2022-05-30,286.28,286.53,285.73,285.99,61881418.0,MSFT,281.57550000000003,294.91540000000003,,281.57550000000003,290.7573688041603,272.39363119583976,-0.0006289967501834637,-0.06661227154046923,52.113578138343314,-2.4360792254252033,-3.9142097163284135,1.4781304909032102,4.27499999999999,166245532.0
2022-05-31,284.05,284.22,283.71,284.04,88771170.0,MSFT,281.60049999999995,294.5016,,281.60049999999995,290.8075784554157,272.3934215445842,-0.0068184202244833125,-0.07297650130548228,63.15653298835706,-2.1736382135264876,-3.5660954157680287,1.3924572022415411,3.6921428571428487,77474362.0
2022-06-01,288.5,288.85,287.62,288.03,55905325.0,MSFT,281.54,294.16700000000003,,281.54,290.5494944072159,272.53050559278415,0.014047317279256344,-0.05995430809399416,65.74452730334373,-1.6249606319702252,-3.1778684590084683,1.552907827038243,3.8871428571428503,133379687.0
2022-06-02,276.26,276.87,275.79,276.46,61671465.0,MSFT,281.0185,293.59860000000003,,281.0185,289.93102052481413,272.1059794751859,-0.04016942679581981,-0.09771540469973827,51.5563101301641,-2.099529926967705,-2.9622007526003156,0.8626708256326108,4.723571428571416,71708222.0
2022-06-03,275.8,275.88,274.81,274.85,21508775.0,MSFT,280.488,293.05800000000005,,280.488,289.5492154407191,271.4267845592809,-0.005823627287853461,-0.10296997389033868,48.77041486765533,-2.575850258638525,-2.8849306538079578,0.309080395169433,4.73285714285713,50199447.0
2022-06-06,275.0,275.68,274.17,274.87,58539668.0,MSFT,280.308,292.3612,,280.308,289.67584331748884,270.94015668251114,7.276696379832082e-05,-0.1029046997389027,46.00316580925996,-2.918085843182496,-2.8915616916828655,-0.02652415149963039,4.617142857142844,108739115.0
2022-06-07,276.33,276.41,276.23,276.37,107686288.0,MSFT,279.92600000000004,291.6902,,279.92600000000004,289.28130111473365,270.57069888526644,0.0054571251864516945,-0.0980091383812004,42.35318969159271,-3.033306476734765,-2.9199106486932456,-0.11339582804151949,4.30999999999999,216425403.0
2022-06-08,273.86,274.28,273.56,273.7,60685908.0,MSFT,279.9175,290.9076,,279.9175,289.2962483734558,270.53875162654424,-0.009660961754170194,-0.10672323759791069,39.92380188490072,-3.302002910694682,-2.996329101093533,-0.3056738096011493,4.231428571428564,155739495.0
2022-06-09,265.59,265.86,264.36,265.14,20396382.0,MSFT,279.4275,289.9712,,279.4275,290.72828129576465,268.1267187042354,-0.03127511874314948,-0.1346605744125322,39.35560387428341,-4.1577393998576895,-3.228611160846364,-0.9291282390113254,4.324999999999993,135343113.0
2022-06-10,267.31,270.68,264.55,266.42,20768976.0,MSFT,279.008,289.01160000000004,,279.008,291.5817028838164,266.4342971161836,0.0048276382288603426,-0.13048302872062612,31.700801424755127,-4.678698308462742,-3.51862859036964,-1.1600697180931023,4.226428571428564,156112089.0
2022-06-13,261.62,261.67,261.0,261.25,74961760.0,MSFT,278.2625,288.1292,,278.2625,293.1096905901763,263.4153094098237,-0.01940545004128824,-0.14735639686684032,30.118443316412865,-5.445960150720737,-3.9040949024398595,-1.5418652482808772,4.314285714285709,81150329.0
2022-06-14,264.37,266.83,261.88,263.76,24829616.0,MSFT,277.505,287.2816,,277.505,293.69799848699944,261.31200151300055,0.009607655502392287,-0.13916449086161842,27.765631832094428,-5.784801079547094,-4.280236137861307,-1.5045649416857874,4.375714285714281,105979945.0
2022-06-15,265.03,265.27,264.95,265.2,99559956.0,MSFT,276.5845,286.5208,,276.5845,293.39745424743313,259.77154575256685,0.005459508644221955,-0.13446475195822416,30.839694656488547,-5.86947928783502,-4.598084767856049,-1.271394519978971,4.386428571428565,205539901.0
2022-06-16,264.93,265.99,264.44,264.98,54683636.0,MSFT,275.646,285.6262,,275.646,292.86540569913905,258.426594300861,-0.0008295625942683627,-0.13518276762402037,25.169908600890494,-5.886483818113845,-4.855764577907609,-1.0307192402062366,4.083571428571422,150856265.0
2022-06-17,271.35,271.35,271.34,271.35,115331315.0,MSFT,275.418,284.7796,,275.418,292.7431197003525,258.0928802996475,0.024039550154728584,-0.11439295039164443,35.01841997544001,-5.3245758709747975,-4.949526836521047,-0.3750490344537507,4.481428571428568,266187580.0
2022-06-20,277.29,277.53,275.83,276.35,113391991.0,MSFT,275.09250000000003,284.0586,,275.09250000000003,292.0700404269091,258.11495957309097,0.018426386585590482,-0.09807441253263671,42.59294933538816,-4.4247952756838345,-4.844580524353605,0.4197852486697702,4.759999999999991,379579571.0
2022-06-21,271.75,272.73,271.63,271.67,51314681.0,MSFT,274.6735,283.3138,,274.6735,291.5492106984835,257.7977893015165,-0.016935046137144916,-0.11334856396866799,34.44866920152094,-4.042747284778557,-4.684213876438595,0.6414665916600386,4.753571428571421,328264890.0
2022-06-22,264.13,264.74,263.16,263.73,108239300.0,MSFT,273.655,282.501,,273.655,290.5939311786087,256.7160688213912,-0.029226635256009104,-0.13926240208877239,37.002246273228536,-4.330741055040448,-4.613519312158966,0.282778257118518,4.487142857142852,220025590.0
2022-06-23,269.3,269.58,269.06,269.46,48713665.0,MSFT,272.9895,281.7456,,272.9895,289.4599654010224,256.51903459897767,0.021726766010692566,-0.12056135770234955,44.923714447165146,-4.0499300083221215,-4.500801451391598,0.45087144306947646,4.787142857142852,268739255.0
2022-06-24,279.78,279.82,278.84,279.23,63738367.0,MSFT,272.64250000000004,281.2514,,272.64250000000004,288.2115122392277,257.07348776077237,0.03625770058635802,-0.08867493472584809,53.46912794398473,-3.00439508558469,-4.201520178230217,1.1971250926455266,5.419285714285711,332477622.0
2022-06-27,276.07,276.86,275.83,275.84,67734386.0,MSFT,272.13500000000005,280.52139999999997,,272.13500000000005,286.4861547307254,257.7838452692747,-0.012140529312753112,-0.09973890339425562,49.590607137339695,-2.4214330226356537,-3.845502747111304,1.4240697244756504,5.552142857142854,264743236.0
2022-06-28,276.44,277.69,275.57,277.03,87256233.0,MSFT,271.78450000000004,279.9178,,271.78450000000004,285.2249283687984,258.3440716312017,0.0043140951276101625,-0.09585509138381176,52.63241106719366,-1.8421729103806115,-3.444836779765166,1.6026638693845543,5.50285714285714,351999469.0
2022-06-29,273.3,273.44,272.3,272.66,38117258.0,MSFT,271.01599999999996,279.2894,,271.01599999999996,282.0956416434524,259.93635835654754,-0.01577446485940137,-0.11011749347258448,56.36640704368442,-1.7159472052191518,-3.099058864855963,1.3831116596368114,5.173571428571425,313882211.0
2022-06-30,269.62,269.64,269.61,269.64,113754361.0,MSFT,270.675,278.6964,,270.675,281.4651836480132,259.88481635198684,-0.011076065429472703,-0.1199738903394253,52.64802631578945,-1.8384091489790535,-2.8469289216805818,1.0085197727015283,4.9535714285714265,200127850.0
2022-07-01,283.15,283.64,281.78,282.26,91927763.0,MSFT,271.0455,278.49320000000006,,271.0455,282.8960562383312,259.1949437616688,0.046803144933986074,-0.07878590078328951,65.39194139194139,-0.9066809379763754,-2.458879324939741,1.5521983869633655,5.566428571428568,292055613.0
2022-07-04,284.94,285.3,282.93,284.12,101420454.0,MSFT,271.50800000000004,278.2884,,271.50800000000004,284.63977841004345,258.37622158995663,0.006589669099411832,-0.0727154046997387,65.05917159763314,-0.017985833196746626,-1.9707006265911422,1.9527147933943956,5.384999999999999,393476067.0
2022-07-05,284.28,284.43,284.15,284.41,59585000.0,MSFT,271.91,278.1634,,271.91,286.11672635353295,257.7032736464671,0.0010206954807827628,-0.07176892950391622,64.45447705041386,0.7016241301855644,-1.436235675235801,2.1378598054213653,5.299285714285714,453061067.0
2022-07-06,285.73,286.3,284.25,285.02,97120390.0,MSFT,272.476,277.9406,,272.476,287.8380069960707,257.1139930039293,0.0021447909707814627,-0.06977806788511742,64.99102333931774,1.3060863621211638,-0.8877712677644081,2.1938576298855716,5.335,550181457.0
2022-07-07,279.33,279.48,278.96,279.27,77109288.0,MSFT,273.1825,277.5974,,273.1825,288.42314631175327,257.94185368824674,-0.02017402287558767,-0.08854438642297646,55.980066445182686,1.30609424911205,-0.4489981643891165,1.7550924135011665,5.312857142857142,473072169.0
2022-07-08,280.77,281.79,279.97,280.91,87439786.0,MSFT,273.90700000000004,277.4644,,273.90700000000004,289.17169624915306,258.642303750847,0.005872453181509085,-0.08319190600522175,53.627107858733694,1.4220423742575008,-0.07479005665979305,1.4968324309172938,5.051428571428578,560511955.0
2022-07-11,288.7,290.2,288.15,289.26,83034400.0,MSFT,275.3075,277.5758,,275.3075,290.8204078681682,259.7945921318318,0.02972482289701306,-0.0559399477806789,63.21960018036973,2.162776177442538,0.3727231901606732,1.790052987281865,5.3778571428571444,643546355.0
2022-07-12,294.06,296.98,293.77,296.08,37922601.0,MSFT,276.9235,277.8266,,276.9235,294.02389614807254,259.82310385192744,0.02357740441125622,-0.033681462140992324,74.72863476532636,3.262521736320423,0.9506828993926231,2.3118388369278,5.321428571428576,681468956.0
2022-07-13,294.45,295.78,293.62,293.7,74609556.0,MSFT,278.3485,277.9158,,278.3485,296.073949174027,260.623050825973,-0.008038368008646324,-0.04144908616188003,69.52948759265226,3.89710846494188,1.5399680125024746,2.3571404524394053,5.079285714285719,606859400.0
2022-07-14,289.48,289.68,289.27,289.54,68539363.0,MSFT,279.5765,277.9688,,279.5765,296.7981696727046,262.3548303272954,-0.014164113040517456,-0.05502610966057442,59.13197519929142,4.0180284550020815,2.035580101002396,1.9824483539996853,4.65571428571429,538320037.0
2022-07-15,292.44,292.81,292.29,292.67,35410098.0,MSFT,280.64250000000004,278.113,,280.64250000000004,298.3525647863527,262.9324352136474,0.010810250742557148,-0.0448107049608355,64.97597437266423,4.3166634505763,2.491796770917177,1.8248666796591229,4.646428571428572,573730135.0
2022-07-18,292.01,292.9,291.69,292.86,53485770.0,MSFT,281.46799999999996,278.4008,,281.46799999999996,299.8615521883411,263.07444781165884,0.0006491953394607286,-0.04419060052219326,64.34136618952714,4.5166006869882835,2.8967575541313986,1.619843132856885,4.58142857142857,627215905.0
2022-07-19,291.91,293.19,291.87,292.34,99879806.0,MSFT,282.50149999999996,278.5674,,282.50149999999996,300.89984234523854,264.1031576547614,-0.0017755924332446549,-0.04588772845953015,69.16634203350208,4.58029395555053,3.2334648344152255,1.346829121135305,4.337857142857144,527336099.0
2022-07-20,287.69,289.14,287.52,288.82,83654417.0,MSFT,283.756,278.86640000000006,,283.756,300.0684045792722,267.4435954207277,-0.012040774440719604,-0.05737597911227155,68.49922839506175,4.2972012861271764,3.446212124757616,0.8509891613695606,4.464285714285714,443681682.0
2022-07-21,292.22,293.56,291.81,292.61,25837088.0,MSFT,284.9135,279.2198,,284.9135,300.2082920616952,269.6187079383048,0.013122359947372209,-0.04500652741514344,62.03208556149736,4.328770262662999,3.622723752338693,0.7060465103243065,3.8028571428571434,469518770.0
2022-07-22,293.68,294.2,292.81,292.91,27548733.0,MSFT,285.59749999999997,279.5818,,285.59749999999997,301.0449005648359,270.150099435164,0.0010252554594853969,-0.044027415143602866,60.60313630880582,4.32810469997554,3.7637999418660626,0.5643047581094778,3.6992857142857116,497067503.0
2022-07-25,293.07,293.6,292.45,292.75,56753039.0,MSFT,286.443,279.91360000000003,,286.443,301.487547324878,271.398452675122,-0.0005462428732375679,-0.04454960835509114,60.091965150048374,4.2654965844799335,3.864139270388837,0.40135731409109665,3.759285714285714,440314464.0
2022-07-26,292.09,293.45,291.39,292.9,27825647.0,MSFT,287.2365,280.1934,,287.2365,301.85878187966534,272.6142181203346,0.000512382578992332,-0.044060052219320855,59.64268232990699,4.179800806419507,3.927271577594971,0.2525292288245362,3.759999999999999,468140111.0
2022-07-27,292.88,295.15,292.79,294.82,46305987.0,MSFT,288.34450000000004,280.4176,,288.34450000000004,301.61167115764647,275.0773288423536,0.0065551382724480245,-0.03779373368146177,70.99648933297325,4.2181895751024285,3.985455177096463,0.23273439800596574,3.4957142857142816,514446098.0
2022-07-28,289.31,290.41,288.85,290.09,94105952.0,MSFT,289.367,280.5444,,289.367,299.2968912910767,279.43710870892335,-0.016043687673834905,-0.05323107049608322,61.44067796610163,3.8228737719326205,3.9529388960636944,-0.13006512413107396,3.742142857142848,420340146.0
2022-07-29,285.06,285.4,284.53,285.2,27603314.0,MSFT,289.514,280.7302,,289.514,299.0813268553899,279.94667314461014,-0.016856837533179347,-0.06919060052219284,44.46262956901255,3.0795024301678495,3.7782516028845254,-0.6987491727166759,3.4757142857142793,392736832.0
2022-08-01,273.68,273.95,273.1,273.56,21229477.0,MSFT,288.986,280.54420000000005,,288.986,300.72567165325694,277.24632834674304,-0.04081346423562404,-0.10718015665796299,22.85438765670206,1.5334479324300219,3.329290868793625,-1.795842936363603,3.788571428571418,371507355.0
2022-08-02,274.72,277.46,274.29,275.01,111679325.0,MSFT,288.51599999999996,280.44339999999994,,288.51599999999996,301.6918573475153,275.34014265248464,0.005300482526685135,-0.10244778067885074,26.954377311960556,0.42034599907498205,2.7475018948498966,-2.3271558957749146,3.8914285714285604,483186680.0
2022-08-03,283.53,283.76,283.35,283.44,78273284.0,MSFT,288.437,280.4302,,288.437,301.7196298917825,275.1543701082175,0.030653430784335134,-0.07493472584856353,43.195002231146795,0.2159459544341189,2.241190706766741,-2.0252447523326222,4.199999999999989,561459964.0
2022-08-04,288.83,288.98,286.29,288.17,90897265.0,MSFT,288.88199999999995,280.5382,,288.88199999999995,301.4485480751988,276.3154519248011,0.016687835167936926,-0.05949738903394197,45.15295131408876,0.43066448408086444,1.879085462229566,-1.4484209781487016,4.362142857142849,652357229.0
2022-08-05,287.15,288.09,286.63,288.08,62426663.0,MSFT,289.2405,280.5764,,289.2405,301.24603464470584,277.23496535529415,-0.0003123156470140609,-0.05979112271540421,44.840241796200324,0.5868039077747085,1.6206291513385946,-1.0338252435638862,4.38571428571428,589930566.0
2022-08-08,281.03,284.95,280.84,282.86,52677576.0,MSFT,288.9205,280.5138,,288.9205,301.26036688489023,276.5806331151098,-0.018119966675923305,-0.07682767624020836,40.70952567620545,0.28603788465426305,1.3537108980017285,-1.0676730133474654,4.808571428571424,537252990.0
2022-08-09,280.48,281.25,279.97,281.18,27166705.0,MSFT,288.1755,280.4566,,288.1755,300.4945045308681,275.8564954691319,-0.005939333946121783,-0.08231070496083503,42.232614884099256,-0.08688179596322243,1.0655923592087382,-1.1524741551719606,4.670714285714281,510086285.0
2022-08-10,278.55,278.93,278.28,278.28,112204177.0,MSFT,287.4045,280.2616,,287.4045,300.1890457280911,274.61995427190885,-0.01031367807098671,-0.09177545691905975,35.16255953613582,-0.6094042603107255,0.7305930353048455,-1.339997295615571,4.539285714285711,397882108.0
2022-08-11,279.43,280.36,278.55,279.82,80544289.0,MSFT,286.9185,280.3288,,286.9185,300.09425328916,273.74274671084,0.0055339945378756195,-0.08674934725848527,36.7857863920856,-0.8889941767047276,0.40667559290293087,-1.2956697696076585,4.574285714285716,478426397.0
2022-08-12,277.86,278.76,277.77,278.6,22584600.0,MSFT,286.21500000000003,280.4038,,286.21500000000003,299.5985853901227,272.83141460987736,-0.004359945679365151,-0.09073107049608309,36.01502273176521,-1.1952370550567366,0.08629306331099737,-1.281530118367734,4.638571428571429,455841797.0
2022-08-15,281.7,282.5,279.12,280.53,67197299.0,MSFT,285.5985,280.517,,285.5985,298.82831843372924,272.36868156627077,0.006927494615936558,-0.08443211488250635,38.18980332251289,-1.2675898850469594,-0.18448352636059398,-1.0831063586863654,4.769999999999998,523039096.0
2022-08-16,278.04,278.66,276.14,278.65,75179713.0,MSFT,284.914,280.5626,,284.914,298.09170429651095,271.736295703489,-0.006701600541831554,-0.09056788511749336,34.54997133575384,-1.4598026164062503,-0.4395473443697252,-1.020255272036525,4.915,447859383.0
2022-08-17,272.53,273.09,272.46,272.56,75132154.0,MSFT,284.101,280.5398,,284.101,298.2356277295371,269.9663722704629,-0.02185537412524663,-0.11044386422976482,33.67479977649471,-2.0795726752614883,-0.7675524105480779,-1.3120202647134103,4.930714285714288,372727229.0
2022-08-18,280.42,281.15,279.84,279.97,20781218.0,MSFT,283.469,280.83639999999997,,283.469,297.1238829130238,269.8141170869762,0.0271866744936895,-0.0862597911227152,45.34780288204949,-1.9503375626807156,-1.0041094409746054,-0.9462281217061101,5.147142857142858,393508447.0
2022-08-19,273.06,274.36,272.48,273.9,46138420.0,MSFT,282.5185,280.986,,282.5185,296.0523130543259,268.9846869456741,-0.021680894381541083,-0.1060704960835509,50.335703001579745,-2.3110754367251047,-1.2655026401247054,-1.0455727966003994,4.817857142857146,347370027.0
2022-08-22,268.49,268.68,268.41,268.42,46457565.0,MSFT,281.302,281.1294,,281.302,295.32841207827016,267.2755879217299,-0.020007301935012656,-0.12395561357702334,43.97292847997076,-3.00451878035841,-1.6133058681714463,-1.3912129121869636,4.931428571428573,300912462.0
2022-08-23,264.98,265.55,264.82,265.19,118691644.0,MSFT,279.9165,281.158,,279.9165,294.5790685622293,265.2539314377707,-0.01203338052306091,-0.13449738903394248,31.554477461087544,-3.771239134710868,-2.0448925214793308,-1.726346613231537,4.563571428571431,182220818.0
2022-08-24,262.14,262.99,262.05,262.78,59199273.0,MSFT,278.3145,281.1096,,278.3145,293.12149759892964,263.5075024010704,-0.009087823824427854,-0.14236292428198438,23.075291622481416,-4.521219593138483,-2.5401579358111612,-1.9810616573273214,4.392142857142858,123021545.0
2022-08-25,265.71,266.33,265.34,266.06,43868895.0,MSFT,277.113,281.13120000000004,,277.113,291.79605446496146,262.42994553503854,0.012481924042925696,-0.13165796344647518,28.12872467222887,-4.795634828736922,-2.991253314396314,-1.8043815143406086,4.535714285714286,166890440.0
2022-08-26,268.59,268.61,265.65,267.7,47259321.0,MSFT,276.23799999999994,281.0582,,276.23799999999994,290.9775273794105,261.4984726205894,0.006164023152672282,-0.1263054830287207,33.78956372968348,-4.825155200459449,-3.3580336916089406,-1.467121508850508,4.230000000000002,214149761.0
2022-08-29,265.45,265.83,265.27,265.7,66691611.0,MSFT,275.845,280.8452,,275.845,291.28755023934553,260.4024497606545,-0.007471049682480357,-0.1328328981723238,33.55989804587935,-4.952840332715425,-3.6769950198302377,-1.2758453128851874,4.19714285714286,147458150.0
2022-08-30,268.22,268.35,267.76,267.83,71980672.0,MSFT,275.486,280.7684,,275.486,291.33867090230586,259.6333290976941,0.008016560030109199,-0.12588120104438638,38.71733966745844,-4.8265213869591435,-3.9069002932560193,-0.9196210937031242,4.179285714285718,219438822.0
2022-08-31,277.46,277.61,277.27,277.38,55616997.0,MSFT,275.183,281.0414,,275.183,290.6218029260512,259.7441970739488,0.035656946570585824,-0.09471279373368147,47.75405007363771,-3.910727097412689,-3.9076656540873533,-0.0030614433253357554,4.729285714285717,275055819.0
2022-09-01,279.05,279.14,279.05,279.12,20130499.0,MSFT,274.7305,281.2346,,274.7305,289.0570428672199,260.40395713278014,0.0062729829115293345,-0.08903394255874675,50.47410649161194,-3.0098543395354227,-3.728103391176967,0.7182490516415445,4.70857142857143,295186318.0
2022-09-02,280.16,280.4,279.69,280.19,83453072.0,MSFT,274.336,281.2538,,274.336,287.50231331526646,261.16968668473356,0.0038334766408711918,-0.08554177545691921,49.685068543905174,-2.184385890035685,-3.419359890948711,1.234974000913026,4.521428571428572,378639390.0
2022-09-05,284.3,286.18,282.49,283.47,38135545.0,MSFT,274.3665,281.4064,,274.3665,287.61850167601204,261.1144983239879,0.01170634212498678,-0.0748368146214099,54.351751534850166,-1.2511056416807946,-2.9857090410951277,1.734603399414333,4.635714285714288,416774935.0
2022-09-06,279.47,279.91,279.42,279.48,42045421.0,MSFT,274.28149999999994,281.4554,,274.28149999999994,287.3702935594568,261.1927064405431,-0.014075563551698589,-0.08785900783289813,56.49399399399399,-0.8239361520389252,-2.553354463283887,1.7294183112449617,4.482857142857147,374729514.0
2022-09-07,291.57,292.45,291.14,292.09,99458644.0,MSFT,274.972,281.844,,274.972,290.22683405695506,259.7171659430449,0.045119507657077174,-0.046703655352480555,60.36251709986314,0.5260563102394258,-1.9374723085792247,2.4635286188186507,4.795714285714289,474188158.0
2022-09-08,298.1,299.31,297.15,299.3,85409461.0,MSFT,275.946,282.43719999999996,,275.946,294.61061487470414,257.2813851252959,0.024684172686500805,-0.02317232375979117,71.30157665213017,2.152904463759569,-1.119396954111466,3.272301417871035,4.776428571428576,559597619.0
2022-09-09,298.43,301.04,296.55,296.68,75891753.0,MSFT,276.85,282.7256,,276.85,297.6814438441399,256.01855615586015,-0.00875375877046447,-0.03172323759791129,74.89429175475681,3.193963222628497,-0.25672491876347325,3.4506881413919706,4.705000000000008,483705866.0
2022-09-12,299.48,299.49,299.43,299.46,67423613.0,MSFT,277.79650000000004,283.0324,,277.79650000000004,300.9254768358581,254.66752316414198,0.009370365376836887,-0.022650130548303005,80.42976380749418,4.19497548986061,0.6336151629613436,3.5613603268992664,4.648571428571436,551129479.0
2022-09-13,288.92,289.57,288.67,289.52,48505115.0,MSFT,278.34000000000003,283.13460000000003,,278.34000000000003,302.0568143773674,254.62318562263263,-0.03319308087891537,-0.05509138381201051,70.94298245614036,4.138503898776207,1.3345929101243164,2.803910988651891,5.195000000000006,502624364.0
2022-09-14,293.49,294.59,290.89,291.15,76309618.0,MSFT,279.2695,283.2572,,279.2695,303.48442751871903,255.05457248128096,0.005630008289582822,-0.049771540469973896,70.17205338478853,4.177125827142788,1.903099493528011,2.2740263336147772,5.303571428571432,578933982.0
2022-09-15,290.79,291.56,290.24,291.27,64737414.0,MSFT,279.8345,283.49719999999996,,279.8345,304.6384033218559,255.0305966781441,0.000412158681092345,-0.04937989556135758,69.42475688149003,4.1693552487730585,2.3563506445770206,1.813004604196038,5.186428571428572,643671396.0
2022-09-16,292.77,293.67,292.69,293.17,92939656.0,MSFT,280.798,283.7424,,280.798,306.1228798822937,255.47312011770626,0.006523157208088826,-0.043178851174934474,72.6762423642067,4.267320120434704,2.7385445397485575,1.5287755806861463,5.184285714285717,736611052.0
2022-09-19,290.25,290.61,290.22,290.23,29775184.0,MSFT,281.88849999999996,283.7618,,281.88849999999996,306.84477441409376,256.93222558590617,-0.01002831121874681,-0.052774151436031036,68.24698598892148,4.060912881760146,3.003018208150875,1.0578946736092707,5.2057142857142855,706835868.0
2022-09-20,295.51,295.66,295.27,295.39,108959262.0,MSFT,283.3985,283.748,,283.3985,307.74781255919225,259.04918744080777,0.01777900285980083,-0.03593342036553493,65.80101772240744,4.264543530869673,3.255323272694635,1.0092202581750382,4.894999999999998,815795130.0
2022-09-21,289.43,292.4,288.53,291.05,74242688.0,MSFT,284.812,283.695,,284.812,307.3353732165634,262.2886267834366,-0.014692440502386606,-0.05009791122715368,60.010068803490526,4.029273600333056,3.4101133382223194,0.6191602621107366,5.259285714285714,741552442.0
2022-09-22,297.27,297.89,295.04,296.74,103119777.0,MSFT,286.346,283.839,,286.346,307.63727659271143,265.0547234072886,0.019549905514516297,-0.03152741514360291,62.88740071639933,4.25293079321375,3.5786768292206057,0.6742539639931442,5.656428571428571,844672219.0
2022-09-23,294.28,295.11,293.88,294.88,37643432.0,MSFT,287.70500000000004,283.8832,,287.70500000000004,307.39459597030014,268.01540402969994,-0.006268113500033756,-0.037597911227153835,59.08584169453733,4.231318271473924,3.70920511767127,0.5221131538026542,5.432857142857143,807028787.0
2022-09-26,285.84,286.39,285.6,286.24,46074519.0,MSFT,288.73199999999997,283.75079999999997,,288.73199999999997,305.5174104570159,271.94658954298404,-0.029300054259359665,-0.06579634464751927,55.01186239620403,3.4769344635982975,3.662750986856676,-0.18581652325837839,5.806428571428569,760954268.0
2022-09-27,283.87,284.45,283.81,284.06,28734723.0,MSFT,289.5435,283.5852,,289.5435,303.38528156315425,275.70171843684574,-0.007615986584684209,-0.07291122715404674,42.95737589896512,2.6723667000080127,3.4646741294869434,-0.7923074294789307,5.053571428571429,732219545.0
2022-09-28,292.91,293.47,291.33,292.29,31871952.0,MSFT,290.289,283.6546,,290.289,302.92606311650366,277.6519368834963,0.028972752235443266,-0.04605091383811977,43.96002067895916,2.6680772362263383,3.3053547508348227,-0.6372775146084844,5.21,764091497.0
2022-09-29,285.58,285.89,283.46,284.75,100026536.0,MSFT,290.5705,283.4974,,290.5705,302.38398110378324,278.7570188962167,-0.025796298196996248,-0.0706592689295037,40.52422557585384,2.0328296251583424,3.050849725699527,-1.0180201005411846,5.520000000000002,664064961.0
2022-09-30,279.71,280.07,279.49,279.95,29682666.0,MSFT,290.5585,283.2382,,290.5585,302.41678118369396,278.700218816306,-0.01685689201053564,-0.08632506527415129,34.98537786670772,1.1290563728952634,2.6664910551386742,-1.5374346822434108,5.695000000000001,634382295.0
2022-10-03,281.33,281.5,281.32,281.5,92789765.0,MSFT,290.46,283.0132,,290.46,302.595680320529,278.32431967947093,0.005536702982675612,-0.0812663185378587,42.912689996465204,0.5317519003484676,2.239543224180633,-1.7077913238321654,5.035000000000005,727172060.0
2022-10-04,277.85,277.94,275.67,277.1,69718882.0,MSFT,290.341,282.69719999999995,,290.341,302.9667963167299,277.7152036832701,-0.015630550621669514,-0.0956266318537855,38.1634372367313,-0.29327869096709946,1.7329788411510867,-2.026257532118186,5.089285714285718,657453178.0
2022-10-05,274.92,275.19,274.22,275.18,74979096.0,MSFT,289.4955,282.3044,,289.4955,303.7835184991324,275.2074815008676,-0.006928906531938006,-0.10189295039164459,36.843826655764545,-1.0894903657474515,1.168484999771379,-2.2579753655188304,5.20071428571429,582474082.0
2022-10-06,271.71,271.78,271.7,271.73,113694030.0,MSFT,288.117,281.93719999999996,,288.117,303.68471301190465,272.5492869880954,-0.0125372483465368,-0.11315274151435994,32.90271132376397,-1.976100762048361,0.5395678474074311,-2.5156686094557923,5.277857142857146,468780052.0
2022-10-07,275.03,275.43,274.38,274.59,82638444.0,MSFT,287.0125,281.725,288.0157,287.0125,303.1463896344562,270.87861036554375,0.010525153645162266,-0.10381853785900763,37.51197700415198,-2.420070721975833,-0.052359866469221694,-2.367710855506611,5.3314285714285745,551418496.0
2022-10-10,273.58,273.62,273.55,273.56,113908666.0,MSFT,285.7175,281.725,287.8515,285.7175,301.8023105857334,269.63268941426657,-0.0037510470155504017,-0.10718015665796321,31.33869037442298,-2.822496522808194,-0.6063871977370162,-2.216109325071178,5.017857142857143,437509830.0
2022-10-11,279.21,279.31,278.88,278.91,47042725.0,MSFT,285.187,281.80300000000005,287.68115,285.187,301.4427184755971,268.93128152440295,0.019556952770872993,-0.08971932114882475,39.7983193277311,-2.6788415630864506,-1.0208780708069032,-1.6579634922795474,4.938571428571428,484552555.0
2022-10-12,271.59,271.77,271.5,271.71,105391874.0,MSFT,284.21500000000003,281.5684,287.443,284.21500000000003,301.2743780351847,267.15562196481534,-0.025814778960955298,-0.11321801566579615,29.486969349286994,-3.1101222463461795,-1.4387269059147585,-1.671395340431421,4.979285714285717,379160681.0
2022-10-13,278.12,278.14,277.91,278.03,23998876.0,MSFT,283.553,281.36560000000003,287.2768,283.553,300.48675712965934,266.61924287034066,0.023260093482021293,-0.09259138381201026,37.1315106155491,-2.9084176848392076,-1.7326650616996484,-1.1757526231395592,5.234285714285717,403159557.0
2022-10-14,279.0,282.91,278.82,281.56,109859738.0,MSFT,282.97249999999997,281.2352,287.1642,282.97249999999997,299.30340950508054,266.6415904949194,0.012696471603783843,-0.08107049608355066,46.12326043737574,-2.4356472428056577,-1.8732614979208504,-0.5623857448848073,4.920000000000008,513019295.0
2022-10-17,281.59,283.44,279.85,282.45,99219805.0,MSFT,282.5835,281.22700000000003,287.09715,282.5835,298.5531663446006,266.61383365539945,0.003160960363687959,-0.07816579634464738,48.63721008972404,-1.9664892355963843,-1.8919070454559574,-0.07458219014042688,5.002857142857148,612239100.0
2022-10-18,284.29,284.38,284.18,284.29,105337491.0,MSFT,282.0285,281.2892,286.9947,282.0285,296.85478430577814,267.2022156942219,0.006514427332271255,-0.07216057441253243,42.40698557327261,-1.4297245378045318,-1.7994705439256724,0.3697460061211406,4.468571428571432,717576591.0
2022-10-19,282.23,282.41,280.45,282.09,119095705.0,MSFT,281.5805,281.3654,286.8785,281.5805,295.7875486212404,267.37345137875957,-0.00773857680537493,-0.079340731070496,47.19053654414869,-1.1683878140325419,-1.6732539979470464,0.5048661839145046,4.112142857142861,598480886.0
2022-10-20,278.68,279.61,277.73,277.81,102547724.0,MSFT,280.634,281.3252,286.7416,280.634,292.99037555442857,268.27762444557146,-0.015172462689212574,-0.09330939947780659,47.71465185818028,-1.2917463602051384,-1.5969524703986648,0.3052061101935264,4.047857142857144,495933162.0
2022-10-21,285.96,286.12,285.42,285.51,84014432.0,MSFT,280.16549999999995,281.4634,286.62899999999996,280.16549999999995,290.8442254808198,269.48677451918013,0.02771678485295692,-0.06817885117493461,53.78516141212006,-0.75942902332946,-1.4294477809848238,0.6700187576553638,4.530714285714287,579947594.0
2022-10-24,285.08,285.3,284.91,284.97,75051780.0,MSFT,280.102,281.5522,286.53684999999996,280.102,290.64284906197514,269.5611509380248,-0.0018913523169065138,-0.06994125326370737,58.01262472001629,-0.37679374203565885,-1.218916973194991,0.8421232311593321,4.157142857142857,504895814.0
2022-10-25,278.96,280.38,278.91,279.65,86110063.0,MSFT,279.8815,281.5722,286.42185,279.8815,290.25693916635396,269.5060608336461,-0.018668631785802137,-0.08730417754569186,54.25633212721383,-0.4971017838477678,-1.0745539353255464,0.5774521514777786,4.384285714285714,418785751.0
2022-10-26,282.0,282.07,281.09,281.65,88603760.0,MSFT,279.3495,281.754,286.3449,279.3495,287.99250745659236,270.7064925434076,0.007151796888968276,-0.08077676240208875,59.71406188797488,-0.42615108402713986,-0.9448733650658652,0.5187222810387253,4.308571428571428,507389511.0
2022-10-27,284.41,285.58,282.14,282.71,80287954.0,MSFT,279.2475,281.80879999999996,286.25825000000003,279.2475,287.6674259279137,270.8275740720863,0.0037635363039232317,-0.0773172323759792,58.2419813235891,-0.28114810172860416,-0.8121283123984131,0.5309802106698089,4.325000000000001,587677465.0
2022-10-28,286.91,287.23,285.76,286.41,89189200.0,MSFT,279.5705,282.059,286.21234999999996,279.5705,288.57895561855935,270.5620443814406,0.013087616285239356,-0.06524151436031334,62.37242441748506,0.13081888556206422,-0.6235388728063177,0.7543577583683819,4.573571428571435,676866665.0
2022-10-31,284.25,284.35,284.11,284.26,112877391.0,MSFT,279.7085,282.37579999999997,286.1466,279.7085,288.92360036498883,270.4933996350112,-0.0075067211340387185,-0.07225848563968684,55.48943156166627,0.2805842586751055,-0.44271424651003305,0.7232985051851386,4.3271428571428645,563989274.0
2022-11-01,280.04,280.3,279.91,280.17,119967758.0,MSFT,279.86199999999997,282.67539999999997,286.03454999999997,279.86199999999997,288.9960694798721,270.7279305201278,-0.014388236121860132,-0.08560704960835508,59.272249013590546,0.06845645403518574,-0.34048010640098936,0.4089365604361751,4.108571428571431,444021516.0
2022-11-02,274.75,276.31,274.09,275.24,63193971.0,MSFT,279.865,282.92460000000005,285.9001,279.865,288.9926318482873,270.7373681517127,-0.017596459292572364,-0.10169712793733676,46.84603210490622,-0.49179702770879885,-0.37074349066255124,-0.1210535370462476,4.0835714285714335,380827545.0
2022-11-03,270.34,270.95,270.14,270.51,116412604.0,MSFT,279.804,283.0136,285.72145,279.804,289.17364055930113,270.4343594406988,-0.01718500217991581,-0.11713446475195821,37.83843275368701,-1.3024594760527748,-0.557086687740596,-0.7453727883121788,4.099285714285718,264414941.0
2022-11-04,271.93,274.95,271.06,273.47,65442049.0,MSFT,279.748,283.129,285.5866,279.748,289.261141271004,270.23485872899596,0.010942294185058099,-0.10747389033942534,40.54736842105271,-1.6866256737462209,-0.782994484941721,-0.9036311888044999,4.160000000000005,329856990.0
2022-11-07,275.59,276.22,274.8,275.54,109828259.0,MSFT,279.84700000000004,283.32579999999996,285.4901,279.84700000000004,289.12736092764413,270.56663907235594,0.007569386038687842,-0.10071801566579619,40.8338571129269,-1.8032615759419173,-0.9870479031417603,-0.816213672800157,4.218571428571432,439685249.0
2022-11-08,278.47,280.6,278.1,279.34,36930712.0,MSFT,279.8685,283.556,285.40685,279.8685,289.1417104813572,270.59528951864274,0.013791101110546489,-0.08831592689295031,47.21264950334483,-1.570959088192808,-1.10383014015197,-0.46712894804083804,4.305714285714288,476615961.0
2022-11-09,281.35,281.49,281.28,281.41,69877261.0,MSFT,280.35350000000005,283.6366,285.3384,280.35350000000005,288.8086405105182,271.8983594894819,0.007410324335934915,-0.08156005221932083,53.8200339558574,-1.205924841800254,-1.1242490804816268,-0.0816757613186272,4.14785714285715,546493222.0
2022-11-10,279.05,279.25,279.02,279.05,115949293.0,MSFT,280.4045,283.6352,285.2909,280.4045,288.81280535526287,271.9961946447371,-0.008386340215344235,-0.08926240208877256,42.26902824317861,-1.094448724634617,-1.1182890093122249,0.023840284677607793,3.7250000000000107,430543929.0
2022-11-11,289.08,289.99,288.96,289.55,116147502.0,MSFT,280.804,283.82239999999996,285.30645,280.804,290.1503877626867,271.45761223731324,0.03762766529295836,-0.054993472584855985,54.4259760340162,-0.15703069865435282,-0.9260373471806506,0.7690066485262977,4.463571428571441,546691431.0
2022-11-14,288.58,288.77,288.44,288.76,46834757.0,MSFT,281.1195,283.9282,285.28995,281.1195,291.1040553889877,271.1349446110123,-0.002728371611120828,-0.05757180156657937,59.648379580597314,0.516183204306401,-0.6375932368832402,1.1537764411896412,4.110000000000014,499856674.0
2022-11-15,280.42,280.85,280.35,280.71,65511559.0,MSFT,280.94050000000004,283.95279999999997,285.2491,280.94050000000004,290.81346889171726,271.0675311082828,-0.02787782241307668,-0.0838446475195821,49.11753661284266,0.39558232253136794,-0.43095812500031866,0.8265404475316867,4.5378571428571535,434345115.0
2022-11-16,284.84,286.45,283.51,284.49,81950379.0,MSFT,281.0605,283.80080000000004,285.226,281.0605,291.04995017189714,271.07104982810284,0.013465854440525948,-0.07150783289817209,51.58985351911399,0.5981248530777066,-0.2251415293847136,0.8232663824624202,4.667142857142868,516295494.0
2022-11-17,281.48,283.06,281.07,282.8,111713043.0,MSFT,281.31,283.4708,285.2029,281.31,291.2064469966685,271.4135530033315,-0.005940454849028054,-0.07702349869451675,46.655549379284786,0.6151809684279215,-0.0570770298221866,0.672257998250108,4.588571428571437,404582451.0
2022-11-18,281.93,282.02,281.48,281.57,78027742.0,MSFT,281.113,283.1686,285.16865,281.113,290.81231978081456,271.41368021918544,-0.004349363507779369,-0.08103785900783267,47.464655984919894,0.5234137543184261,0.059021127005935946,0.46439262731249015,4.518571428571436,326554709.0
2022-11-21,278.77,281.5,277.42,280.59,94570746.0,MSFT,280.894,282.7912,285.12085,280.894,290.422933004828,271.365066995172,-0.003480484426607977,-0.08423629242819819,50.42050460552659,0.3673748970609836,0.12069188101694547,0.2466830160440381,4.504285714285722,231983963.0
2022-11-22,281.73,282.61,280.65,282.18,34625923.0,MSFT,281.02049999999997,282.64439999999996,285.06669999999997,281.02049999999997,290.5470710957342,271.4939289042657,0.005666631027477997,-0.07904699738903354,57.44635193133044,0.36777322944260504,0.1701081507020774,0.19766507874052763,4.214285714285722,266609886.0
2022-11-23,277.0,277.05,276.8,276.93,98813994.0,MSFT,280.78450000000004,282.36,284.9735,280.78450000000004,290.4778063719779,271.09119362802215,-0.018605145651711674,-0.09618146214099177,56.81239388794566,-0.05490925349988629,0.12510466986168467,-0.18001392336157096,4.23428571428572,167795892.0
2022-11-24,275.82,275.93,274.75,275.08,108561041.0,MSFT,280.403,282.0362,284.85095,280.403,290.3738397999248,270.43216020007526,-0.006680388545841964,-0.1022193211488247,51.74961964790258,-0.5330233440844268,-0.006520932927537609,-0.5265024111568891,4.07285714285715,59234851.0
2022-11-25,275.51,275.78,274.38,275.17,93116230.0,MSFT,279.841,281.67620000000005,284.71805,279.841,289.6520268790289,270.02997312097114,0.0003271775483497663,-0.10192558746736236,49.57983193277311,-0.8943603285130166,-0.18408881204463343,-0.7102715164683832,3.9764285714285768,152351081.0
2022-11-28,280.47,281.2,280.29,280.99,97739028.0,MSFT,279.6775,281.4914,284.6089,279.6775,289.28533863092366,270.06966136907636,0.021150561471090512,-0.08293080939947728,51.791530944625435,-0.7029934607175505,-0.28786974177921687,-0.41512371893833366,4.045714285714289,250090109.0
2022-11-29,277.5,277.68,276.23,277.22,84952041.0,MSFT,279.53000000000003,281.128,284.49275,279.53000000000003,289.1964019322478,269.86359806775226,-0.013416847574646673,-0.09523498694516908,45.6125654450262,-0.8457915732913079,-0.39945410808163506,-0.4463374652096729,4.232142857142857,165138068.0
2022-11-30,273.82,275.5,273.44,274.66,103361511.0,MSFT,279.50100000000003,280.8002,284.4371,279.50100000000003,289.22490196750556,269.7770980324945,-0.009234542962268222,-0.10359007832898104,45.42231491136603,-1.1522483102275487,-0.5500129485108178,-0.6022353617167309,4.33142857142857,61776557.0
2022-12-01,282.0,283.15,279.2,279.91,34673881.0,MSFT,279.971,280.4636,284.41615,279.971,288.7254753066481,271.2165246933519,0.019114541615087743,-0.0864556135770228,38.71194379391106,-0.9604152886223005,-0.6320934165331145,-0.32832187208918606,4.156428571428568,96450438.0
2022-12-02,283.01,283.31,282.41,282.67,97682340.0,MSFT,280.431,280.2194,284.42650000000003,280.431,288.70058383729673,272.16141616270323,0.009860312243221037,-0.0774477806788505,43.18334452652792,-0.5790029179785847,-0.6214753168222086,0.04247239884362386,4.319999999999993,194132778.0
2022-12-05,282.38,284.95,281.85,283.51,29358544.0,MSFT,280.8295,280.1648,284.4563,280.8295,288.87170308909754,272.78729691090246,0.0029716630700109548,-0.07470626631853716,53.73731980779498,-0.20656869120102783,-0.5384939916979725,0.3319253004969447,3.9407142857142787,223491322.0
2022-12-06,281.78,282.25,280.11,280.24,109622548.0,MSFT,280.8745,280.0884,284.50775,280.8745,288.8916434077873,272.85735659221274,-0.011533984691897925,-0.08537859007832826,44.248985115020304,-0.173276135278968,-0.4654504204141716,0.2921742851352036,3.7735714285714193,113868774.0
2022-12-07,285.01,285.17,284.98,285.01,49974125.0,MSFT,281.0545,279.9428,284.5663,281.0545,289.2811818149352,272.8278181850648,0.01702112475021411,-0.06981070496083475,52.76042967774167,0.23529525338108215,-0.32530128565512084,0.560596539036203,3.8814285714285615,163842899.0
2022-12-08,284.88,284.99,284.71,284.93,68051106.0,MSFT,281.3485,279.9464,284.66465,281.3485,289.6929864242316,273.0040135757684,-0.00028069190554713686,-0.07007180156657888,54.320987654321,0.5463378484465693,-0.15097345883478283,0.6973113072813522,3.80857142857142,95791793.0
2022-12-09,284.75,285.48,284.0,285.37,103293752.0,MSFT,281.1395,280.0548,284.75579999999997,281.1395,288.800459057728,273.478540942272,0.001544238935879072,-0.06863577023498613,56.233698487219655,0.8189058320625122,0.04300239934467619,0.775903432717836,3.617857142857137,199085545.0
2022-12-12,285.49,286.42,284.86,285.84,56885517.0,MSFT,280.9935,280.14160000000004,284.85380000000004,280.9935,288.1367744223961,273.85022557760385,0.0016469846164628432,-0.0671018276762394,54.9167114454594,1.060616863874941,0.24652529225072914,0.8140915716242118,3.5849999999999915,255971062.0
2022-12-13,286.67,287.3,285.78,286.36,117622038.0,MSFT,281.276,280.3268,284.94465,281.276,288.8083593843305,273.7436406156695,0.001819199552197226,-0.0654046997389024,64.51215758694987,1.2793862835129062,0.4530974905031646,0.8262887930097416,3.3092857142857093,373593100.0
2022-12-14,290.33,290.34,290.2,290.29,34057082.0,MSFT,281.56600000000003,280.629,285.03594999999996,281.56600000000003,290.0107240458467,273.12127595415336,0.013723983796619654,-0.05257832898172221,71.99884292739378,1.7497111988017195,0.7124202321628756,1.037290966638844,3.4378571428571343,407650182.0
2022-12-15,289.15,289.34,288.9,288.97,71544609.0,MSFT,281.8745,280.9738,285.0764,281.8745,290.93722289743897,272.81177710256105,-0.004547176960970067,-0.05688642297650026,69.27374301675985,1.9929605062354199,0.9685282869773846,1.0244322192580353,3.4371428571428533,336105573.0
2022-12-16,278.0,278.61,277.72,278.29,73323090.0,MSFT,281.7105,281.04780000000005,285.03204999999997,281.7105,290.91404045148283,272.5069595485172,-0.03695885386026232,-0.0917428198433411,46.67978357107724,1.3088628353502827,1.0365951966519642,0.2722676386983185,3.8099999999999983,262782483.0
2022-12-19,276.56,277.07,274.44,276.79,96029634.0,MSFT,281.52049999999997,281.1124,284.95529999999997,281.52049999999997,290.9749146747474,272.0660853252525,-0.0053900607280175095,-0.0966383812010434,49.439958322479804,0.6383149412340572,0.9569391455683829,-0.3186242043343257,3.7450000000000006,166752849.0
2022-12-20,276.99,277.19,276.21,276.61,118281199.0,MSFT,281.242,281.0664,284.8433,281.242,290.9396407331603,271.54435926683976,-0.0006503125112902186,-0.09722584856396776,52.70758122743682,0.09132368582976369,0.7838160536206591,-0.6924923677908954,3.5449999999999995,48471650.0
2022-12-21,276.21,277.32,275.67,277.18,74963726.0,MSFT,281.2545,281.17580000000004,284.73240000000004,281.2545,290.92935612567993,271.5796438743201,0.00206066302736696,-0.09536553524804092,45.64315352697092,-0.2928013568468941,0.5684925715271485,-0.8612939283740426,3.056428571428573,123435376.0
2022-12-22,273.18,274.29,272.29,274.09,24204076.0,MSFT,281.205,281.097,284.6033,281.205,291.02195740194253,271.38804259805744,-0.011147990475503411,-0.10545039164490788,36.44977890082115,-0.8369129845070233,0.28741146032031417,-1.1243244448273375,3.162857142857145,99231300.0
2022-12-23,267.92,268.59,267.03,268.24,57484374.0,MSFT,280.85850000000005,280.8306,284.45585000000005,280.85850000000005,291.975474739937,269.7415252600631,-0.021343354372651224,-0.12454308093994693,29.179165530406337,-1.7203404650440461,-0.11413892475255791,-1.6062015402914882,3.4457142857142906,41746926.0
2022-12-26,269.84,271.41,269.14,270.55,81441045.0,MSFT,280.3365,280.5926,284.31219999999996,280.3365,292.3701113055311,268.3028886944689,0.008611691022964552,-0.11700391644908525,36.43237188462614,-2.208605978683636,-0.5330323355387735,-1.6755736431448622,3.429285714285722,123187971.0
2022-12-27,273.42,273.89,273.04,273.86,26473952.0,MSFT,280.16850000000005,280.384,284.15785,280.16850000000005,292.47600780706756,267.86099219293254,0.012234337460728106,-0.10620104438642208,33.72262773722632,-2.3019353015786805,-0.886812928746755,-1.4151223728319255,3.3157142857142907,149661923.0
2022-12-28,264.87,266.6,263.63,266.58,22682146.0,MSFT,279.7645,280.0738,283.96695,279.7645,293.30231833469236,266.22668166530764,-0.026582925582414485,-0.12996083550913762,27.8648974668275,-2.929564425766216,-1.2953632281506473,-1.6342011976155688,4.025000000000006,126979777.0
2022-12-29,266.11,266.38,265.01,265.34,73593683.0,MSFT,279.036,279.8244,283.76925,279.036,294.0305623828309,264.0414376171691,-0.00465151174131595,-0.13400783289817153,26.29585798816568,-3.486828674907258,-1.7336563175019697,-1.7531723574052884,4.031428571428576,53386094.0
2022-12-30,262.14,262.28,261.98,262.06,51421065.0,MSFT,278.0055,279.35540000000003,283.57015,278.0055,294.68650271503253,261.32449728496744,-0.012361498454812603,-0.14471279373368062,23.61296049711501,-4.145348201443312,-2.2159946942902384,-1.9293535071530736,4.160000000000001,1965029.0
2023-01-02,263.19,263.81,262.97,263.35,73499704.0,MSFT,276.9975,278.923,283.33835,276.9975,294.68411804570655,259.31088195429345,0.00492253682362831,-0.14050261096605643,24.89635609862539,-4.511135885180124,-2.6750229324682158,-1.8361129527119084,4.176428571428569,75464733.0
2023-01-03,263.34,264.11,261.5,261.81,44402451.0,MSFT,276.07599999999996,278.5662,283.0978,276.07599999999996,294.9330315239359,257.21896847606405,-0.005847731156256031,-0.14552872062663091,17.21915285451199,-4.869161724174205,-3.1138506908094135,-1.7553110333647917,4.07857142857143,31062282.0
2023-01-04,255.31,255.66,255.22,255.53,68221278.0,MSFT,274.602,278.04380000000003,282.81129999999996,274.602,295.0594501678092,254.14454983219073,-0.02398686070050804,-0.16602480417754484,15.454545454545482,-5.595145937355596,-3.6101097401186504,-1.985036197236946,4.449999999999998,-37158996.0
2023-01-05,260.25,260.3,260.15,260.3,58649909.0,MSFT,273.3705,277.5956,282.553,273.3705,294.1726117096059,252.56838829039404,0.018667084099714293,-0.15045691906005132,28.83031301482704,-5.719661820191732,-4.0320201561332665,-1.6876416640584653,3.9871428571428567,21490913.0
2023-01-06,261.92,262.64,260.87,262.15,57670949.0,MSFT,272.20950000000005,277.11039999999997,282.29175,272.20950000000005,292.7824024383246,251.6365975616755,0.007107184018440238,-0.14441906005221838,32.913165266106404,-5.60445732018934,-4.3465075889444815,-1.2579497312448584,3.8792857142857105,79161862.0
2023-01-09,260.87,261.49,260.07,260.39,86113230.0,MSFT,270.937,276.63300000000004,282.06685,270.937,291.1043807500074,250.76961924999262,-0.006713713522792264,-0.15016318537858908,31.742458352093635,-5.590727785199533,-4.595351628195492,-0.9953761570040411,3.9578571428571365,-6951368.0
2023-01-10,256.35,256.67,255.93,256.15,86721967.0,MSFT,269.4265,276.1526,281.81690000000003,269.4265,289.2525310278121,249.60046897218783,-0.01628326740658248,-0.16400130548302783,28.134747348721135,-5.85449264769818,-4.84717983209603,-1.00731281560215,4.158571428571422,-93673335.0
2023-01-11,250.96,251.37,250.49,251.35,28206788.0,MSFT,267.4795,275.6748,281.55745,267.4795,286.30136687423857,248.65763312576138,-0.018739020105406956,-0.1796671018276753,27.1686746987952,-6.37733414797259,-5.153210695271342,-1.2241234527012477,4.213571428571421,-121880123.0
2023-01-12,248.84,252.39,246.48,250.39,54098918.0,MSFT,265.5505,275.2724,281.26085,265.5505,282.9530787260329,248.1479212739671,-0.0038193753729859337,-0.18280026109660485,30.126920507682016,-6.790872825988458,-5.480743121414767,-1.3101297045736917,4.131428571428564,-175979041.0
2023-01-13,241.7,243.54,241.01,242.76,32891015.0,MSFT,263.774,274.6582,280.90625,263.774,282.8722461581103,244.67575384188973,-0.03047246295778583,-0.2077023498694508,22.337248656181558,-7.646142470291579,-5.91382299119013,-1.7323194791014496,4.57499999999999,-208870056.0
2023-01-16,250.64,251.14,248.02,249.49,38536893.0,MSFT,262.409,274.1372,280.5917,262.409,281.49264513343644,243.32535486656354,0.027722853847421458,-0.18573759791122613,27.287977632805237,-7.692223901352008,-6.269503173222505,-1.4227207281295033,4.9349999999999925,-170333163.0
2023-01-17,246.71,246.74,246.57,246.73,82789356.0,MSFT,260.915,273.485,280.2808,260.915,279.99600791776686,241.83399208223318,-0.011062567637981524,-0.19474543080939855,29.798493791980476,-7.8608378555861975,-6.587770109695244,-1.2730677458909536,4.412857142857135,-253122519.0
2023-01-18,246.69,246.85,246.48,246.55,80389386.0,MSFT,259.38349999999997,272.7878,279.9917,259.38349999999997,277.87558226013977,240.89141773986017,-0.0007295424147852891,-0.1953328981723228,30.45558560432707,-7.917719582059306,-6.853760004168057,-1.0639595778912483,4.32714285714285,-333511905.0
2023-01-19,244.62,245.86,244.41,244.97,48829817.0,MSFT,257.9275,272.1062,279.6804,257.9275,276.12735757607635,239.7276424239237,-0.006408436422632335,-0.20048955613576924,31.57213715764503,-7.998094500725614,-7.08262690347957,-0.9154675972460442,4.239999999999997,-382341722.0
2023-01-20,245.83,245.87,245.82,245.86,40492568.0,MSFT,256.8085,271.23240000000004,279.39,256.8085,275.0904960616993,238.52650393830066,0.0036330979303589306,-0.19758485639686574,30.97672395040243,-7.898922776025728,-7.245886077988802,-0.6530366980369262,4.179285714285712,-341849154.0
2023-01-23,249.23,249.62,248.72,249.51,90261334.0,MSFT,255.75650000000002,270.4474,279.07585,255.75650000000002,273.1067874540116,238.4062125459884,0.014845847230130937,-0.18567232375979004,37.20881863560731,-7.4400398261779515,-7.2847168276266325,-0.15532299855131892,4.261428571428567,-251587820.0
2023-01-24,239.02,239.47,238.86,239.0,24790516.0,MSFT,254.01349999999996,269.6132,278.7348,254.01349999999996,270.69747816374775,237.32952183625218,-0.042122560218027294,-0.2199738903394245,34.19996176639265,-7.834133927280931,-7.394600247557492,-0.4395336797234384,4.551428571428565,-276378336.0
2023-01-25,241.34,241.82,240.69,241.75,72391749.0,MSFT,252.772,268.7584,278.42315,252.772,269.212238953315,236.33176104668493,0.011506276150627714,-0.21099869451697006,31.556969576456524,-7.834246013019367,-7.4825294006498675,-0.3517166123694997,4.412142857142849,-203986587.0
2023-01-26,241.52,241.68,241.31,241.34,59028011.0,MSFT,251.57199999999997,267.92920000000004,278.1334,251.57199999999997,267.64926685334535,235.49473314665462,-0.0016959669079628092,-0.21233681462140874,28.700102354145372,-7.777761225344165,-7.541575765588727,-0.23618545975543714,4.276428571428566,-263014598.0
2023-01-27,245.13,246.63,244.97,245.61,116345761.0,MSFT,250.74949999999998,267.21,277.89935,250.74949999999998,266.24000707606683,235.2589929239331,0.01769288141211578,-0.19840078328981592,35.61137071651093,-7.304244525879568,-7.494109517646896,0.18986499176732785,4.505714285714281,-146668837.0
2023-01-30,246.39,247.37,246.36,247.28,92979529.0,MSFT,249.946,266.54380000000003,277.66395,249.946,264.3107425096454,235.58125749035455,0.006799397418671749,-0.19295039164490735,40.91002254560363,-6.716797031702129,-7.338647020457943,0.6218499887558142,4.312857142857139,-53689308.0
2023-01-31,241.58,242.23,240.04,241.22,25367640.0,MSFT,248.91649999999998,265.7246,277.41675,248.91649999999998,262.6380455244277,235.19495447557227,-0.02450663215787774,-0.21272845953002495,39.880119880119885,-6.663420253851427,-7.20360166713664,0.5401814132852127,4.425714285714284,-79056948.0
2023-02-01,236.88,236.92,236.55,236.57,70997378.0,MSFT,247.9685,264.9174,277.1188,247.9685,262.3692123727301,233.56778762726995,-0.01927700853992209,-0.22790469973890226,37.14179382210645,-6.916604598796283,-7.146202253468569,0.2295976546722862,4.337142857142855,-150054326.0
2023-02-02,240.34,241.5,239.83,241.2,22855791.0,MSFT,247.01349999999996,264.2398,276.84265,247.01349999999996,260.47348869945546,233.55351130054444,0.019571374223274374,-0.21279373368146093,48.46275128104059,-6.666801967641447,-7.050322196303146,0.3835202286616983,4.019285714285713,-127198535.0
2023-02-03,244.36,244.88,244.04,244.46,83781665.0,MSFT,246.129,263.62559999999996,276.62715000000003,246.129,257.5751998290399,234.68280017096006,0.013515754560530668,-0.20215404699738782,44.67950074042733,-6.135055724227925,-6.867268901888102,0.732213177660177,3.6835714285714283,-43416870.0
2023-02-06,243.05,243.81,242.96,243.46,45280224.0,MSFT,245.28250000000003,262.875,276.42600000000004,245.28250000000003,254.5928199673661,235.97218003263396,-0.004090648776896022,-0.20541775456918943,46.407382992748865,-5.728302334382846,-6.639475588387052,0.9111732540042059,3.5821428571428555,-88697094.0
2023-02-07,245.96,246.57,245.79,246.12,61782625.0,MSFT,244.781,262.25300000000004,276.2389,244.781,252.58529814100433,236.97670185899568,0.010925819436457651,-0.19673629242819735,49.55198999791623,-5.132147372716389,-6.33800994525292,1.2058625725365308,3.77785714285714,-26914469.0
2023-02-08,242.08,245.41,241.24,243.8,52222511.0,MSFT,244.40350000000004,261.6358,276.0117,244.40350000000004,251.57462712274204,237.23237287725803,-0.009426296115715882,-0.204308093994777,48.799507490252424,-4.791659612177483,-6.028739878637833,1.2370802664603495,3.9735714285714243,-79136980.0
2023-02-09,245.74,251.74,240.98,247.74,101497595.0,MSFT,244.27100000000002,260.99240000000003,275.81595,244.27100000000002,251.06437107232603,237.477628927674,0.016160787530763,-0.19144908616187872,51.815372730784084,-4.155987895377223,-5.6541894819857115,1.4982015866084888,4.67785714285714,22360615.0
2023-02-10,245.74,247.14,245.6,246.72,63790372.0,MSFT,244.469,260.2734,275.62225,244.469,251.3076268243051,237.6303731756949,-0.004117219665778715,-0.19477806788511642,47.16174974567651,-3.691960334973828,-5.261743652583335,1.5697833176095068,4.562142857142855,-41429757.0
2023-02-13,242.8,244.64,242.45,243.73,89621967.0,MSFT,244.18099999999998,259.4778,275.44855,244.18099999999998,250.6016767965936,237.76032320340636,-0.01211900129701693,-0.20453655352480316,55.68099927936583,-3.5248508749999417,-4.914365097066656,1.3895142220667145,4.106428571428572,-131051724.0
2023-02-14,244.51,244.88,244.39,244.47,101746317.0,MSFT,244.06799999999998,258.7624,275.25085,244.06799999999998,250.378391096396,237.75760890360397,0.0030361465556147937,-0.20212140992167005,53.43260979303381,-3.2947240801485975,-4.590436893683044,1.295712813534447,3.987142857142859,-29305407.0
2023-02-15,242.95,245.15,241.85,243.6,47955343.0,MSFT,243.92050000000003,257.93420000000003,275.09950000000003,243.92050000000003,250.12361458271704,237.71738541728303,-0.003558718861209953,-0.20496083550913735,52.819361277445104,-3.146280305491331,-4.301605576044702,1.1553252705533712,4.191428571428574,-77260750.0
2023-02-16,245.23,246.28,244.58,245.65,107273316.0,MSFT,243.9545,257.1486,274.95304999999996,243.9545,250.18920921113155,237.71979078886844,0.008415435139573102,-0.19827023498694407,50.05282620179607,-2.8305903930904037,-4.007402539453842,1.1768121463634387,4.0050000000000034,30012566.0
2023-02-17,243.76,244.25,243.65,244.01,67757757.0,MSFT,243.86200000000002,256.3214,274.79904999999997,243.86200000000002,250.03223619781633,237.69176380218371,-0.006676165275798951,-0.20362271540469867,45.67803330689928,-2.6818237620857985,-3.7422867839802336,1.060463021894435,4.022142857142861,-37745191.0
2023-02-20,243.33,243.78,242.77,243.72,70482923.0,MSFT,243.5725,255.47899999999998,274.63685000000004,243.5725,249.14092933538342,238.00407066461656,-0.0011884758821359975,-0.20456919060052114,53.898939488459135,-2.557840518283541,-3.505397530840895,0.947557012557354,3.5935714285714306,-108228114.0
2023-02-21,253.51,253.75,253.41,253.59,36915520.0,MSFT,244.302,254.8236,274.51025000000004,244.302,251.04673393022094,237.55726606977905,0.04049729197439689,-0.17235639686683957,72.8272532188841,-1.6442030421616778,-3.133158633105052,1.488955590943374,3.9764285714285745,-71312594.0
2023-02-22,257.11,257.52,257.04,257.52,118618114.0,MSFT,245.09050000000002,254.16819999999998,274.3798,245.09050000000002,253.93836617153949,236.24263382846055,0.015497456524310893,-0.15953002610965938,72.30727173318749,-0.596148574634185,-2.6257566214108787,2.0296080467766937,3.905000000000001,47305520.0
2023-02-23,256.93,257.82,256.19,256.4,97980117.0,MSFT,245.8435,253.5168,274.24305,245.8435,255.83666455857377,235.85033544142624,-0.004349176762969864,-0.1631853785900771,67.33449477351911,0.14242570704271884,-2.0721201557201594,2.2145458627628782,3.758571428571429,-50674597.0
2023-02-24,257.18,257.33,256.9,257.22,100781109.0,MSFT,246.42400000000004,253.09539999999998,274.1496,246.42400000000004,257.63472306227146,235.2132769377286,0.0031981279251172,-0.16050913838119962,70.08172796263862,0.7848707914671706,-1.5007219662826936,2.285592757749864,3.717857142857144,50106512.0
2023-02-27,253.12,254.08,252.52,252.65,28390153.0,MSFT,246.69249999999997,252.61260000000001,273.99855,246.69249999999997,258.24166242121373,235.14333757878623,-0.01776689215457594,-0.1754242819843329,59.0268178048106,0.9147081562844335,-1.0176359417692682,1.9323440980537017,3.8314285714285745,21716359.0
2023-02-28,259.06,259.23,258.77,258.77,77123888.0,MSFT,247.57000000000002,252.2558,273.89215,247.57000000000002,260.0016031908492,235.1383968091508,0.024223233722540982,-0.15545039164490737,68.72654490868143,1.4942136910411534,-0.5152660152071838,2.0094797062483374,3.9528571428571473,98840247.0
2023-03-01,258.52,258.63,258.18,258.19,84243623.0,MSFT,248.65099999999998,251.87599999999998,273.7626,248.65099999999998,260.81220475333856,236.48979524666137,-0.0022413726475247753,-0.1573433420365522,64.2720568150778,1.8849463613942419,-0.03522353988689875,1.9201699012811406,3.2264285714285728,14596624.0
2023-03-02,262.24,263.02,261.04,262.65,61648852.0,MSFT,249.7235,251.64719999999997,273.662,249.7235,262.8620351662878,236.58496483371218,0.01727410046864697,-0.14278720626631736,69.88764044943815,2.52537855199688,0.47689687848985707,2.0484816735070233,3.4185714285714277,76245476.0
2023-03-03,269.13,270.01,264.57,266.88,109121114.0,MSFT,250.84449999999998,251.62,273.56555000000003,250.84449999999998,265.7932439711763,235.89575602882368,0.016105082809823035,-0.1289817232375966,78.0334221361104,3.3357983189704896,1.0486771665859838,2.287121152384506,3.6392857142857133,185366590.0
2023-03-06,270.75,271.05,270.39,270.62,27728961.0,MSFT,252.20250000000001,251.6214,273.4887,252.20250000000001,269.1303019526269,235.27469804737316,0.014013788968824992,-0.11677545691905866,79.5213366448408,4.231075363534188,1.6851568059756248,2.5459185575585632,3.855,213095551.0
2023-03-07,274.2,274.58,274.12,274.4,72414541.0,MSFT,253.6165,251.63219999999998,273.4405,253.6165,272.95753385360524,234.2754661463948,0.013967925504397183,-0.10443864229764888,82.62711864406776,5.185824325929872,2.385290309966474,2.8005340159633976,3.902142857142855,285510092.0
2023-03-08,279.19,279.65,277.94,278.86,92499565.0,MSFT,255.36949999999996,251.87779999999998,273.39465,255.36949999999996,277.16408887454656,233.57491112545333,0.016253644314868865,-0.08988250652741381,83.47107438016526,6.230532779933014,3.1543388039597824,3.076193975973232,4.085714285714283,378009657.0
2023-03-09,287.5,288.17,286.69,287.94,53463646.0,MSFT,257.3795,252.3298,273.45205000000004,257.3795,283.24594115248016,231.51305884751986,0.03256114179157987,-0.06024804177545562,88.50131463628396,7.702363816204013,4.063943806408629,3.638420009795384,4.60785714285714,431473303.0
2023-03-10,289.91,290.1,289.69,290.03,23233953.0,MSFT,259.54499999999996,252.8892,273.52795000000003,259.54499999999996,288.6970085071334,230.39299149286654,0.007258456622907472,-0.05342689295039038,89.34579439252335,8.934455211388354,5.038046087404574,3.89640912398378,4.673571428571429,454707256.0
2023-03-13,291.5,293.76,291.44,292.45,33269198.0,MSFT,261.981,253.47119999999998,273.61584999999997,261.981,293.60604330764625,230.35595669235374,0.008343964417474092,-0.04552872062663049,87.80155642023344,9.991000262186503,6.02863692236096,3.9623633398255436,4.2235714285714305,487976454.0
2023-03-14,282.85,283.53,282.75,283.36,107061928.0,MSFT,263.9255,253.90220000000002,273.6508,263.9255,295.7985570759755,232.0524429240245,-0.031082236279705855,-0.07519582245430667,72.84299858557287,9.97979196566439,6.8188679310216465,3.1609240346427434,4.635714285714288,380914526.0
2023-03-15,281.41,283.35,280.01,280.75,84702388.0,MSFT,265.783,254.4066,273.68605,265.783,296.9916952121051,234.5743047878949,-0.009210897797854334,-0.0837140992167088,70.97329888027564,9.649075585589628,7.384909461935243,2.264166123654385,4.758571428571433,296212138.0
2023-03-16,275.61,275.7,273.38,275.45,86277075.0,MSFT,267.273,254.7096,273.73760000000004,267.273,297.2559032687133,237.29009673128675,-0.018878005342831794,-0.10101174934725721,64.57700303854148,8.85721431247589,7.679370432043373,1.1778438804325164,5.218571428571432,209935063.0
2023-03-17,276.87,278.12,274.69,276.92,73178025.0,MSFT,268.9185,255.005,273.7901,268.9185,297.082952604769,240.75404739523103,0.005336721728081528,-0.09621409921670876,70.41898031297326,8.25313822314206,7.7941239902631105,0.4590142328789488,5.127857142857146,283113088.0
2023-03-20,280.16,280.24,280.13,280.22,50820252.0,MSFT,270.7435,255.4016,273.88495,270.7435,296.674663348981,244.81233665101894,0.011916799075545326,-0.08544386422976358,68.94541600423956,7.949054241776366,7.825110040565762,0.12394420121060445,4.895000000000002,333933340.0
2023-03-21,282.78,282.86,282.66,282.86,116049177.0,MSFT,272.207,255.93579999999997,273.98045,272.207,297.3539375345861,247.06006246541386,0.009421169081435865,-0.07682767624020759,71.02437361513552,7.830822584104908,7.826252549273592,0.004570034831315795,5.0414285714285745,449982517.0
2023-03-22,276.58,277.11,275.95,276.84,96571513.0,MSFT,273.173,256.44559999999996,274.03864999999996,273.173,297.4123495657036,248.9336504342964,-0.021282613306936482,-0.09647519582245323,61.779843931595536,7.168722879842562,7.694746615387387,-0.5260237355448245,5.190000000000006,353411004.0
2023-03-23,282.24,283.18,280.3,282.43,59177993.0,MSFT,274.4745,257.08639999999997,274.1259,274.4745,297.6957438807307,251.25325611926928,0.02019216876173968,-0.07823107049608236,62.623802565351504,7.014214873598917,7.558640267029693,-0.5444253934307763,5.1171428571428645,412588997.0
2023-03-24,285.9,286.26,284.98,285.34,104302614.0,MSFT,275.8805,257.938,274.19585,275.8805,298.08589950931685,253.67510049068312,0.01030343802004019,-0.06873368146213998,62.11323238973005,7.045364271857068,7.455985067995169,-0.410620796138101,5.092857142857148,516891611.0
2023-03-27,286.21,288.22,285.0,285.43,84907062.0,MSFT,277.5195,258.6568,274.24125,277.5195,297.20085262253525,257.83814737746474,0.0003154131912805891,-0.06843994778067786,59.663571053092696,6.996659506710557,7.364119955738246,-0.36746044902768915,5.040000000000008,601798673.0
2023-03-28,279.59,280.47,279.11,280.35,113781526.0,MSFT,278.59849999999994,259.3292,274.28465,278.59849999999994,296.2090378440817,260.9879621559182,-0.017797708720176497,-0.08501958224542971,51.29138498873289,6.473524325963751,7.186000829783348,-0.7124765038195964,5.116428571428579,488017147.0
2023-03-29,280.93,281.99,280.49,281.05,71487784.0,MSFT,279.7415,260.01919999999996,274.37125,279.7415,294.5134253992138,264.96957460078613,0.0024968789013732895,-0.08273498694516856,43.01358750760497,6.0457286792137666,6.9579463996694315,-0.912217720455665,4.568571428571436,559504931.0
2023-03-30,283.56,283.57,282.11,283.35,96970409.0,MSFT,280.7765,260.7868,274.4407,280.7765,293.22406458952764,268.32893541047235,0.008183597224693084,-0.075228459530025,43.255250403877284,5.82513974025909,6.731385067787364,-0.906245327528274,4.594285714285718,656475340.0
2023-03-31,288.5,288.54,288.36,288.52,89475343.0,MSFT,281.8585,261.64,274.48715,281.8585,292.90298855168743,270.81401144831256,0.018245985530262798,-0.05835509138381101,46.240673426439635,5.998351942043769,6.584778442638646,-0.586426500594877,4.698571428571431,745950683.0
2023-04-03,285.05,285.07,284.79,285.0,118397310.0,MSFT,282.5775,262.3498,274.53295,282.5775,292.33923383003,272.81576616996995,-0.012200194093996863,-0.0698433420365524,51.75588865096358,5.784904499658069,6.42480365404253,-0.6398991543844614,4.272142857142858,627553373.0
2023-04-04,283.15,285.56,282.19,283.44,60742514.0,MSFT,283.0295,263.23859999999996,274.565,283.0295,292.0022153080843,274.05678469191565,-0.005473684210526297,-0.07493472584856287,52.94633077765608,5.427304315456638,6.225303786325352,-0.7979994708687137,4.273571428571428,566810859.0
2023-04-05,280.35,280.8,278.25,280.05,91909138.0,MSFT,283.08900000000006,264.0046,274.60195,283.08900000000006,291.96051064095417,274.21748935904594,-0.011960203217612153,-0.08599869451697018,55.258344764517624,4.814856258712439,5.94321428080277,-1.1283580220903309,4.117857142857141,474901721.0
2023-04-06,281.3,282.26,280.97,281.72,114222863.0,MSFT,282.77799999999996,264.81219999999996,274.66235,282.77799999999996,291.3650173732415,274.1909826267584,0.005963220853419049,-0.0805483028720615,55.46199362767411,4.413367254041532,5.637244875450523,-1.2238776214089908,4.030714285714282,589124584.0
2023-04-07,281.07,281.38,281.0,281.22,75221641.0,MSFT,282.3375,265.5244,274.65715,282.3375,290.23427049245186,274.4407295075481,-0.0017748118699417725,-0.0821801566579623,51.21536217792902,4.008629518142129,5.311521803988844,-1.3028922858467151,3.844999999999999,513902943.0
2023-04-10,281.53,282.66,280.02,281.07,72794311.0,MSFT,281.7685,266.2002,274.64189999999996,281.7685,288.07762213427486,275.4593778657252,-0.0005333902282911307,-0.08266971279373259,47.68434670116427,3.633879103769175,4.975993263944911,-1.3421141601757363,3.845000000000003,441108632.0
2023-04-11,277.31,279.02,277.09,278.36,47339235.0,MSFT,281.5185,266.943,274.61165,281.5185,287.9570165829877,275.07998341701233,-0.009641726260362082,-0.09151436031331472,52.15053763440866,3.0826771653998435,4.597330044235898,-1.5146528788360545,3.6357142857142883,393769397.0
2023-04-12,281.22,284.07,279.86,282.48,78063920.0,MSFT,281.60499999999996,267.86120000000005,274.59894999999995,281.60499999999996,288.0465280959148,275.1634719040851,0.01480097715188955,-0.0780678851174923,50.07381163271333,2.9443545394364605,4.266734943276011,-1.3223804038395501,3.5907142857142844,471833317.0
2023-04-13,286.35,287.01,286.18,287.0,65311052.0,MSFT,282.1825,268.7772,274.63759999999996,282.1825,288.3664346186998,275.9985653813002,0.016001132823562747,-0.06331592689294918,52.33934611048482,3.1629980143717944,4.045987557495168,-0.8829895431233732,3.640714285714284,537144369.0
2023-04-14,289.95,291.07,288.88,290.68,111716983.0,MSFT,282.8705,269.70160000000004,274.68645,282.8705,289.62470640863586,276.1162935913641,0.012822299651567892,-0.0513054830287194,56.718710007678546,3.5918155743425473,3.9551531608646435,-0.36333758652209625,3.701428571428567,648861352.0
2023-04-17,283.4,283.49,283.19,283.32,114208431.0,MSFT,283.0255,270.4988,274.65675,283.0255,289.66490541091275,276.3860945890873,-0.025319939452318696,-0.07532637075717896,53.59129383313177,3.299728869768728,3.8240683026454607,-0.5243394328767326,3.7849999999999966,534652921.0
2023-04-18,284.75,287.37,284.15,285.09,37667964.0,MSFT,283.137,271.27819999999997,274.6018,283.137,289.839304709649,276.434695290351,0.006247352816603158,-0.06954960835509016,54.761904761904724,3.174478843452789,3.6941504108069267,-0.5196715673541377,3.9571428571428555,572320885.0
2023-04-19,288.71,288.72,287.89,288.34,82393961.0,MSFT,283.712,272.169,274.575,283.712,290.10575879892866,277.3182412010713,0.011399908800729497,-0.05894255874673515,55.75282453308734,3.299431343137485,3.6152065972730383,-0.3157752541355534,4.036428571428575,654714846.0
2023-04-20,288.35,289.17,287.95,288.71,21347641.0,MSFT,284.026,272.9884,274.57085,284.026,290.7623160320861,277.2896839679139,0.0012832073246862308,-0.05773498694516843,50.24630541871921,3.3892439130541447,3.57001406042926,-0.1807701473751151,3.7528571428571484,676062487.0
2023-04-21,291.28,291.54,290.88,290.98,73027380.0,MSFT,284.308,273.8736,274.5624,284.308,291.7147724343783,276.9012275656217,0.007862561047417893,-0.05032637075717883,58.01178992497322,3.602068645461145,3.576424977435637,0.025643668025507882,3.6885714285714397,749089867.0
2023-04-24,297.68,298.26,296.02,296.53,50754076.0,MSFT,284.863,274.9296,274.58075,284.863,294.0687672998439,275.6572327001561,0.019073475840263754,-0.032212793733680245,65.84362139917693,4.170497496828887,3.695239481314287,0.47525801551459956,3.967857142857152,799843943.0
2023-04-25,300.04,300.08,299.96,299.97,88642968.0,MSFT,285.844,276.0396,274.6189,285.844,296.9998460482636,274.6881539517364,0.011600849829697113,-0.020985639686682545,74.08123791102513,4.8427366539195305,3.924738915835336,0.9179977380841944,3.8507142857142957,888486911.0
2023-04-26,303.68,306.21,302.54,305.41,27534829.0,MSFT,287.062,277.2758,274.70185000000004,287.062,300.9890786599317,273.13492134006833,0.018135146848018202,-0.003231070496081956,76.24639929093726,5.7481919860683774,4.289429529881945,1.4587624561864327,4.138571428571437,916021740.0
2023-04-27,314.39,314.76,313.92,314.17,95868190.0,MSFT,288.60299999999995,278.64619999999996,274.80965,288.60299999999995,306.9269723342179,270.279027665782,0.028682754330244586,0.025359007832899794,80.85783854654426,7.09089126924971,4.849721877755498,2.2411693914942115,4.7550000000000034,1011889930.0
2023-04-28,320.17,320.69,319.11,319.97,92348610.0,MSFT,290.1755,280.16540000000003,274.94495,290.1755,313.25123113399314,267.09976886600685,0.018461342585224694,0.044288511749349,82.9437669376694,8.524733827078421,5.584724267620083,2.940009559458338,5.032142857142857,1104238540.0
2023-05-01,322.67,323.69,321.31,322.4,100467371.0,MSFT,292.04550000000006,281.73900000000003,275.0932,292.04550000000006,319.07771896376954,265.0132810362306,0.007594461980810596,0.05221932114882666,87.47447243022462,9.744812938459006,6.416742001787869,3.3280709366711374,5.013571428571424,1204705911.0
2023-05-02,324.61,325.04,324.47,324.85,27828657.0,MSFT,294.116,283.1642,275.25295,294.116,324.50768958431536,263.7243104156846,0.007599255583126796,0.06021540469974074,87.10807496934663,10.785104972293254,7.290414595888947,3.494690376404307,4.7942857142857145,1232534568.0
2023-05-03,326.78,326.82,326.7,326.76,79508740.0,MSFT,296.4515,284.54900000000004,275.41265,296.4515,329.36621421080326,263.53678578919676,0.005879636755425466,0.06644908616188161,86.49045521292216,11.629606081738416,8.158252893058842,3.471353188679574,4.611428571428571,1312043308.0
2023-05-04,331.41,331.98,330.91,331.4,53646829.0,MSFT,298.9355,286.04900000000004,275.6192,298.9355,334.55637765992094,263.31462234007904,0.014200024482800888,0.08159268929504093,86.7243867243867,12.528863576810977,9.03237502980927,3.4964885470017073,4.693571428571431,1365690137.0
2023-05-05,333.47,333.78,333.04,333.06,46122627.0,MSFT,301.52750000000003,287.5658,275.8585,301.52750000000003,339.205627607405,263.84937239259506,0.0050090525045263234,0.08701044386423162,,13.223052627630636,9.870510549373543,3.352542078257093,4.32857142857143,1411812764.0
2023-05-08,336.42,337.03,336.03,336.77,73824584.0,MSFT,304.3125,289.2482,276.17455,304.3125,343.8138555396973,264.8111444603027,0.011139134089953595,0.09911879895561526,,13.912197295621752,10.678847898623186,3.233349396998566,4.322857142857141,1485637348.0
2023-05-09,336.22,337.45,334.33,336.05,77743794.0,MSFT,307.197,290.79380000000003,276.47975,307.197,347.1417671824863,267.2522328175137,-0.002137957656560774,0.09676892950391824,98.53509664292987,14.23614599794388,11.390307518487326,2.845838479456553,4.286428571428567,1407893554.0
2023-05-10,334.14,335.88,333.11,335.07,41199809.0,MSFT,309.8265,292.3314,276.7379,309.8265,349.84416624353327,269.80883375646675,-0.002916232703466748,0.09357049608355261,96.58360128617366,14.249540041097191,11.9621540230093,2.2873860180878918,4.409285714285708,1366693745.0
2023-05-11,338.69,338.71,338.64,338.66,26907658.0,MSFT,312.40950000000004,293.8516,276.99035,312.40950000000004,352.88977068507216,271.9292293149279,0.010714179126749768,0.10528720626632038,96.67188723570871,14.384027795236136,12.446528777454667,1.9374990177814695,4.467142857142846,1393601403.0
2023-05-12,337.78,338.33,337.13,337.42,96387664.0,MSFT,314.7465,295.26239999999996,277.23704999999995,314.7465,355.3413429574091,274.15165704259095,-0.0036614893993976994,0.10124020887728635,93.71391917896088,14.226557770185593,12.802534576000854,1.4240231941847394,4.056428571428564,1297213739.0
2023-05-15,335.31,339.13,333.61,333.97,104415375.0,MSFT,317.279,296.5294,277.4926,317.279,355.8900646263322,278.6679353736678,-0.010224645841977353,0.08998041775457088,86.34031637451905,13.665844129246466,12.975196486649978,0.6906476425964883,4.197142857142849,1192798364.0
2023-05-16,334.79,336.4,332.97,333.65,80118085.0,MSFT,319.707,297.7144,277.75495,319.707,355.8218525212471,283.5921474787529,-0.0009581698954997941,0.08893603133159411,83.89342294767155,13.045275389146013,12.989212267149185,0.05606312199682861,3.9964285714285626,1112680279.0
2023-05-17,335.66,336.11,335.57,336.03,44268489.0,MSFT,322.0915,298.8578,278.0437,322.0915,355.69656557993034,288.48643442006966,0.007133223437734149,0.09670365535248182,80.98072562358269,12.600268252154024,12.911423464150154,-0.3111552119961303,3.5042857142857105,1156948768.0
2023-05-18,334.11,334.66,332.79,333.59,20829480.0,MSFT,324.3355,299.7708,278.31255,324.3355,354.3577980115542,294.3132019884458,-0.007261256435437291,0.08874020887728595,71.33458646616532,11.913379261608668,12.711814623641859,-0.7984353620331905,3.269999999999994,1136119288.0
2023-05-19,342.62,342.77,342.4,342.71,26327187.0,MSFT,326.922,300.82439999999997,278.6331,326.922,353.5681827818157,300.27581721818433,0.027338949009262814,0.11850522193211632,76.30147630147626,11.966974733271343,12.562846645567756,-0.5958719122964133,3.6599999999999966,1162446475.0
2023-05-22,342.42,343.08,342.41,342.76,91817073.0,MSFT,329.2335,301.8306,278.94425,329.2335,352.597432865577,305.869567134423,0.00014589594701064357,0.11866840731070649,74.73073736536861,11.876578310975503,12.425592978649307,-0.5490146676738039,3.519285714285705,1254263548.0
2023-05-23,337.68,337.9,337.23,337.83,75834030.0,MSFT,331.1265,302.92,279.24014999999997,331.1265,350.25914971881764,311.9938502811824,-0.014383241918543566,0.10257832898172481,64.10910017843483,11.277132928139963,12.19590096854744,-0.9187680404074765,3.7735714285714193,1178429518.0
2023-05-24,351.9,353.56,351.46,352.76,104528151.0,MSFT,333.49399999999997,304.3602,279.64115000000004,333.49399999999997,350.86515382647235,316.1228461735276,0.04419382529674687,0.15130548302872215,71.56704361873987,11.869964802805669,12.130713735399086,-0.26074893259341714,4.524285714285704,1282957669.0
2023-05-25,351.9,352.99,351.21,351.22,65200430.0,MSFT,335.3465,305.8756,279.9974,335.3465,351.92489211935106,318.7681078806489,-0.004365574328154986,0.14627937336814778,68.38056680161944,12.076314963266839,12.119833980972636,-0.04351901770579758,4.481428571428564,1217757239.0
2023-05-26,362.23,362.53,361.22,361.95,85648101.0,MSFT,337.4455,307.57620000000003,280.43765,337.4455,356.30061570955877,318.5903842904412,0.030550652012983237,0.18129895561357845,72.31478199220135,12.95631790991564,12.287130766761237,0.669187143154403,5.0057142857142765,1303405340.0
2023-05-29,366.28,367.72,365.91,366.24,106862671.0,MSFT,339.6375,309.2966,280.92674999999997,339.6375,361.13588170163666,318.1391182983633,0.011852465810194834,0.19530026109660725,75.16252708784795,13.840350783672818,12.597774770143555,1.2425760135292627,5.194999999999993,1410268011.0
2023-05-30,370.13,370.7,369.08,369.26,64146985.0,MSFT,341.858,311.0246,281.4471,341.858,365.9436669324047,317.7723330675953,0.008245958934032238,0.20515665796344784,77.5592455263582,14.616156017714218,13.00145101965769,1.6147049980565278,5.303571428571421,1474414996.0
2023-05-31,366.4,368.09,364.48,365.5,90438927.0,MSFT,343.79499999999996,312.79780000000005,281.9607,343.79499999999996,368.97444901365714,318.6155509863428,-0.010182527216595294,0.19288511749347403,71.57556270096461,14.757471730792645,13.352655161884682,1.4048165689079628,5.384999999999991,1383976069.0
2023-06-01,366.74,366.82,366.72,366.75,69362954.0,MSFT,345.5625,314.48420000000004,282.46415,345.5625,372.00941594794506,319.11558405205494,0.0034199726402188713,0.19696475195822605,73.57338048545249,14.799727953508807,13.64206972020951,1.1576582332992977,5.369999999999989,1453339023.0
2023-06-02,362.96,364.45,361.15,362.5,113934728.0,MSFT,347.0345,316.0274,282.93815,347.0345,373.8263593095539,320.2426406904461,-0.011588275391956393,0.18309399477806942,72.63926360895094,14.325145473260761,13.778684870819761,0.5464606024409999,5.375714285714277,1339404295.0
2023-06-05,369.2,370.98,366.67,367.14,113013575.0,MSFT,348.553,317.6616,283.44535,348.553,376.3201597774247,320.7858402225753,0.012799999999999923,0.19823759791122852,74.87004307143921,14.160214521804221,13.854990801016655,0.3052237207875663,5.736428571428568,1452417870.0
2023-06-06,367.76,368.88,366.42,366.71,106218909.0,MSFT,350.086,319.38879999999995,283.93975,350.086,378.32808088352107,321.84391911647896,-0.0011712153401972625,0.19683420365535387,73.46283267054147,13.835323155029926,13.85105727181931,-0.015734116789383634,5.736428571428563,1346198961.0
2023-06-07,365.94,368.04,365.55,367.23,107399992.0,MSFT,351.69399999999996,321.11240000000004,284.389,351.69399999999996,379.9983425345926,323.3896574654073,0.001418014234681353,0.19853133159269065,76.50488496690834,13.464592618041195,13.773764341063686,-0.30917172302249085,5.682857142857139,1453598953.0
2023-06-08,380.7,381.24,379.87,380.65,98406655.0,MSFT,353.7935,323.0584,284.89665,353.7935,384.1797914208948,323.4072085791052,0.036543855349508325,0.2423302872062676,77.99586776859506,14.091232879738982,13.837258048798745,0.253974830940237,6.027857142857138,1552005608.0
2023-06-09,372.9,377.55,372.68,374.92,56618819.0,MSFT,355.6685,324.7864,285.3703,355.6685,386.42638937731454,324.91061062268545,-0.015053198476290497,0.22362924281984475,71.89542483660136,13.96451248215476,13.86270893546995,0.10180354668480973,6.54928571428571,1495386789.0
2023-06-12,368.71,369.19,367.43,367.81,51673669.0,MSFT,357.3605,326.44259999999997,285.79200000000003,357.3605,386.7868065085747,327.9341934914253,-0.018964045663074858,0.2004242819843356,69.82279820153403,13.138910888809221,13.717949326137806,-0.5790384373285846,6.689285714285712,1443713120.0
2023-06-13,367.41,370.02,363.03,365.43,94815212.0,MSFT,358.9495,328.0824,286.22175,358.9495,386.3471230048435,331.5518769951565,-0.006470732171501625,0.19265665796344789,60.04439511653721,12.152483305546468,13.404856122019538,-1.2523728164730699,6.064999999999998,1348897908.0
2023-06-14,369.95,370.0,368.98,369.16,64819899.0,MSFT,360.606,329.8646,286.6071,360.606,386.1096108073006,335.1023891926994,0.010207153216758469,0.20483028720626795,63.74501992031874,11.53870120121752,13.031625137859136,-1.4929239366416152,6.26428571428571,1413717807.0
2023-06-15,379.4,379.46,379.28,379.45,31682056.0,MSFT,362.899,331.81919999999997,287.00785,362.899,386.33822659043216,339.45977340956784,0.027874092534402317,0.23841383812010597,63.4989200863931,11.747177316615478,12.774735573610405,-1.0275582569949275,6.192142857142853,1445399863.0
2023-06-16,377.92,378.03,375.85,377.17,117374323.0,MSFT,364.62199999999996,333.7382,287.4103,364.62199999999996,386.84729862447494,342.39670137552497,-0.006008696797996982,0.2309725848563986,58.70084381467922,11.594761996011414,12.538740858090607,-0.9439788620791933,6.037142857142848,1328025540.0
2023-06-19,382.87,383.11,382.82,382.98,21394047.0,MSFT,366.633,335.77639999999997,287.8279,366.633,387.7816728213611,345.48432717863886,0.015404194395100435,0.2499347258485658,60.45731707317076,11.806690026922638,12.392330691857016,-0.5856406649343775,6.142857142857134,1349419587.0
2023-06-20,378.8,379.17,378.71,379.06,57902888.0,MSFT,368.69449999999995,337.79040000000003,288.2756,368.69449999999995,385.64232765150064,351.74667234849926,-0.010235521437150785,0.23714099216710371,60.3102189781022,11.525474780178683,12.21895950952135,-0.693484729342666,6.106428571428568,1291516699.0
2023-06-21,379.63,379.66,378.51,379.29,58246242.0,MSFT,370.021,339.72659999999996,288.7163,370.021,385.8323974880787,354.20960251192133,0.0006067641006701763,0.23789164490861814,59.6848934198332,11.192152580818913,12.013598123780863,-0.8214455429619498,6.094285714285713,1349762941.0
2023-06-22,367.2,368.51,366.86,368.42,66418032.0,MSFT,370.881,341.355,289.10204999999996,370.881,384.0343064084049,357.727693591595,-0.02865880988162095,0.20241514360313495,54.14798206278029,9.93633430404617,11.598145359833925,-1.661811055787755,6.5821428571428555,1283344909.0
2023-06-23,359.45,360.67,358.49,360.45,116531548.0,MSFT,370.80600000000004,342.7504,289.43845,370.80600000000004,384.18882858936536,357.4231714106347,-0.021632918951197122,0.17640339425587626,45.5214888204579,8.203413041001454,10.919198896067432,-2.7157858550659775,6.685714285714283,1166813361.0
2023-06-26,367.39,368.78,365.15,366.02,101045159.0,MSFT,370.79499999999996,344.4044,289.81739999999996,370.79499999999996,384.19398267936066,357.39601732063926,0.015452906089610252,0.19458224543081104,49.56783164223976,7.196555492564755,10.174670215366897,-2.9781147228021414,7.104999999999998,1267858520.0
2023-06-27,370.95,372.73,369.47,372.66,33068654.0,MSFT,370.96500000000003,346.1558,290.20375,370.96500000000003,384.3682556924651,357.561744307535,0.018141085186601957,0.21625326370757358,53.1588132635253,6.8553815672361225,9.510812485740741,-2.655430918504619,7.406428571428571,1300927174.0
2023-06-28,379.15,379.25,378.48,378.78,37328176.0,MSFT,371.629,347.9646,290.6424,371.629,385.2069587644914,358.05104123550865,0.016422476251811258,0.23622715404699912,48.811188811188806,6.998161180528598,9.008282224698313,-2.010121044169715,6.87642857142857,1338255350.0
2023-06-29,382.45,383.17,381.04,381.76,53539184.0,MSFT,372.3795,349.82559999999995,291.0675,372.3795,386.47154400398415,358.28745599601586,0.007867363641163694,0.24595300261096775,54.50592885375493,7.26799522307374,8.660224824373397,-1.3922296012996576,6.62071428571429,1391794534.0
2023-06-30,365.5,365.52,365.42,365.47,99608444.0,MSFT,372.528,351.3154,291.42044999999996,372.528,386.23913815382895,358.8168618461711,-0.04267078792958923,0.1927872062663203,48.624823695345576,6.0970903250897095,8.14759792451666,-2.0505075994269504,7.2528571428571444,1292186090.0
2023-07-03,359.22,363.36,358.61,361.59,31827614.0,MSFT,372.2505,352.61660000000006,291.79720000000003,372.2505,386.62918960429084,357.87181039570913,-0.010616466467836094,0.18012402088772994,47.782397782397766,4.800716512423207,7.47822164209797,-2.6775051296747625,7.24357142857143,1260358476.0
2023-07-04,353.99,354.14,352.91,353.39,119457401.0,MSFT,371.5845,353.685,292.14385,371.5845,388.11642824744433,355.05257175255565,-0.02267761829696613,0.15336161879895704,41.33992311916528,3.0761989496510864,6.597817103608594,-3.5216181539575073,7.537142857142856,1140901075.0
2023-07-05,353.17,356.06,352.77,353.72,116438195.0,MSFT,370.909,354.6512,292.451,370.909,389.2004980538045,352.6175019461955,0.000933812501768605,0.15443864229765158,34.13491182636581,1.716349589078618,5.621523600702599,-3.9051740116239806,7.036428571428575,1257339270.0
2023-07-06,355.42,358.75,352.2,352.68,117519298.0,MSFT,369.5105,355.4214,292.79065,369.5105,388.90959436301,350.11140563698996,-0.0029401786723962653,0.15104438642297802,34.66499686912964,0.5484180434553991,4.60690248925316,-4.0584844457977605,7.2471428571428635,1139819972.0
2023-07-07,358.04,358.54,357.36,358.3,74357687.0,MSFT,368.6795,356.18800000000005,293.1824,368.6795,388.52174358599655,348.8372564140035,0.01593512532607466,0.16938642297650297,34.50916394677381,0.0754412707483425,3.700610245552196,-3.6251689748038536,7.241428571428579,1214177659.0
2023-07-10,366.85,368.09,366.77,367.7,66647233.0,MSFT,368.67400000000004,357.094,293.6134,368.67400000000004,388.5173193318298,348.83068066817026,0.026234998604521387,0.2000652741514377,43.3286351891003,0.4538732434621693,3.0512628451341905,-2.5973896016720213,7.635714285714288,1280824892.0
2023-07-11,374.34,375.16,373.74,374.62,62604932.0,MSFT,369.1335,358.0894,294.101,369.1335,389.08584245579675,349.1811575442033,0.018819689964645114,0.22265013054830463,47.45725797669606,1.297215977144333,2.700453471536219,-1.403237494391886,8.086428571428574,1343429824.0
2023-07-12,378.12,379.89,376.25,377.22,49956402.0,MSFT,369.53650000000005,359.09860000000003,294.6112,369.53650000000005,389.8140398435059,349.2589601564942,0.0069403662377875985,0.23113577023498877,55.26567735758736,2.150578905503437,2.5904785583296626,-0.43989965282622556,7.575000000000001,1393386226.0
2023-07-13,390.28,391.02,386.56,387.54,106014393.0,MSFT,369.94100000000003,360.2214,295.19025,369.94100000000003,391.34279323523884,348.5392067647612,0.02735804040082712,0.264817232375981,65.76649982539868,3.617907935921494,2.7959644338480287,0.8219435020734651,7.851428571428569,1499400619.0
2023-07-14,388.16,388.88,384.5,385.79,82267004.0,MSFT,370.372,361.276,295.74625,370.372,392.7133316287788,348.0306683712212,-0.004515662899313599,0.25910574412532816,62.04166159093679,4.586693837976384,3.1541103146736997,1.432583523302684,7.569285714285712,1417133615.0
2023-07-17,393.29,393.62,392.2,392.34,44080471.0,MSFT,370.84000000000003,362.38739999999996,296.34015000000005,370.84000000000003,394.6380211472723,347.04197885272777,0.016978148733767018,0.28048302872062836,61.99999999999997,5.815951238868649,3.68647849951269,2.1294727393559594,7.649285714285709,1461214086.0
2023-07-18,389.17,389.4,388.67,388.76,78674021.0,MSFT,371.325,363.44160000000005,296.88939999999997,371.325,396.199404938658,346.45059506134197,-0.009124738747005146,0.2687989556135788,56.27988925245407,6.427181951945329,4.2346191899992185,2.1925627619461103,7.440714285714279,1382540065.0
2023-07-19,391.03,391.39,390.82,391.18,56150645.0,MSFT,371.9195,364.56380000000007,297.48675,371.9195,398.12800522856065,345.7109947714394,0.006224920259285893,0.27669712793733847,55.96958174904944,7.025870608037337,4.792869473606842,2.233001134430495,7.31499999999999,1438690710.0
2023-07-20,398.06,398.79,397.74,397.94,51738922.0,MSFT,373.39549999999997,365.74940000000004,298.0863,373.39549999999997,401.9905150053745,344.80048499462544,0.01728104708829692,0.2987597911227171,73.40348853971453,7.954121029670262,5.425119784819526,2.5290012448507353,6.691428571428564,1490429632.0
2023-07-21,401.51,403.12,400.58,400.89,81401055.0,MSFT,375.41749999999996,367.0188,298.68295,375.41749999999996,405.8202269379385,345.0147730620614,0.007413177866009812,0.30838772845953155,78.71127995324372,8.82606513744912,6.105308855345445,2.7207562821036753,6.571428571428563,1571830687.0
2023-07-24,399.44,399.63,394.41,396.52,26730045.0,MSFT,376.9425,368.26980000000003,299.25329999999997,376.9425,408.4018725470221,345.4831274529779,-0.010900745840504933,0.2941253263707586,83.37718619408759,9.060026302945971,6.696252344865551,2.3637739580804205,6.414285714285707,1545100642.0
2023-07-25,398.06,398.17,397.91,398.05,116697689.0,MSFT,378.212,369.5578,299.8221,378.212,410.9662418948288,345.4577581051712,0.003858569555129643,0.299118798955615,83.68029174897431,9.262132329441215,7.209428341780684,2.0527039876605313,6.297142857142851,1661798331.0
2023-07-26,405.39,405.67,404.22,404.66,97082271.0,MSFT,379.50600000000003,370.9304,300.43495,379.50600000000003,414.33392914344387,344.6780708565562,0.01660595402587628,0.32069190600522357,86.41075931633512,9.842219588610533,7.735986591146654,2.106232997463879,6.373571428571422,1758880602.0
2023-07-27,411.09,411.12,411.07,411.07,106509559.0,MSFT,380.9715,372.48,301.10125,380.9715,418.5562921512455,343.3867078487545,0.015840458656649847,0.34161227154047147,86.55951226271304,10.695880893217748,8.327965451560873,2.3679154416568746,6.416428571428562,1865390161.0
2023-07-28,429.44,431.24,428.46,428.74,102143130.0,MSFT,384.135,374.20060000000007,301.8174,384.135,426.5646502584257,341.7053497415743,0.04298537961904292,0.39928198433420503,87.94132272501244,12.652386121690881,9.192849585586876,3.4595365361040056,7.157857142857138,1967533291.0
2023-07-31,434.14,434.88,433.07,434.0,100892447.0,MSFT,387.7555,376.0254,302.56255,387.7555,434.2480304583514,341.26296954164854,0.01226850772029664,0.41644908616188125,87.6872302614877,14.460674991615065,10.246414666792514,4.2142603248225505,7.06357142857142,2068425738.0
2023-08-01,438.21,439.22,437.38,437.54,78339100.0,MSFT,391.963,378.0196000000001,303.35200000000003,391.963,440.5446422335119,343.3813577664881,0.008156682027649742,0.42800261096605885,87.83241344706474,15.995024676124103,11.396136668658832,4.598888007465272,7.059999999999994,2146764838.0
2023-08-02,427.76,428.57,426.23,426.77,24012930.0,MSFT,395.6155,379.49979999999994,304.07759999999996,395.6155,443.0619149718805,348.16908502811947,-0.024614892352699314,0.3928524804177558,74.46675813895469,16.15572571468681,12.348054477864427,3.807671236822383,6.8821428571428545,2122751908.0
2023-08-03,427.12,429.93,423.34,424.56,28199509.0,MSFT,399.2095,380.96659999999997,304.78685,399.2095,443.7634556871003,354.6555443128997,-0.005178433348173472,0.38563968668407433,74.0419198809376,15.921223956128415,13.062688373517226,2.8585355826111893,7.04,2094552399.0
2023-08-04,416.9,418.78,415.91,416.95,66899961.0,MSFT,402.142,382.06660000000005,305.43955,402.142,442.9190784942471,361.3649215057529,-0.017924439419634508,0.36080287206266437,65.06304321214347,14.948993530407392,13.439949404895259,1.5090441255121334,7.098571428571428,2027652438.0
2023-08-07,428.67,428.92,428.33,428.43,40601275.0,MSFT,405.1785,383.3104,306.1604,405.1785,444.1617867156884,366.1952132843116,0.027533277371387443,0.39827023498694647,72.13974773970308,14.932699111048635,13.738499346125934,1.1941997649227005,7.691428571428576,2068253713.0
2023-08-08,427.56,427.67,427.41,427.6,95469114.0,MSFT,407.8275,384.47720000000004,306.89755,407.8275,445.2359616799839,370.41903832001606,-0.0019373059776393031,0.3955613577023511,70.69318181818181,14.683548792621707,13.927509235425088,0.756039557196619,7.576428571428575,1972784599.0
2023-08-09,419.64,420.14,417.86,419.4,46668037.0,MSFT,409.93649999999997,385.5552,307.61834999999996,409.93649999999997,444.74503753409965,375.1279624659003,-0.019176800748363032,0.3687989556135782,61.99686940966008,13.666880608183249,13.875383509976722,-0.20850290179347297,7.728571428571432,1926116562.0
2023-08-10,422.03,422.28,420.47,420.49,42259730.0,MSFT,411.584,386.63,308.36825,411.584,445.0212967932782,378.1467032067218,0.002598950882212847,0.3723563968668422,61.189769353733716,12.801549345638193,13.660616677109017,-0.8590673314708237,7.564285714285717,1968376292.0
2023-08-11,419.67,427.08,418.54,421.1,78993936.0,MSFT,413.3495,387.802,309.1064,413.3495,444.7170490880167,381.98195091198323,0.0014506884824847521,0.3743472584856411,64.66237174898592,12.026357623181127,13.33376486632344,-1.307407243142313,7.711428571428574,2047370228.0
2023-08-14,425.9,426.08,425.5,425.93,109597206.0,MSFT,415.029,388.97780000000006,309.85835,415.029,445.23562311480157,384.8223768851984,0.01146995962954156,0.39011096605744244,66.00091827364552,11.667260317857938,13.000463956630341,-1.333203638772403,7.949285714285712,2156967434.0
2023-08-15,429.36,429.46,429.36,429.37,110517078.0,MSFT,417.0595,390.231,310.6085,417.0595,445.22157115214736,388.89742884785267,0.008076444486183165,0.4013381201044399,64.71709350804046,11.527371998099227,12.705845564924118,-1.1784735668248913,7.657142857142852,2267484512.0
2023-08-16,432.11,435.87,431.72,433.9,21660941.0,MSFT,419.1955,391.56440000000003,311.37095,419.1955,445.5127534761129,392.87824652388707,0.01055034119756848,0.4161227154047009,63.90885829170218,11.647774345888308,12.494231321116956,-0.8464569752286479,7.659999999999997,2289145453.0
2023-08-17,432.37,435.27,432.05,433.95,34830175.0,MSFT,420.996,392.6304,312.14545,420.996,446.0891010858547,395.9028989141453,0.00011523392486756379,0.4162859007832911,54.04189294026375,11.613357104459396,12.318056477785445,-0.7046993733260489,6.449285714285708,2323975628.0
2023-08-18,434.74,436.63,434.67,436.62,38551214.0,MSFT,422.78249999999997,393.86440000000005,312.8808,422.78249999999997,446.91777305134156,398.6472269486584,0.00615278257863805,0.42500000000000115,52.11768509537666,11.667037532348843,12.187852688698126,-0.5208151563492827,6.202142857142852,2362526842.0
2023-08-21,424.94,425.11,424.74,424.8,74827992.0,MSFT,424.1965,395.00419999999997,313.561,424.1965,444.92681167409023,403.4661883259098,-0.02707159543768034,0.38642297650130675,40.9181636726547,10.633231172064598,11.876928385371421,-1.2436972133068238,6.677857142857135,2287698850.0
2023-08-22,415.95,417.1,411.42,414.33,74836743.0,MSFT,425.01050000000004,395.98220000000003,314.2291,425.01050000000004,442.43250118421577,407.5884988157843,-0.024646892655367347,0.35225195822454425,41.09392898052693,8.866878825151616,11.27491847332746,-2.408039648175844,6.825714285714278,2212862107.0
2023-08-23,413.06,413.26,412.78,412.89,68926094.0,MSFT,425.422,396.8568,314.8711,425.422,441.12400201783447,409.7199979821656,-0.003475490551010041,0.34755221932115,41.55204864630086,7.267065689249421,10.473347916511852,-3.206282227262431,6.465714285714276,2143936013.0
2023-08-24,411.19,411.26,411.16,411.26,116884877.0,MSFT,425.43149999999997,397.49300000000005,315.5134,425.43149999999997,441.0971288532595,409.76587114674044,-0.003947782702414693,0.3422323759791135,45.49056902837217,5.800806785744896,9.538839690358461,-3.738032904613565,5.971428571428561,2027051136.0
2023-08-25,402.64,402.75,401.16,402.04,80209088.0,MSFT,424.0965,397.9904,316.11575,424.0965,442.82603341930655,405.36696658069343,-0.02241890774692401,0.3121409921671032,28.30840046029921,3.850423806808351,8.40115651364844,-4.550732706840089,5.8378571428571275,1946842048.0
2023-08-28,409.99,410.02,409.76,409.86,58873939.0,MSFT,422.88950000000006,398.528,316.7621,422.88950000000006,442.0384447008851,403.740555299115,0.0194508009153318,0.3376631853785914,36.92126216455323,2.902284164543971,7.301382043827546,-4.399097879283575,6.334999999999984,2005715987.0
2023-08-29,409.41,411.85,408.39,410.82,118124382.0,MSFT,421.5535,399.1632,317.4053,421.5535,440.1181957251683,402.9888042748317,0.0023422632118283992,0.34079634464752084,42.91845493562233,2.2029464486440133,6.28169492479084,-4.078748476146827,5.886428571428557,2123840369.0
2023-08-30,408.36,408.54,407.83,408.34,25220876.0,MSFT,420.63199999999995,399.74420000000003,318.06235,420.63199999999995,439.9219162094624,401.3420837905375,-0.0060367070736575545,0.332702349869453,40.196869452961074,1.4320927230968437,5.311774484452041,-3.8796817613551973,5.894285714285701,2098619493.0
2023-08-31,410.94,411.54,409.98,410.73,78686773.0,MSFT,419.9405,400.5904,318.74060000000003,419.9405,439.62504427101516,400.2559557289848,0.005852965665866794,0.34050261096605894,41.86666666666667,1.0024826221912804,4.4499161119998885,-3.447433489808608,5.512857142857135,2177306266.0
2023-09-01,416.44,418.71,415.41,416.24,37914231.0,MSFT,419.90500000000003,401.70619999999997,319.44595000000004,419.90500000000003,439.6147971897942,400.19520281020584,0.013415138899033341,0.35848563968668556,42.4802110817942,1.0940133679525275,3.7787355631904163,-2.684722195237889,5.72714285714285,2215220497.0
2023-09-04,405.46,406.02,404.99,405.26,118593509.0,MSFT,418.7465,402.49100000000004,320.0673,418.7465,439.06097218117327,398.4320278188268,-0.02637901210839899,0.32265013054830427,33.24996526330415,0.2773606659939105,3.078460583751115,-2.8010999177572047,6.278571428571423,2096626988.0
2023-09-05,409.88,410.96,409.19,410.73,117129973.0,MSFT,417.90299999999996,403.25239999999997,320.73485,417.90299999999996,438.07003626164754,397.7359637383524,0.013497507772787909,0.34050261096605894,34.11054725003433,0.07072552154210143,2.4769135713093124,-2.406188049767211,6.221428571428565,2213756961.0
2023-09-06,413.79,416.67,412.49,412.49,72013595.0,MSFT,417.5575,403.92659999999995,321.42400000000004,417.5575,437.85290562475524,397.26209437524477,0.004285053441433595,0.34624673629242975,35.62047708389174,0.04842476139856444,1.991215809327163,-1.9427910479285986,6.415714285714281,2285770556.0
2023-09-07,417.37,417.41,417.27,417.29,109353402.0,MSFT,417.39750000000004,404.6372,322.1109,417.39750000000004,437.64596491906514,397.14903508093494,0.011636645736866402,0.36191253263707734,37.40716612377852,0.4133067896461853,1.6756340053909675,-1.2623272157447822,6.575714285714282,2395123958.0
2023-09-08,422.62,422.92,422.02,422.24,103845503.0,MSFT,417.4545,405.7726,322.80875,417.4545,437.75320566264287,397.1557943373571,0.011862254067914302,0.378067885117495,48.168288494562105,1.0893447685905926,1.5583761580308928,-0.4690313894403002,6.12928571428571,2498969461.0
2023-09-11,415.41,416.36,415.22,415.29,67726864.0,MSFT,416.9225,406.8466,323.46765,416.9225,436.8400583739225,397.00494162607754,-0.01645983327017808,0.3553851174934741,50.72332730560581,1.0521740139905091,1.4571357292228162,-0.40496171523230706,5.674999999999995,2431242597.0
2023-09-12,424.34,425.07,423.06,423.79,34278850.0,MSFT,416.6435,408.2546,324.1854,416.6435,435.9745976898468,397.31240231015323,0.020467625033109282,0.38312663185378737,57.42304549169165,1.6891237189164485,1.5035333271615428,0.18559039175490577,6.262857142857135,2465521447.0
2023-09-13,432.16,433.08,428.02,430.6,36179104.0,MSFT,416.4785,409.79220000000004,324.91335,416.4785,435.2372815505917,397.7197184494083,0.016069279596026442,0.4053524804177562,62.302798982188314,2.712156978115786,1.7452580573523915,0.9668989207633945,6.802857142857135,2501700551.0
2023-09-14,441.45,441.58,440.74,440.81,87024837.0,MSFT,416.8215,411.55479999999994,325.69275,416.8215,437.1135884505236,396.52941154947644,0.023711100789595818,0.43867493472585006,74.35607488377934,4.297243925031239,2.255655230888161,2.041588694143078,6.865714285714278,2588725388.0
2023-09-15,435.11,435.7,433.67,434.35,58459571.0,MSFT,416.70799999999997,413.0758,326.43765,416.70799999999997,436.5543154209827,396.86168457901726,-0.014654839953721521,0.417591383812012,65.65256295538796,4.97482208657442,2.799488602025413,2.1753334845490073,6.80571428571428,2530265817.0
2023-09-18,438.62,438.79,438.47,438.67,38175575.0,MSFT,417.40150000000006,414.49519999999995,327.2018,417.40150000000006,439.30147478969184,395.5015252103083,0.009945896166685841,0.43169060052219477,67.06704252972179,5.793610422979214,3.398312966216173,2.3952974567630405,6.875714285714277,2568441392.0
2023-09-19,433.06,434.03,432.28,433.44,26919177.0,MSFT,418.3570000000001,415.6716,327.9372,418.3570000000001,441.3337938764696,395.38020612353057,-0.01192240180545745,0.4146214099216725,64.88024662082049,5.95187922873248,3.9090262187194345,2.0428530100130455,7.118571428571422,2541522215.0
2023-09-20,426.29,426.31,426.16,426.23,34596447.0,MSFT,419.024,416.6518,328.61690000000004,419.024,442.1068269727149,395.9411730272851,-0.016634366925064592,0.39109007832898324,58.69223867205025,5.4328946266447815,4.213799900304505,1.219094726340277,7.409999999999989,2506925768.0
2023-09-21,435.0,436.57,433.86,435.49,107802079.0,MSFT,420.23549999999994,417.61080000000004,329.34950000000003,420.23549999999994,444.13165734358,396.3393426564199,0.021725359547662082,0.4213120104438659,60.359487676245834,5.703058888523117,4.511651697948227,1.19140719057489,7.578571428571418,2614727847.0
2023-09-22,431.47,431.9,430.96,431.23,71806172.0,MSFT,421.695,418.51959999999997,330.1142,421.695,444.4503352910957,398.9396647089043,-0.009782084548439651,0.4074086161879913,65.0655528483583,5.5099048613506625,4.711302330628714,0.7986025307219489,7.09857142857142,2542921675.0
2023-09-25,434.84,435.21,434.68,434.9,81079222.0,MSFT,422.947,419.37080000000003,330.90475,422.947,445.7159993308001,400.1780006691999,0.008510539619228652,0.41938642297650297,64.32041711103211,5.588545952752838,4.886751055053539,0.7017948976992994,6.975714285714275,2624000897.0
2023-09-26,434.96,435.77,434.11,434.19,90438853.0,MSFT,424.1155,420.27939999999995,331.69265,424.1155,446.6616533421108,401.5693466578892,-0.0016325592090135066,0.41706919060052394,63.01895848332135,5.529834033449674,5.015367650732767,0.5144663827169076,6.6699999999999875,2533562044.0
2023-09-27,442.08,443.59,441.12,441.21,105381253.0,MSFT,425.759,421.28,332.5128000000001,425.759,448.2552994851592,403.26270051484084,0.01616803703447789,0.43998041775457075,63.97849462365592,5.980816614810976,5.208457443548409,0.7723591712625675,6.989999999999985,2638943297.0
2023-09-28,438.45,438.75,438.13,438.5,24174336.0,MSFT,427.14750000000004,422.0912,333.33485,427.14750000000004,449.16089388931147,405.1341061106886,-0.006142199859477282,0.4311357702349885,59.757561209793586,6.049810755594763,5.37672810595768,0.6730826496370828,6.807857142857126,2614768961.0
2023-09-29,442.2,442.56,441.74,441.85,68427930.0,MSFT,428.428,422.9104,334.2029,428.428,450.7471988160223,406.1088011839777,0.007639680729760512,0.44206919060052363,66.65830406422482,6.302158749022567,5.561814234570657,0.7403445144519099,6.596428571428556,2683196891.0
2023-10-02,449.52,450.64,445.59,448.1,28874233.0,MSFT,430.57,423.94199999999995,335.09065000000004,430.57,451.719416316437,409.420583683563,0.014145071856965119,0.4624673629242835,65.68994449464311,6.926623316534176,5.834776050963361,1.0918472655708147,6.525714285714271,2712071124.0
2023-10-03,427.82,427.85,427.81,427.83,27873971.0,MSFT,431.425,424.5376,335.8605,431.425,450.47576928961064,412.3742307103894,-0.04523543851818801,0.39631201044386555,48.47685032442536,5.719960247586982,5.811812890288086,-0.09185264270110327,7.31142857142856,2684197153.0
2023-10-04,427.0,428.78,426.54,427.0,103091350.0,MSFT,432.1505,424.98440000000005,336.6626,432.1505,449.160995181371,415.14000481862905,-0.0019400229062944696,0.3936031331592704,41.5328019619865,4.6431733958752375,5.578084991405516,-0.9349115955302789,6.687142857142845,2581105803.0
2023-10-05,419.4,419.54,417.93,418.74,46897640.0,MSFT,432.22299999999996,425.13779999999997,337.4296,432.22299999999996,448.97724483525457,415.46875516474535,-0.019344262295081904,0.3666449086161896,40.635872825434895,3.0877059377435785,5.0800091806731285,-1.99230324292955,6.824999999999989,2534208163.0
2023-10-06,430.61,431.22,428.37,429.71,39716187.0,MSFT,432.5965,425.1572,338.26785,432.5965,448.735450953962,416.45754904603797,0.026197640540669642,0.4024477806788529,45.02222222222219,2.708947035358449,4.6057967516101925,-1.8968497162517437,7.399285714285704,2573924350.0
2023-10-09,433.7,435.63,432.48,435.48,66939104.0,MSFT,433.60599999999994,425.1868,339.1285,433.60599999999994,447.5655662728456,419.64643372715426,0.013427660515231254,0.42127937336814814,51.12657388999339,2.841612316562532,4.252959864600661,-1.4113475480381288,7.365714285714274,2640863454.0
2023-10-10,436.4,436.44,436.27,436.44,35205312.0,MSFT,434.23850000000004,425.16479999999996,340.00165,434.23850000000004,447.45178402542297,421.0252159745771,0.0022044640396803317,0.42441253263707757,56.05647170482856,2.9897505019325763,4.000317992067044,-1.0105674901344681,6.914285714285703,2676068766.0
2023-10-11,442.77,443.0,442.66,442.87,99370147.0,MSFT,434.852,425.4868,340.93835,434.852,448.4866549181303,421.21734508186967,0.014732838419943217,0.44539817232376167,54.52983059170145,3.5846764249212697,3.9171896786378895,-0.33251325371661977,6.644285714285705,2775438913.0
2023-10-12,444.99,446.52,444.4,445.85,51206476.0,MSFT,435.104,425.9126,341.8661,435.104,449.37381562229837,420.8341843777016,0.006728836904735136,0.4551240208877305,59.116986779745574,4.247656262876262,3.983282995485564,0.264373267390698,6.5814285714285585,2826645389.0
2023-10-13,440.43,442.26,439.07,441.62,23773524.0,MSFT,435.46750000000003,426.406,342.76345000000003,435.46750000000003,450.0239482003743,420.91105179962574,-0.009487495794549772,0.4413185378590099,54.161506068863034,4.3812426742327375,4.062874931234999,0.3183677429977383,6.781428571428563,2802871865.0
2023-10-16,452.2,453.42,451.1,452.87,118715485.0,MSFT,436.17749999999995,426.8948,343.72585000000004,436.17749999999995,452.6506831519456,419.7043168480543,0.02547438974684124,0.47803524804177755,60.23225241016652,5.333411598523583,4.316982264692716,1.0164293338308665,7.505714285714281,2921587350.0
2023-10-17,466.48,466.77,466.36,466.44,31665634.0,MSFT,437.8275,427.6716,344.77729999999997,437.8275,459.0672956923385,416.58770430766145,0.02996444895886241,0.522323759791125,62.89481754063171,7.101140395634445,4.873813890881062,2.227326504753383,7.827142857142852,2953252984.0
2023-10-18,473.92,474.66,472.67,474.42,95013134.0,MSFT,440.23699999999997,428.772,345.89265000000006,440.23699999999997,466.31888570837833,414.1551142916216,0.0171083097504503,0.5483681462141017,67.4199806013579,9.041769619631395,5.707405036631129,3.3343645830002666,8.194285714285712,3048266118.0
2023-10-19,482.73,482.86,482.61,482.74,58641939.0,MSFT,442.5995,430.01700000000005,347.05439999999993,442.5995,474.7295007207506,410.46949927924936,0.017537203321950967,0.5755221932114907,68.91829369852871,11.1228692154167,6.790497872388244,4.332371343028456,8.507142857142854,3106908057.0
2023-10-20,480.67,486.22,479.06,483.38,108065411.0,MSFT,445.20700000000005,431.2626,348.2575,445.20700000000005,481.6296737363542,408.7843262636459,0.0013257654223806092,0.5776109660574438,67.21647472184264,12.677658138434651,7.9679299255975256,4.709728212837126,8.390714285714287,3214973468.0
2023-10-23,480.6,481.76,480.11,480.5,99670087.0,MSFT,447.4870000000001,432.35400000000004,349.41254999999995,447.4870000000001,486.78825649524333,408.18574350475683,-0.00595804543009637,0.5682114882506553,80.95685905724699,13.52157928167162,9.078659796812344,4.442919484859276,7.174999999999999,3115303381.0
2023-10-24,489.09,490.38,487.55,487.81,100934053.0,MSFT,450.168,433.52279999999996,350.61795,450.168,492.8224883058186,407.51351169418143,0.015213319458897034,0.5920691906005249,83.21135991261606,14.611812892108901,10.185290415871656,4.4265224762372455,7.720714285714288,3216237434.0
2023-10-25,482.72,483.4,482.49,483.11,57731605.0,MSFT,452.26300000000003,434.50699999999995,351.80075,452.26300000000003,497.12377789878195,407.4022221012181,-0.009634898833562278,0.5767297650130574,86.57802022957154,14.924539363054237,11.133140205308171,3.7913991577460653,7.4528571428571455,3158505829.0
2023-10-26,482.87,483.42,482.78,483.12,102470094.0,MSFT,454.49399999999997,435.4904,352.9914999999999,454.49399999999997,500.88481506187287,408.1031849381271,2.0699219639430666e-05,0.5767624020887754,84.66831104764378,15.000270480027893,11.906566260252117,3.093704219775777,6.607142857142861,3260975923.0
2023-10-27,482.14,482.22,480.31,481.06,112290721.0,MSFT,456.4545,436.37919999999997,354.1675,456.4545,503.8975896637406,409.0114103362594,-0.0042639509852624435,0.5700391644908642,81.08292416803054,14.7243302385682,12.470119055915333,2.254211182652867,6.385000000000003,3148685202.0
2023-10-30,472.54,475.52,471.19,473.89,77942937.0,MSFT,457.744,437.361,355.2894,457.744,505.63085102460025,409.8571489753998,-0.014904585706564721,0.5466383812010469,73.54457437444988,13.76837329453491,12.72976990363925,1.038603390895661,7.021428571428577,3070742265.0
2023-10-31,478.69,479.6,478.4,478.59,119773989.0,MSFT,460.28200000000004,438.6462,356.48735,460.28200000000004,506.8558673506895,413.7081326493106,0.00991791343982773,0.5619778067885142,72.95629820051411,13.237428414799012,12.831301605871202,0.4061268089278105,6.960714285714293,3190516254.0
2023-11-01,478.48,478.71,477.95,478.36,57757132.0,MSFT,462.85,439.9556,357.67040000000003,462.85,507.3130524320875,418.38694756791256,-0.0004805783656155471,0.561227154047,71.6588940706196,12.65224449574896,12.795490183846756,-0.14324568809779592,6.754285714285722,3132759122.0
2023-11-02,478.67,479.77,475.56,477.69,43728948.0,MSFT,465.7975,441.2842,358.85215000000005,465.7975,505.5105570467649,426.0844429532351,-0.0014006187808345283,0.5590404699738929,75.22730451811444,11.996134650387773,12.63561907715496,-0.6394844267671864,6.57071428571429,3089030174.0
2023-11-03,489.95,492.9,488.66,490.81,26019837.0,MSFT,468.85249999999996,443.0596,360.07815000000005,468.85249999999996,506.2071580622412,431.4978419377587,0.02746551110552864,0.6018603133159295,75.85877862595422,12.39199007467306,12.58689327665858,-0.1949032019855199,6.814285714285717,3115050011.0
2023-11-06,486.78,486.84,486.62,486.71,90521123.0,MSFT,471.41400000000004,444.59659999999997,361.2753,471.41400000000004,506.06094314760367,436.7670568523964,-0.00835353802897254,0.5884791122715429,65.86320237908905,12.233848426182306,12.516284306563326,-0.28243588038102097,6.12071428571429,3024528888.0
2023-11-07,476.95,480.35,475.68,478.84,30632819.0,MSFT,473.534,445.957,362.46340000000004,473.534,504.1213296093525,442.9466703906475,-0.016169793100614394,0.5627937336814643,53.46503606146124,11.342724930342797,12.281572431319223,-0.9388475009764257,6.321428571428571,2993896069.0
2023-11-08,473.31,473.85,471.2,473.52,46396727.0,MSFT,475.0665,447.26059999999995,363.64814999999993,475.0665,502.0431981515063,448.0898018484937,-0.01111018294211008,0.54543080939948,42.41526818032245,10.09090196431083,11.843438337917545,-1.7525363736067145,6.264285714285713,2947499342.0
2023-11-09,474.68,477.74,472.69,476.91,32058827.0,MSFT,476.6195000000001,448.5842,364.82669999999996,476.6195000000001,499.8271851835451,453.41181481645503,0.007159148504815027,0.5564947780678873,44.90791751928226,9.265560301871972,11.327862730708432,-2.0623024288364604,6.113571428571427,2979558169.0
2023-11-10,487.1,487.34,486.52,487.21,22832021.0,MSFT,478.899,450.0036,366.0404500000001,478.899,495.70504765833783,462.09295234166217,0.021597366379400684,0.5901109660574433,54.728682170542626,9.334987087119373,10.929287601990621,-1.5943005148712484,6.624999999999996,3002390190.0
2023-11-13,491.98,492.62,488.08,488.57,111983544.0,MSFT,480.684,451.66979999999995,367.26599999999996,480.684,492.7705325661775,468.59746743382254,0.00279140411732115,0.5945496083550936,50.584615384615375,9.391489701348803,10.621728021862259,-1.2302383205134557,6.305714285714283,3114373734.0
2023-11-14,480.39,480.83,479.89,480.59,81043350.0,MSFT,481.3915,453.06699999999995,368.43835,481.3915,491.4545272205579,471.3284727794421,-0.016333381091757637,0.5685052219321169,48.15465729349734,8.692151411057353,10.23581269970128,-1.5436612886439267,6.5457142857142845,3033330384.0
2023-11-15,466.98,467.61,466.7,467.29,58330503.0,MSFT,481.035,454.163,369.55580000000003,481.035,492.53982827702333,469.5301717229767,-0.02767431698537204,0.5250979112271563,40.29667770013486,6.984212278651739,9.585492615491372,-2.6012803368396327,7.492142857142852,2974999881.0
2023-11-16,464.97,465.05,464.11,464.61,69065834.0,MSFT,480.1285,455.10940000000005,370.64015,480.1285,493.7330956244516,466.52390437554834,-0.005735196558882105,0.516351174934728,39.99269984182992,5.352701992252435,8.738934490843585,-3.3862324985911503,7.518571428571424,2905934047.0
2023-11-17,475.57,479.12,473.68,475.49,99284363.0,MSFT,479.7339999999999,456.17439999999993,371.78399999999993,479.7339999999999,493.3990509271531,466.06894907284675,0.023417489937797242,0.551860313315929,50.931315483119924,4.881373967384036,7.967422386151675,-3.086048418767639,7.849999999999994,3005218410.0
2023-11-20,478.39,478.98,478.24,478.43,42872284.0,MSFT,479.6304999999999,457.4372,372.9575,479.6304999999999,493.3024774490746,465.95852255092524,0.0061830953332351335,0.5614556135770254,49.90492037081057,4.691001594995555,7.312138227920451,-2.6211366329248964,7.691428571428564,3048090694.0
2023-11-21,471.0,472.06,470.79,471.89,67009424.0,MSFT,478.83450000000005,458.39920000000006,374.0946,478.83450000000005,492.35425470813016,465.31474529186994,-0.013669711347532587,0.540110966057443,46.42343836373686,3.9666813420416815,6.643046850744698,-2.6763655087030163,8.182857142857134,2981081270.0
2023-11-22,473.94,474.44,473.92,474.15,52668727.0,MSFT,478.38649999999996,459.2702,375.24735,478.38649999999996,491.9035337371857,464.8694662628142,0.0047892517323953054,0.5474869451697146,48.076923076923066,3.5342745188779077,6.02129238437134,-2.4870178654934323,8.064285714285708,3033749997.0
2023-11-23,469.46,469.92,468.45,469.19,23063079.0,MSFT,477.68999999999994,459.8378,376.36505,477.68999999999994,491.6096249193116,463.77037508068827,-0.010460824633554688,0.531298955613579,37.11254172627564,2.759548095956177,5.368943526688308,-2.609395430732131,7.384999999999995,3010686918.0
2023-11-24,467.49,468.03,467.22,467.58,56169541.0,MSFT,477.01599999999996,460.50239999999997,377.48290000000003,477.01599999999996,491.5408279634565,462.49117203654345,-0.00343144568298559,0.5260443864229785,38.247942007617645,1.9926878147957723,4.6936923843098,-2.701004569514028,7.226428571428564,2954517377.0
2023-11-27,474.16,475.31,473.01,473.87,89258772.0,MSFT,477.015,461.2064,378.63365,477.015,491.5407368686939,462.4892631313061,0.013452243466358649,0.5465731070496103,46.886355093346715,1.8709290439173856,4.129139716231317,-2.2582106723139317,6.990714285714282,3043776149.0
2023-11-28,481.09,481.14,480.94,480.97,55609800.0,MSFT,477.1339999999999,462.157,379.77055,477.1339999999999,491.7527628535388,462.515237146461,0.014983012218541036,0.5697454308094017,54.565510479225416,2.3205946331845553,3.7674306996219653,-1.44683606643741,6.96428571428571,3099385949.0
2023-11-29,483.44,484.47,483.08,484.36,44082419.0,MSFT,477.434,463.3196,380.90475,477.434,492.40081297156826,462.4671870284318,0.007048256648023665,0.5808093994778087,54.5655104792254,2.9168785605797893,3.59732027181353,-0.6804417112337409,6.853571428571423,3143468368.0
2023-11-30,478.45,478.79,478.2,478.62,84911723.0,MSFT,477.4805,464.1822,382.01585000000006,477.4805,492.45643785832556,462.50456214167446,-0.011850689569741557,0.5620757180156677,44.42425029209401,2.8929200585609465,3.4564402291630136,-0.5635201706020672,6.548571428571429,3058556645.0
2023-12-01,484.11,484.39,483.26,483.27,23182365.0,MSFT,477.1035,465.223,383.1461,477.1035,491.0078655015102,463.1991344984898,0.009715431866616386,0.5772519582245448,46.70069721115538,3.2121215734058524,3.4075764980115815,-0.1954549246057291,6.574285714285712,3081739010.0
2023-12-04,485.5,486.31,481.22,482.92,61681761.0,MSFT,476.91399999999993,466.18339999999995,384.29744999999997,476.91399999999993,490.3629497144066,463.46505028559324,-0.0007242328305087087,0.5761096605744145,51.602696381895754,3.3976826283595187,3.4055977240811695,-0.007915095721650722,6.317857142857138,3020057249.0
2023-12-05,477.08,477.98,476.86,477.57,118167326.0,MSFT,476.8505,467.05100000000004,385.39145,476.8505,490.27312736064533,463.4278726393547,-0.011078439493083736,0.5586488250652761,57.93945010812478,3.077564564538477,3.3399910921726312,-0.2624265276341542,5.7585714285714245,2901889923.0
2023-12-06,467.88,472.81,467.24,470.18,72408981.0,MSFT,476.6835,467.63039999999995,386.4514,476.6835,490.3612841772557,463.00571582274426,-0.015474171325669528,0.5345300261096626,54.01007919366451,2.2021721833164065,3.1124273104013866,-0.9102551270849801,6.269285714285709,2829480942.0
2023-12-07,468.13,468.36,467.49,468.02,71062578.0,MSFT,476.2389999999999,468.22079999999994,387.47824999999995,476.2389999999999,490.45309071085546,462.0249092891444,-0.004593985282232427,0.5274804177545711,43.849827103573176,1.318919779984924,2.753725804318094,-1.4348060243331702,5.424999999999995,2758418364.0
2023-12-08,467.19,469.26,465.79,469.13,98583686.0,MSFT,475.33500000000004,468.7664,388.4895,475.33500000000004,488.89595401082835,461.7740459891717,0.0023716935173709874,0.5311031331592708,42.10526315789473,0.7004294949819041,2.343066542450856,-1.642637047468952,5.423571428571421,2857002050.0
2023-12-11,468.16,469.08,467.94,468.82,65040627.0,MSFT,474.3475,469.18080000000003,389.48049999999995,474.3475,486.670344639108,462.02465536089204,-0.0006607976467077892,0.5300913838120123,47.0856274919309,0.18314588713070634,1.9110824113868263,-1.72793652425612,4.962857142857136,2791961423.0
2023-12-12,445.44,446.62,445.34,446.38,109566237.0,MSFT,472.637,469.5518,390.3404,472.637,489.8416225122515,455.4323774877485,-0.04786485218207415,0.45685378590078507,30.940288263555274,-2.0143058955120523,1.1260047500070507,-3.140310645519103,6.4578571428571365,2682395186.0
2023-12-13,443.99,446.01,443.11,443.91,94032046.0,MSFT,471.46799999999996,469.89,391.16565,471.46799999999996,492.8680212493652,450.0679787506347,-0.0055334020341412105,0.44879242819843523,32.03524729960206,-3.9100381366650936,0.11879617267262188,-4.028834309337715,6.284285714285708,2588363140.0
2023-12-14,456.78,457.96,456.58,457.37,53986090.0,MSFT,471.10600000000005,470.6626,392.01279999999997,471.10600000000005,493.2272680706201,448.98473192938,0.03032146155752291,0.49272193211488435,43.79029315168472,-4.277007406666314,-0.7603645431951653,-3.516642863471149,7.147142857142849,2642349230.0
2023-12-15,448.13,448.36,447.74,448.24,104620046.0,MSFT,469.74350000000004,471.0332,392.80385,469.74350000000004,493.98318583693464,445.50381416306544,-0.019961956402912318,0.462924281984336,34.932392710170475,-5.244097206163872,-1.6571110757889067,-3.586986130374965,7.282857142857133,2537729184.0
2023-12-18,456.43,456.59,455.36,455.95,76842842.0,MSFT,468.6195000000001,471.4426,393.62135,468.6195000000001,493.2449429615437,443.99405703845645,0.017200606817776132,0.4880874673629261,35.39575064207328,-5.326984117950758,-2.3910856842212773,-2.9358984337294807,7.35999999999999,2614572026.0
2023-12-19,461.53,462.25,460.1,461.96,35491023.0,MSFT,468.12299999999993,471.95300000000003,394.51435,468.12299999999993,492.87091482975194,443.3750851702479,0.013181269876082924,0.5077023498694535,37.31309469868597,-4.851787434958169,-2.883226034368656,-1.968561400589513,7.55999999999999,2650063049.0
2023-12-20,463.47,465.21,460.75,463.7,112181626.0,MSFT,467.6005,472.36960000000005,395.42910000000006,467.6005,492.25371456566387,442.94728543433615,0.003766559875313824,0.5133812010443881,41.148552444233495,-4.285387897742112,-3.1636584070433473,-1.1217294906987645,7.438571428571415,2762244675.0
2023-12-21,476.05,477.1,475.15,475.77,114026838.0,MSFT,467.9295,472.96799999999996,396.4307,467.9295,492.846241761306,443.01275823869406,0.026029760621091302,0.5527741514360331,45.91057797164667,-2.8299422443934645,-3.096915174513371,0.2669729301199064,7.983571428571419,2876271513.0
2023-12-22,470.08,470.81,469.55,469.96,116950613.0,MSFT,468.0485,473.5348,397.39590000000004,468.0485,492.98094200254224,443.11605799745774,-0.012211783004392851,0.5338120104438662,43.330588719637696,-2.1208615502383736,-2.9017044496583715,0.7808428994199978,8.064285714285704,2759320900.0
2023-12-25,470.03,470.49,469.83,470.17,79168363.0,MSFT,467.86350000000004,473.8808,398.34565000000003,467.86350000000004,492.668648255949,443.0583517440511,0.00044684654013105174,0.5344973890339444,45.97913497065856,-1.5243924986896218,-2.6262420594646216,1.1018495607749998,7.678571428571421,2838489263.0
2023-12-26,469.98,470.08,469.88,469.91,45166080.0,MSFT,467.31050000000005,473.9502,399.28090000000003,467.31050000000005,491.3672079823275,443.2537920176726,-0.0005529914711699391,0.533648825065276,49.8409706679232,-1.0604421876620336,-2.3130820851041043,1.2526398974420707,6.9614285714285655,2793323183.0
2023-12-27,475.84,475.96,475.61,475.64,77691278.0,MSFT,466.8745,473.9746,400.2749,466.8745,489.92518965744455,443.8238103425555,0.012193824349343352,0.5523498694516988,54.307031426633515,-0.2277695258865151,-1.8960195732605867,1.6682500473740716,7.201428571428563,2871014461.0
2023-12-28,482.06,483.41,481.39,482.82,29379047.0,MSFT,467.08449999999993,473.97619999999995,401.27684999999997,467.08449999999993,490.6563748333157,443.5126251666842,0.015095450340593786,0.5757832898172341,57.24108748545436,0.9999685370531779,-1.3168219511978339,2.3167904882510117,7.5085714285714245,2900393508.0
2023-12-29,506.54,506.94,506.54,506.61,66535260.0,MSFT,468.2515,474.44079999999997,402.3832,468.2515,496.9507208036464,439.55227919635365,0.04927302100161546,0.6534268929503935,66.01135496991782,3.8482537027517765,-0.2838068204079117,4.132060523159688,9.146428571428569,2966928768.0
2024-01-01,504.66,507.11,503.62,505.67,74074702.0,MSFT,469.389,474.94419999999997,403.48439999999994,469.389,502.06416739375834,436.7138326062417,-0.0018554706776415797,0.6503590078329,80.71702414257592,5.960975656472783,0.9651496749682273,4.995825981504556,7.718571428571424,2892854066.0
2024-01-02,512.35,513.78,512.14,513.36,52873198.0,MSFT,471.1785,475.45520000000005,404.64945,471.1785,509.21972432862344,433.1372756713765,0.015207546423556817,0.6754569190600541,84.13447360660572,8.161758091365698,2.4044713582477217,5.757286733117976,8.064285714285708,2945727264.0
2024-01-03,525.75,528.11,521.98,527.5,93465691.0,MSFT,474.0445000000001,476.343,405.88169999999997,474.0445000000001,519.6531909884926,428.43580901150756,0.0275440236870812,0.7216057441253283,84.2398203300459,10.920983553559665,4.107773797310111,6.813209756249554,8.114285714285712,3039192955.0
2024-01-04,529.87,530.81,528.65,528.9,92813401.0,MSFT,477.0885,477.2586,407.10945,477.0885,528.7314805797214,425.44551942027863,0.002654028436018807,0.7261749347258502,92.59611322348965,13.069995142987295,5.900218066445548,7.169777076541747,7.662857142857137,3132006356.0
2024-01-05,529.32,531.19,528.08,530.71,36289992.0,MSFT,480.1674999999999,478.25159999999994,408.3204,480.1674999999999,536.9043080192223,423.4306919807775,0.0034221970126679935,0.7320822454308114,92.1040774949313,14.749135332504807,7.670001519657401,7.079133812847406,7.288571428571426,3168296348.0
2024-01-08,545.13,546.27,543.98,544.65,81759046.0,MSFT,483.959,479.6668,409.61865000000006,483.959,547.2582528100874,420.65974718991265,0.02626669932731618,0.7775783289817251,92.75152517836833,17.008642485744986,9.537729712874919,7.470912772870067,7.949999999999993,3250055394.0
2024-01-09,535.48,536.16,535.19,535.91,80053694.0,MSFT,488.43550000000005,480.8132,410.8810000000001,488.43550000000005,553.1912716102717,423.67972838972844,-0.016047002662260224,0.7490535248041792,84.81342204223314,17.88787296209273,11.207758362718481,6.680114599374248,8.307142857142846,3170001700.0
2024-01-10,550.86,552.54,542.12,545.05,74778841.0,MSFT,493.4925,482.147,412.20599999999996,493.4925,559.3942430885163,427.59075691148377,0.017055102535873612,0.7788838120104455,84.3718991863465,19.101995153395478,12.786605720853881,6.315389432541597,8.53785714285713,3244780541.0
2024-01-11,539.69,539.74,539.67,539.67,62233999.0,MSFT,497.60749999999996,483.38660000000004,413.49575,497.60749999999996,564.2855178011783,430.9294821988216,-0.009870654068434126,0.761325065274153,84.73343298455406,19.40637014483326,14.110558605649759,5.295811539183502,8.47785714285713,3182546542.0
2024-01-12,538.26,542.66,535.66,540.03,24850500.0,MSFT,502.197,484.371,414.7898,502.197,567.1820979192804,437.2119020807196,0.0006670743231975695,0.7625000000000017,84.75621890547264,19.452403313112654,15.178927547142338,4.273475765970316,8.930714285714272,3207397042.0
2024-01-15,539.31,539.92,539.22,539.55,43285008.0,MSFT,506.37699999999995,485.4278,416.0822,506.37699999999995,569.5668769707494,443.18712302925053,-0.0008888395089161616,0.7609334203655369,84.57108816521045,19.22849877756954,15.988841793227781,3.23965698434176,8.967857142857124,3164112034.0
2024-01-16,555.39,555.39,553.03,554.11,30711300.0,MSFT,510.9845,486.9332,417.46095,510.9845,573.9758125087773,447.99318749122284,0.026985450838661995,0.808453002610968,85.81469648562299,19.99542828644536,16.790159091871296,3.205269194574065,9.667142857142844,3194823334.0
2024-01-17,546.36,547.57,546.13,546.29,39707297.0,MSFT,515.1139999999999,488.3886,418.78,515.1139999999999,575.8414322474439,454.386567752556,-0.01411272130082486,0.7829308093994796,78.8002541065432,19.744613191844337,17.381049911865905,2.3635632799784325,9.682142857142841,3155116037.0
2024-01-18,527.91,530.07,527.03,529.04,58704951.0,MSFT,517.7775,489.43120000000005,419.99019999999996,517.7775,575.8541252009903,459.70087479900974,-0.03157663512054032,0.7266318537859027,60.82006753497343,17.94702742608183,17.49424541470909,0.4527820113727401,9.334999999999983,3096411086.0
2024-01-19,525.9,527.32,525.47,526.21,63910472.0,MSFT,520.5899999999999,490.2112,421.16785000000004,520.5899999999999,574.1921189683223,466.9878810316775,-0.005349311961288183,0.7173955613577045,59.73090771271556,16.108382995058946,17.217072930779064,-1.1086899357201183,9.340714285714265,3032500614.0
2024-01-22,517.8,518.32,517.15,517.99,67045543.0,MSFT,522.981,490.7996,422.34119999999996,522.981,571.0990237158098,474.8629762841902,-0.015621139849109733,0.6905678851174955,52.182520976713484,13.828551797020395,16.539368704027332,-2.7108169070069366,9.408571428571415,2965455071.0
2024-01-23,518.49,521.86,516.88,520.64,54303481.0,MSFT,525.5175,491.60060000000004,423.51894999999996,525.5175,566.7055349897302,484.32946501027,0.005115928878935749,0.6992167101827693,46.37344047367308,12.09616494047134,15.650727951316135,-3.554563010844795,8.710714285714273,3019758552.0
2024-01-24,526.89,533.77,524.64,528.11,52584539.0,MSFT,528.141,492.81699999999995,424.7178,528.141,561.9810528181661,494.3009471818338,0.014347725875845097,0.723596605744127,49.607550919026345,11.196931193141381,14.759968599681185,-3.563037406539804,9.412142857142848,3072343091.0
2024-01-25,533.72,537.46,531.22,533.55,112286903.0,MSFT,530.6775,494.1958,425.94199999999995,530.6775,556.9795758636322,504.3754241363677,0.010300884285470824,0.7413511749347275,51.361718450326,10.798763086906774,13.967727497126305,-3.1689644102195302,9.857857142857133,3184629994.0
2024-01-26,523.43,524.16,522.52,523.46,77921428.0,MSFT,531.52,495.15520000000004,427.1044,531.52,555.5581179751847,507.48188202481526,-0.018911067378877155,0.7084203655352499,39.45036343721998,9.558844905818091,13.085950978864663,-3.5271060730465713,9.534285714285707,3106708566.0
2024-01-29,513.95,516.88,507.88,511.77,93613399.0,MSFT,531.825,495.82200000000006,428.18059999999997,531.825,554.6039251629302,509.0460748370699,-0.02233217437817614,0.6702676240208894,38.32462758754112,7.545930719428725,11.977946926977477,-4.432016207548752,9.971428571428573,3013095167.0
2024-01-30,516.97,517.07,516.95,517.04,103180059.0,MSFT,532.0089999999999,496.7249999999999,429.26595000000003,532.0089999999999,554.2120826688417,509.80591733115807,0.010297594622584283,0.6874673629242836,35.92603758416239,6.303266548104489,10.84301085120288,-4.5397443030983915,9.162142857142864,3116275226.0
2024-01-31,508.92,509.09,508.08,508.6,40871170.0,MSFT,531.064,497.414,430.28189999999995,531.064,555.565041352723,506.5629586472769,-0.01632368868946299,0.6599216710182785,34.85424588086187,4.5845608121884425,9.591320843399993,-5.0067600312115506,9.417857142857148,3075404056.0
2024-02-01,495.23,498.37,495.11,497.15,117093448.0,MSFT,529.4765,497.9732,431.1968,529.4765,558.3008437137039,500.6521562862961,-0.02251278018088876,0.6225522193211503,31.13672356149921,2.2723604685254486,8.127528768425083,-5.855168299899635,9.881428571428577,2958310608.0
2024-02-02,510.88,513.33,510.31,510.52,61333007.0,MSFT,528.467,498.832,432.14955000000003,528.467,558.4983829535819,498.4356170464181,0.026893291763049332,0.6661879895561373,38.530225207427904,1.5014643534785819,6.8023158854357835,-5.300851531957202,10.979285714285728,3019643615.0
2024-02-05,508.69,509.0,508.59,508.7,67005817.0,MSFT,526.6695,499.5286,433.08105,526.6695,556.9251597402075,496.4138402597924,-0.0035649925566089147,0.6602480417754586,30.050083472454062,0.7351900256958288,5.5888907134877925,-4.853700687791964,9.985714285714298,2952637798.0
2024-02-06,511.02,515.49,507.17,511.58,36851869.0,MSFT,525.453,500.1408,434.0147,525.453,556.0982785751214,494.80772142487854,0.00566149007273431,0.6696475195822469,34.05896941306143,0.35619800221138576,4.542352171232512,-4.186154169021126,10.01000000000001,2989489667.0
2024-02-07,515.19,515.48,512.58,515.17,74243894.0,MSFT,523.9590000000001,500.75699999999995,434.95675000000006,523.9590000000001,553.4741671268476,494.4438328731524,0.007017475272684592,0.6813642297650144,42.71610124986869,0.34158945957017295,3.7021996289000443,-3.3606101693298713,8.912857142857158,3063733561.0
2024-02-08,516.0,518.71,514.86,517.09,46331183.0,MSFT,522.83,501.52639999999997,435.88519999999994,522.83,551.5309774269552,494.1290225730449,0.003726925092687905,0.6876305483028735,45.16436903499469,0.4794136559672779,3.0576424343134914,-2.5782287783462134,8.932857142857163,3110064744.0
2024-02-09,515.54,521.14,508.99,518.67,94664656.0,MSFT,521.762,502.23440000000005,436.81325,521.762,549.3356224831184,494.1883775168814,0.0030555609274980355,0.6927872062663198,50.38786219484369,0.7079720587745442,2.587708359205702,-1.879736300431158,9.153571428571443,3204729400.0
2024-02-12,522.71,522.72,521.67,522.37,45449269.0,MSFT,520.903,503.02340000000004,437.74125,520.903,547.183455896059,494.6225441039411,0.007133630246592304,0.7048629242819857,50.97508736331869,1.1741306699907454,2.3049928213627107,-1.1308621513719652,9.087142857142876,3250178669.0
2024-02-13,517.98,518.0,517.64,517.75,119568052.0,MSFT,519.0849999999999,503.827,438.64975,519.0849999999999,540.2200559373075,497.94994406269234,-0.008844305760284832,0.6897845953002626,43.96692289774049,1.1574272380946695,2.0754797047091027,-0.9180524666144332,8.487142857142876,3130610617.0
2024-02-14,517.61,521.54,514.0,519.68,107719217.0,MSFT,517.7545,504.81700000000006,439.5728,517.7545,534.5919125715533,500.9170874284467,0.003727667793336442,0.6960835509138394,41.57862780813599,1.2851105636678994,1.9174058765008621,-0.6322953128329627,8.357857142857158,3238329834.0
2024-02-15,515.2,515.94,514.8,514.99,100011534.0,MSFT,517.0519999999999,505.7564,440.45445,517.0519999999999,533.0587585725355,501.04524142746436,-0.009024784482758563,0.6807767624020902,44.496426250812185,0.9963711684484906,1.733198934890388,-0.7368277664418974,7.918571428571446,3138318300.0
2024-02-16,521.6,522.4,521.17,522.1,33915813.0,MSFT,516.8465,506.8158,441.37784999999997,516.8465,532.4588854679366,501.23411453206336,0.013806093322200397,0.7039817232375993,57.13693519414126,1.325975674547749,1.6517542828218603,-0.3257786082741114,7.335000000000012,3172234113.0
2024-02-19,521.45,523.2,521.34,523.15,109827286.0,MSFT,517.1045,507.9024,442.32375,517.1045,532.9650203007332,501.24397969926696,0.0020111089829533135,0.7074086161879907,54.48275862068968,1.6528626730636233,1.651975960870213,0.0008867121934104105,7.089285714285722,3282061399.0
2024-02-20,525.32,526.51,522.97,523.69,90883955.0,MSFT,517.257,509.4486,443.27394999999996,517.257,533.3180376540794,501.1959623459206,0.0010322087355445486,0.7091710182767639,62.52282157676351,1.9332116015525571,1.7082230890066818,0.22498851254587526,6.7021428571428645,3372945354.0
2024-02-21,527.52,527.67,524.97,527.56,104989990.0,MSFT,517.2295,511.12159999999994,444.2316,517.2295,533.213995744626,501.24500425537406,0.007389868051709714,0.7218015665796356,78.86842604898429,2.439545245222803,1.854487520249906,0.5850577249728968,6.022857142857142,3477935344.0
2024-02-22,537.75,537.98,536.2,537.76,99154718.0,MSFT,517.4399999999999,512.7294,445.25245,517.4399999999999,534.4099486709351,500.4700513290647,0.019334293729623253,0.7550913838120117,77.51515151515159,3.6221195216571687,2.208013920531359,1.4141056011258097,5.611428571428571,3577090062.0
2024-02-23,546.7,546.78,546.68,546.72,119149175.0,MSFT,518.603,514.699,446.2725,518.603,539.9370726735788,497.2689273264211,0.016661707825052163,0.784334203655354,83.56285310734471,5.222117948816162,2.81083472618832,2.4112832226278424,6.117857142857141,3696239237.0
2024-02-26,551.87,552.42,551.81,552.19,103134747.0,MSFT,520.624,516.6238,447.31965,520.624,546.4233695557299,494.82463044427016,0.010005121451565735,0.8021866840731087,84.28161404693576,6.8525199307918,3.619171767109016,3.233348163682784,5.93071428571428,3799373984.0
2024-02-27,551.29,551.57,550.39,550.43,70251832.0,MSFT,522.2935,518.3932,448.38265,522.2935,551.2451600923798,493.34183990762017,-0.0031873087162029856,0.7964425587467374,80.71428571428567,7.911410145379023,4.477619442763018,3.4337907026160046,5.780714285714282,3729122152.0
2024-02-28,563.81,564.01,563.32,563.5,114397804.0,MSFT,525.0385,520.3892,449.43635,525.0385,558.5715368285785,491.5054631714215,0.023745072034591308,0.8390992167101843,83.85120350109403,9.693487548313556,5.520793063873126,4.17269448444043,6.475714285714283,3843519956.0
2024-02-29,557.18,558.22,556.36,556.88,94724283.0,MSFT,528.025,522.0114,450.46465000000006,528.025,561.7387663589326,494.3112336410674,-0.011748003549245767,0.8174934725848579,75.96140779997279,10.451143775133232,6.506863206125148,3.944280569008084,6.117857142857141,3748795673.0
2024-03-01,549.4,554.52,547.23,551.6,112266742.0,MSFT,530.079,523.6442,451.4128999999999,530.079,564.3039923455368,495.85400765446303,-0.009481396351098903,0.8002610966057457,69.44259678063057,10.504451146286783,7.306380794157476,3.1980703521293075,6.517857142857134,3636528931.0
2024-03-04,566.47,567.61,565.69,566.8,22133318.0,MSFT,532.984,525.5768,452.4157,532.984,569.3635855999004,496.6044144000997,0.02755620014503246,0.8498694516971292,78.60058309037899,11.639042948229985,8.172913224971978,3.466129723258007,7.323571428571419,3658662249.0
2024-03-05,560.06,562.83,558.27,559.37,94450653.0,MSFT,535.3734999999999,527.366,453.36625,535.3734999999999,572.1098243584308,498.63717564156906,-0.013108680310515042,0.8256201044386438,71.74794520547948,11.802622930399366,8.898855166057455,2.903767764341911,7.394285714285705,3564211596.0
2024-03-06,564.12,565.93,562.78,564.69,51503639.0,MSFT,537.8495,529.147,454.3621999999999,537.8495,575.5157979193176,500.18320208068246,0.00951069953697914,0.8429830287206281,77.0461471484545,12.22066852406033,9.56321783765803,2.6574506864022993,7.514285714285701,3615715235.0
2024-03-07,563.74,572.24,558.08,568.15,86013968.0,MSFT,540.4024999999999,530.8536,455.3692,540.4024999999999,579.0530798281479,501.75192017185185,0.006127255662398801,0.8542754569190616,76.0965657939476,12.684941641326759,10.187562598391775,2.497379042934984,7.996428571428559,3701729203.0
2024-03-08,566.83,567.86,566.82,567.46,84606490.0,MSFT,542.842,532.0706,456.39399999999995,542.842,581.8741144969713,503.80988550302874,-0.0012144680102084138,0.8520234986945188,75.21338340730628,12.849087911078755,10.719867660929172,2.129220250149583,7.9585714285714095,3617122713.0
2024-03-11,565.15,567.96,562.66,563.69,45522798.0,MSFT,544.908,533.231,457.37674999999996,544.908,583.7513358641098,506.0646641358902,-0.006643640080358004,0.839719321148827,71.95389681668499,12.53052344537366,11.08199881781807,1.4485246275555905,8.084285714285702,3571599915.0
2024-03-12,557.41,563.61,556.78,560.56,23954411.0,MSFT,547.0485000000001,534.175,458.346,547.0485000000001,584.2750209791344,509.8219790208658,-0.005552697404601958,0.8295039164490878,68.26029216467461,11.888451303349598,11.243289314924375,0.6451619884252224,8.293571428571429,3547645504.0
2024-03-13,553.32,553.49,552.61,552.65,99202251.0,MSFT,548.697,534.678,459.27310000000006,548.697,583.6725006585351,513.7214993414649,-0.014110889110889091,0.8036879895561375,58.45350289542409,10.618925251298378,11.118416502199176,-0.4994912509007978,8.117142857142849,3448443253.0
2024-03-14,539.14,543.37,538.32,542.06,58522685.0,MSFT,550.0505,534.9412,460.08015,550.0505,581.4456236407893,518.6553763592108,-0.019162218402243747,0.7691253263707589,47.402452619843885,8.658482615061189,10.62642972477158,-1.9679471097103907,8.496428571428558,3389920568.0
2024-03-15,526.58,526.58,526.58,526.58,62100813.0,MSFT,550.2745,534.8586,460.83845,550.2745,580.8840475129373,519.6649524870627,-0.02855772423716918,0.7186031331592708,37.15775749674054,5.7889793232507145,9.658939644467408,-3.869960321216693,9.194999999999984,3327819755.0
2024-03-18,526.49,528.74,525.15,526.48,78468106.0,MSFT,550.441,534.4952,461.6318,550.441,580.459840329637,520.422159670363,-0.00018990466785673288,0.7182767624020907,37.786843447220825,3.4668445011968743,8.4205206158133,-4.953676114616426,9.322857142857126,3249351649.0
2024-03-19,539.01,540.2,535.18,537.02,42216041.0,MSFT,551.1075,534.5174,462.48974999999996,551.1075,579.1525538842023,523.0624461157976,0.020019753836802767,0.7526762402088789,36.139028475711854,2.4487976235056976,7.22617601735178,-4.7773783938460825,9.332857142857124,3291567690.0
2024-03-20,525.12,525.97,523.43,523.72,76142783.0,MSFT,550.9155,534.0908000000001,463.26255000000003,550.9155,579.6826124175072,522.1483875824927,-0.02476630293098947,0.7092689295039181,33.77690802348333,0.5623073617989576,5.8934022862412165,-5.331094924442259,9.793571428571413,3215424907.0
2024-03-21,527.43,527.9,527.02,527.5,107277752.0,MSFT,550.4024999999999,533.8474,464.0028,550.4024999999999,580.4928977514671,520.3121022485327,0.007217597189337788,0.7216057441253279,38.03376365441902,-0.6205816735758845,4.5906054942777965,-5.211187167853681,9.402857142857126,3322702659.0
2024-03-22,529.69,529.84,529.54,529.74,113266464.0,MSFT,549.5535000000001,533.6416,464.76564999999994,549.5535000000001,581.0086117258168,518.0983882741834,0.004246445497630313,0.7289164490861633,28.880784134944136,-1.361584972817468,3.4001674008587437,-4.761752373676211,8.426428571428557,3435969123.0
2024-03-25,542.06,542.61,538.25,539.02,21242556.0,MSFT,548.895,533.631,465.54585,548.895,580.6675313339655,517.1224686660345,0.017518027711707518,0.7592036553524817,38.6427056591137,-1.1863415750971171,2.482865605667572,-3.669207180764689,8.73642857142856,3457211679.0
2024-03-26,547.51,548.91,546.2,546.76,93728724.0,MSFT,548.7115,533.484,466.38435,548.7115,580.4890950698043,516.9339049301957,0.014359392972431495,0.784464751958226,40.256493859363054,-0.41808715722390843,1.902675053089276,-2.3207622103131844,8.974285714285704,3550940403.0
2024-03-27,549.76,555.56,548.3,552.91,112960595.0,MSFT,548.182,533.6164,467.25244999999995,548.182,579.2674310773159,517.0965689226841,0.011248079596166471,0.8045365535248055,41.9535374868004,0.6791843913346156,1.657976920738344,-0.9787925294037283,8.591428571428562,3663900998.0
2024-03-28,546.59,546.61,546.19,546.4,108427420.0,MSFT,547.658,533.9635999999999,468.14235,547.658,578.4782698850753,516.8377301149247,-0.011774068112351044,0.7832898172323772,39.52447274174289,1.0118138451472305,1.5287443056201213,-0.5169304604728908,8.97642857142856,3555473578.0
2024-03-29,548.19,548.3,547.72,547.85,36530728.0,MSFT,547.4705,534.3964,469.07935,547.4705,578.2353716113454,516.7056283886546,0.0026537335285505836,0.7880221932114897,41.93482688391037,1.3765598406398567,1.4983074126240685,-0.12174757198421182,8.73357142857141,3592004306.0
2024-04-01,544.85,548.66,543.33,545.85,89356592.0,MSFT,546.423,534.9536,469.9785,546.423,575.8126459390116,517.0333540609884,-0.0036506342977091766,0.7814947780678867,42.42299371587517,1.4870980440528,1.496065538909815,-0.008967494857014868,8.620714285714257,3502647714.0
2024-04-02,536.34,539.04,533.15,536.62,89623189.0,MSFT,545.2855000000001,535.2732,470.79830000000004,545.2855000000001,574.3241838000885,516.2468161999117,-0.01690940734634061,0.7513707571801582,41.853846935664194,0.8204587670222736,1.360944184532307,-0.5404854175100333,8.95999999999998,3413024525.0
2024-04-03,542.45,545.29,541.04,541.21,63647764.0,MSFT,544.1115,535.5352,471.61045000000007,544.1115,571.7098373068864,516.5131626931136,0.00855353881704013,0.7663511749347276,49.53999350579072,0.6549669258499762,1.2197487327958407,-0.5647818069458646,8.555714285714268,3476672289.0
2024-04-04,534.43,534.79,534.18,534.63,96575275.0,MSFT,542.4355,535.5568,472.37479999999994,542.4355,567.8739453968782,516.9970546031219,-0.012157942388352105,0.7448759791122732,54.82093663911843,-0.007056219522610263,0.9743877423321505,-0.9814439618547608,7.952142857142852,3380097014.0
2024-04-05,543.97,544.43,541.58,543.35,97748991.0,MSFT,541.2299999999999,535.9546,473.26419999999996,541.2299999999999,563.7984456009165,518.6615543990833,0.01631034547256993,0.7733355091383831,59.157529041363595,0.16995762634815037,0.8135017191353506,-0.6435440927872003,8.395714285714275,3477846005.0
2024-04-08,546.73,549.44,546.02,547.95,115511466.0,MSFT,540.443,536.6782,474.19599999999997,540.443,560.6922854714602,520.1937145285398,0.008465997975522166,0.7883485639686703,56.34211442497393,0.6736584158326195,0.7855330584748045,-0.11187464264218494,7.850714285714275,3593357471.0
2024-04-09,537.36,538.15,535.96,536.79,87630135.0,MSFT,539.2545,537.0732,475.11300000000006,539.2545,557.1904063275015,521.3185936724985,-0.020366821790309464,0.7519255874673645,57.77698441032959,0.17036235727118765,0.6624989182340811,-0.4921365609628935,7.73642857142856,3505727336.0
2024-04-10,547.15,549.4,547.14,547.69,28042572.0,MSFT,539.0065,537.855,476.08284999999995,539.0065,556.2877502897904,521.7252497102095,0.02030589243465797,0.7875000000000019,61.075150850246835,0.6436163016202272,0.6587223949113103,-0.015106093291083145,8.338571428571422,3533769908.0
2024-04-11,549.78,550.02,549.56,549.74,36654493.0,MSFT,539.3905,538.9068,477.06815,539.3905,557.2877664481261,521.4932335518738,0.0037429932991290826,0.794190600522195,60.99384344766928,1.1705974112768445,0.7610973981844172,0.40950001309242723,8.337857142857128,3570424401.0
2024-04-12,547.69,555.31,545.11,550.92,51989739.0,MSFT,540.6075,539.7148000000001,478.03125,540.6075,558.1435163212881,523.0714836787118,0.0021464692400041674,0.7980417754569205,57.180786869418256,1.6642652617340445,0.9417309708943428,0.7225342908397018,8.147142857142837,3622414140.0
2024-04-15,529.41,530.8,529.05,529.15,58506225.0,MSFT,540.741,540.1238000000001,478.83850000000007,540.741,557.859859898076,523.622140101924,-0.03951571916067664,0.7269908616188003,40.9123748580865,0.2954379051209344,0.8124723577396611,-0.5170344526187267,9.002857142857124,3563907915.0
2024-04-16,523.68,526.61,521.06,523.8,67469228.0,MSFT,540.08,540.3682,479.58439999999996,540.08,558.7540811089218,521.4059188910783,-0.010110554663139038,0.7095300261096618,34.85274222083466,-1.2071526210588672,0.40854736197995545,-1.6156999830388226,8.952142857142844,3496438687.0
2024-04-17,516.59,517.45,516.48,517.3,40673850.0,MSFT,539.759,540.4108,480.28479999999996,539.759,559.788684181746,519.729315818254,-0.012409316533027903,0.6883159268929515,34.85636969192343,-2.8891577042930976,-0.25099365127465517,-2.6381640530184423,8.994999999999989,3455764837.0
2024-04-18,512.01,514.07,510.87,510.98,31356632.0,MSFT,538.933,540.2886,480.902,538.933,562.1932956038479,515.6727043961521,-0.012217282041368516,0.6676892950391657,31.73848439821697,-4.678202624726737,-1.1364354459650716,-3.541767178761665,9.318571428571415,3424408205.0
2024-04-19,502.1,502.67,501.88,501.98,32638812.0,MSFT,537.545,539.9548,481.48294999999996,537.545,565.8754875763766,509.2145124236233,-0.01761321382441583,0.6383159268929517,29.680407596109333,-6.744511862961417,-2.258050729364341,-4.486461133597077,9.587857142857136,3391769393.0
2024-04-22,492.74,493.21,491.24,491.79,78606341.0,MSFT,535.1835,539.3432,481.98019999999997,535.1835,570.1036774125757,500.2633225874242,-0.020299613530419536,0.6050587467362938,29.41878615370493,-9.099432071117235,-3.6263269977149197,-5.473105073402316,9.447857142857133,3313163052.0
2024-04-23,502.87,504.0,500.8,502.08,34883273.0,MSFT,532.9495,539.0297999999999,482.5468,532.9495,570.3780297741187,495.52097022588123,0.020923564936253136,0.6386422976501318,32.929063781519915,-10.019903093790617,-4.90504221693006,-5.114860876860558,9.700714285714279,3348046325.0
2024-04-24,498.5,499.13,496.53,497.19,81157156.0,MSFT,530.1635,538.58,483.07685,530.1635,569.5785248001885,490.74847519981154,-0.009739483747609912,0.6226827676240221,33.42189160467588,-11.016968389688145,-6.127427451481678,-4.889540938206467,9.594999999999986,3266889169.0
2024-04-25,480.11,480.12,479.69,479.75,89464747.0,MSFT,526.831,537.8752000000001,483.4859,526.831,571.3993880888864,482.26261191111365,-0.03507713349021502,0.5657637075718027,23.857283788227534,-13.063820477474621,-7.514706056680267,-5.549114420794354,10.14499999999999,3177424422.0
2024-04-26,472.52,474.67,470.03,473.46,91555729.0,MSFT,523.1115,536.9024,483.84875,523.1115,572.4547498556316,473.7682501443684,-0.013110995310057327,0.5452349869451709,19.800535149598602,-15.020370455341777,-9.01583893641257,-6.004531518929207,10.404285714285704,3085868693.0
2024-04-29,468.94,469.59,467.48,467.61,54975440.0,MSFT,519.1995,535.7916,484.20419999999996,519.1995,573.1437103522318,465.2552896477681,-0.012355848434925765,0.526142297650132,20.691408235892226,-16.848774335946075,-10.582426016319271,-6.266348319626804,9.974999999999985,3030893253.0
2024-04-30,465.28,465.59,463.95,465.15,103370935.0,MSFT,515.626,534.6207999999999,484.53970000000004,515.626,573.9984363214762,457.25356367852373,-0.005260794251620071,0.5181135770234999,12.338017886475527,-18.285514990710794,-12.123043811197576,-6.1624711795132185,9.335714285714273,2927522318.0
2024-05-01,465.39,466.28,463.75,464.2,53117503.0,MSFT,511.7755,533.3536,484.8374,511.7755,573.1259801079277,450.42501989207227,-0.002042351929485098,0.5150130548302885,10.57337758112088,-19.27856803942143,-13.554148656842347,-5.724419382579082,9.34999999999999,2874404815.0
2024-05-02,465.03,470.64,463.86,465.29,102850323.0,MSFT,508.3084999999999,531.9042,485.10850000000005,508.3084999999999,572.0127648411151,444.60423515888476,0.0023481258078414946,0.5185704960835522,10.4991235353815,-19.749950706765446,-14.793309066826968,-4.9566416399384785,9.10571428571428,2977255138.0
2024-05-03,459.63,461.65,459.36,460.83,52617481.0,MSFT,504.18250000000006,530.1864,485.26894999999996,504.18250000000006,569.0100967470613,439.3549032529388,-0.009585419845687726,0.5040143603133171,12.494510320597271,-20.249980423838167,-15.88464333822921,-4.365337085608957,7.967142857142851,2924637657.0
2024-05-06,460.77,461.71,459.82,461.4,43656957.0,MSFT,499.855,528.3706,485.40595,499.855,563.9316568876244,435.7783431123756,0.0012368986394115655,0.5058746736292441,13.847045191193502,-20.365502505033874,-16.780815171590145,-3.5846873334437284,7.524285714285704,2968294614.0
2024-05-07,484.41,486.02,483.25,483.71,39083364.0,MSFT,497.201,527.0362,485.6368,497.201,559.199688916525,435.20231108347497,0.048352839185088925,0.5786879895561372,33.55205170894135,-18.444210659759392,-17.113494269223995,-1.3307163905353967,8.759999999999994,3007377978.0
2024-05-08,475.69,477.56,473.6,477.39,57982628.0,MSFT,493.68600000000004,525.314,485.88989999999995,493.68600000000004,551.4595322389765,435.9124677610235,-0.013065679849496581,0.5580613577023512,33.55205170894132,-17.232894135287836,-17.137374242436763,-0.09551989285107254,9.022857142857138,2949395350.0
2024-05-09,460.39,465.2,459.95,464.88,29207128.0,MSFT,489.44300000000004,523.474,486.0915,489.44300000000004,542.1230344083299,436.7629655916702,-0.02620498963111917,0.5172323759791135,32.437038439689445,-17.085419432237018,-17.126983280396814,0.041563848159796635,9.618571428571423,2920188222.0
2024-05-10,472.28,472.36,472.27,472.32,41990174.0,MSFT,485.51300000000003,521.8883999999999,486.3683500000001,485.51300000000003,529.9676160530123,441.0583839469878,0.016004130098089764,0.541514360313317,40.53659959171769,-16.181666665661737,-16.9379199574498,0.7562532917880631,9.38571428571428,2962178396.0
2024-05-13,470.78,471.03,468.35,469.47,71134779.0,MSFT,482.529,519.9418000000001,486.57354999999995,482.529,522.4291811894014,442.6288188105986,-0.006034044715447107,0.5322127937336827,32.91417793146812,-15.51654222842285,-16.65364441164441,1.137102183221561,8.79714285714285,2891043617.0
2024-05-14,462.7,464.09,461.55,463.44,27722468.0,MSFT,479.51099999999997,518.0232,486.75274999999993,479.51099999999997,515.1732878505649,443.848712149435,-0.012844271199437762,0.512532637075719,32.52562907735323,-15.299632287812074,-16.382841986877946,1.083209699065872,8.966428571428565,2863321149.0
2024-05-15,454.26,454.29,454.04,454.1,117011436.0,MSFT,476.351,515.8114,486.92625,476.351,508.98628145717754,443.71571854282246,-0.02015363369583978,0.4820496083550925,35.50356052899291,-15.700405043312855,-16.246354598164928,0.5459495548520721,8.387857142857134,2746309713.0
2024-05-16,458.64,463.38,458.61,462.86,109871437.0,MSFT,473.94500000000005,513.7056,487.13809999999995,473.94500000000005,502.6947562461017,445.1952437538984,0.019290905086985166,0.5106396866840741,44.17198152628109,-15.136675378325606,-16.024418754197065,0.8877433758714588,8.35642857142856,2856181150.0
2024-05-17,454.66,455.92,454.31,455.27,99777516.0,MSFT,471.6094999999999,511.4617999999999,487.30895000000004,471.6094999999999,498.2841814512574,444.93481854874244,-0.01639804692563629,0.4858681462141001,43.34268450582649,-15.12797919774215,-15.845130842906082,0.7171516451639324,8.539999999999992,2756403634.0
2024-05-20,469.68,469.79,469.21,469.48,23305537.0,MSFT,470.494,509.5776,487.5267,470.494,495.42423478259957,445.5637652174005,0.031212247677202543,0.5322454308094005,52.07315905391173,-13.815206073948843,-15.439145889114636,1.6239398151657927,9.315714285714279,2779709171.0
2024-05-21,485.48,486.69,479.05,481.98,26620414.0,MSFT,469.48900000000003,508.006,487.78974999999997,469.48900000000003,490.3456848049345,448.6323151950656,0.02662520235153787,0.5730417754569201,57.665114674943965,-11.632090879250995,-14.677734887141908,3.045644007890912,10.364285714285709,2806329585.0
2024-05-22,492.49,493.4,488.64,489.98,65582821.0,MSFT,469.1285,506.75260000000003,488.07015,469.1285,488.1364908681022,450.12050913189773,0.01659819909539806,0.5991514360313326,60.045569208234994,-9.15093691327121,-13.57237529236777,4.421438379096561,10.695714285714278,2871912406.0
2024-05-23,487.51,487.57,486.59,487.0,106430413.0,MSFT,469.491,505.65139999999997,488.33539999999994,469.491,489.5967141916831,449.3852858083169,-0.006081880893097691,0.589425587467364,60.77753068116301,-7.34044948222413,-12.325990130339044,4.985540648114913,10.514285714285709,2765481993.0
2024-05-24,510.55,511.23,509.0,509.88,89043949.0,MSFT,471.31200000000007,505.3174000000001,488.70169999999996,471.31200000000007,498.33766546237035,444.2863345376298,0.046981519507186764,0.6640992167101838,66.86612858335653,-4.013139392574999,-10.663419982786236,6.650280590211237,12.109999999999998,2854525942.0
2024-05-27,497.91,500.44,497.41,499.7,27712553.0,MSFT,472.9165,504.7818,489.0762,472.9165,502.6876328037881,443.14536719621185,-0.01996548207421356,0.6308746736292439,56.07568964207006,-2.172618503048568,-8.965259686838701,6.792641183790133,11.242142857142852,2826813389.0
2024-05-28,500.65,500.86,499.4,499.89,75272266.0,MSFT,474.65350000000007,504.03920000000005,489.50399999999996,474.65350000000007,506.498286254247,442.80871374575315,0.0003802281368820992,0.6314947780678861,58.967001434720224,-0.6906990767465686,-7.310347564820275,6.6196484880737065,10.624285714285715,2902085655.0
2024-05-29,491.21,491.23,491.03,491.13,71886396.0,MSFT,476.0,503.38739999999996,489.8952,476.0,508.2583896880002,443.7416103119998,-0.017523855248154585,0.6029046997389045,60.78383041656396,-0.2205832974302666,-5.892394711342273,5.671811413912007,10.011428571428572,2830199259.0
2024-05-30,493.59,493.84,493.27,493.52,108964353.0,MSFT,477.4115,502.70779999999996,490.3065,477.4115,510.16341358008884,444.65958641991114,0.00486632867061676,0.6107049608355102,59.08623349905708,0.3409100715204545,-4.645733754769728,4.986643826290183,9.670714285714284,2939163612.0
2024-05-31,497.13,497.22,495.91,496.03,61181045.0,MSFT,479.1714999999999,502.0335999999999,490.77645000000007,479.1714999999999,511.9547359438032,446.38826405619665,0.005085913438158451,0.618896866840732,61.416781292984844,0.9771694338434145,-3.5211531170471,4.4983225508905145,9.651428571428577,3000344657.0
2024-06-03,502.66,502.66,502.64,502.66,54102443.0,MSFT,481.2344999999999,501.3064,491.24045000000007,481.2344999999999,514.4982994949735,447.9707005050264,0.013366127048767273,0.6405352480417765,66.77215189873418,1.9934162911181375,-2.4182392354140525,4.41165552653219,9.559285714285721,3054447100.0
2024-06-04,500.29,501.93,498.1,501.19,53057561.0,MSFT,482.1085,500.395,491.69229999999993,482.1085,516.5440937489366,447.67290625106347,-0.0029244419687264323,0.6357375979112281,71.59101329665287,2.6496391417908285,-1.4046635599730761,4.054302701763905,9.213571428571438,3001389539.0
2024-06-05,505.78,508.75,505.56,506.77,67921420.0,MSFT,483.5775,499.4722,492.18444999999997,483.5775,519.6340759386653,447.5209240613347,0.011133502264610184,0.6539490861618809,70.73769717578158,3.578706741129281,-0.4079894997526047,3.986696240881886,9.090714285714297,3069310959.0
2024-06-06,505.3,506.06,503.64,504.36,37974575.0,MSFT,485.55150000000003,498.63140000000004,492.6526,485.55150000000003,521.6208672481773,449.48213275182275,-0.004755609053416654,0.6460835509138392,74.37680007945178,4.073575011367325,0.4883234024713813,3.5852516088959434,8.703571428571438,3031336384.0
2024-06-07,506.11,506.98,505.7,506.86,76420441.0,MSFT,487.2785,497.81159999999994,493.1057,487.2785,523.9823660089052,450.57463399109486,0.004956776905385096,0.6542428198433432,71.00472016183411,4.614300009287604,1.3135187238346258,3.300781285452978,7.853571428571436,3107756825.0
2024-06-10,500.53,500.6,500.49,500.57,111440451.0,MSFT,488.8335,496.906,493.58225000000004,488.8335,524.9917377743583,452.6752622256418,-0.012409738389298819,0.6337140992167114,61.229914220128045,4.483593953421291,1.947533769751959,2.536060183669332,7.0792857142857235,2996316374.0
2024-06-11,507.39,508.8,506.86,507.2,53764769.0,MSFT,491.0215,496.31759999999997,494.0646,491.0215,525.9861072328436,456.05689276715646,0.013244900813073057,0.6553524804177557,60.57739557739555,4.85898272499702,2.5298235608009714,2.3291591641960485,6.851428571428585,3050081143.0
2024-06-12,510.37,514.05,507.75,512.7,45146016.0,MSFT,493.9515,495.74739999999997,494.56565,493.9515,525.5478024318994,462.3551975681006,0.01084384858044185,0.6733028720626648,65.31220209723547,5.536464153154668,3.131151679271711,2.405312473882957,7.098571428571437,3095227159.0
2024-06-13,512.29,514.05,508.01,508.73,77255710.0,MSFT,496.245,495.22939999999994,495.02284999999995,496.245,524.8569956440732,467.63300435592686,-0.007743319680124872,0.6603459530026126,49.115520689124764,5.687465680592652,3.6424144795358995,2.0450512010567525,5.799285714285718,3017971449.0
2024-06-14,510.5,510.95,508.25,509.29,69105853.0,MSFT,498.946,494.5482,495.45810000000006,498.946,520.6321987642305,477.2598012357696,0.0011007803746585498,0.6621736292428215,58.65679725582237,5.785629661570056,4.071057515942731,1.7145721456273249,5.101428571428577,3087077302.0
2024-06-17,501.29,502.24,500.87,502.0,22979323.0,MSFT,500.57199999999995,493.62919999999997,495.89165,500.57199999999995,517.2553514239926,483.8886485760073,-0.0143140450430993,0.6383812010443879,51.68827012321972,5.215067200380645,4.299859452830313,0.9152077475503315,5.598571428571432,3064097979.0
2024-06-18,515.91,516.75,515.26,515.45,28409826.0,MSFT,502.2455,493.20239999999995,496.34995000000004,502.2455,517.749441060925,486.7415589390749,0.026792828685259007,0.682278067885119,68.10062518606728,5.781548836766376,4.596197329617526,1.1853515071488498,6.019285714285717,3092507805.0
2024-06-19,533.15,534.98,532.59,534.23,33089514.0,MSFT,504.45799999999997,492.9332,496.86809999999997,504.45799999999997,524.5442902707712,484.3717097292287,0.03643418372296048,0.7435704960835525,74.3568266124207,7.657606542347594,5.20847917216354,2.449127370184054,7.220714285714288,3125597319.0
2024-06-20,538.73,539.37,536.92,537.71,105785805.0,MSFT,506.99350000000004,492.6926,497.3526,506.99350000000004,530.3388209782712,483.6481790217289,0.006514048256369032,0.7549281984334222,74.65105275609177,9.317792989257612,6.030341935582355,3.287451053675257,7.323571428571427,3231383124.0
2024-06-21,552.39,553.18,551.16,552.2,116983352.0,MSFT,509.1094999999999,492.7182,497.94185,509.1094999999999,540.0066662641971,478.21233373580276,0.02694761116587019,0.8022193211488271,76.80735930735928,11.668220627272603,7.157917673920405,4.510302953352198,7.9549999999999885,3348366476.0
2024-06-24,558.98,561.65,557.08,557.9,40878409.0,MSFT,512.0195000000001,493.29320000000007,498.53799999999995,512.0195000000001,549.4561212347378,474.5828787652624,0.010322346975733199,0.8208224543080955,79.34388906136807,13.831453441930819,8.492624827522487,5.338828614408332,8.304285714285697,3389244885.0
2024-06-25,560.55,565.11,554.39,559.1,79900606.0,MSFT,514.9799999999999,493.9992,499.1663,514.9799999999999,557.4095959269684,472.55040407303136,0.0021509231044991584,0.8247389033942576,78.3631436314363,15.464397060914507,9.886979274200892,5.577417786713616,8.529999999999985,3469145491.0
2024-06-26,549.83,550.96,549.35,550.86,102652076.0,MSFT,517.9665,494.67040000000003,499.78945,517.9665,561.7156741997193,474.2173258002807,-0.014737971740296896,0.7978459530026127,73.70513866231644,15.910214459708868,11.091626311302488,4.818588148406381,9.002857142857128,3366493415.0
2024-06-27,557.88,558.15,553.68,556.46,25052559.0,MSFT,521.1135,495.58,500.3943,521.1135,566.4833245533248,475.7436754466753,0.010165922375921399,0.8161227154047017,74.51077288001578,16.524912256944276,12.178283500430846,4.3466287565134305,9.336428571428554,3391545974.0
2024-06-28,548.4,548.96,546.86,547.34,87359276.0,MSFT,523.6790000000001,496.48720000000003,500.97485,523.6790000000001,568.8791657658754,478.47883423412475,-0.01638931818998668,0.7863577023498713,72.48341505624458,16.09067363931456,12.96076152820759,3.12991211110697,9.56714285714284,3304186698.0
2024-07-01,547.64,547.88,546.95,547.33,46369100.0,MSFT,525.9125000000001,497.598,501.53700000000003,525.9125000000001,571.1541021285425,480.6708978714578,-1.827017941313791e-05,0.7863250652741534,70.60273128657973,15.56629097719076,13.481867418004224,2.0844235591865363,9.045714285714265,3257817598.0
2024-07-02,552.39,553.64,552.13,552.78,50087070.0,MSFT,528.492,498.612,502.12995,528.492,573.6814172986208,483.30258270137915,0.009957429704200216,0.8041122715404716,70.58763098417911,15.41281406553037,13.868056747509454,1.544757318020915,9.007142857142835,3307904668.0
2024-07-03,547.78,547.96,546.98,547.32,96493071.0,MSFT,530.5195,499.6146,502.66049999999996,530.5195,575.2416350940205,485.79736490597946,-0.009877347226744715,0.7862924281984351,69.52342406151982,14.681368461630996,14.030719090333765,0.6506493712972308,8.989999999999977,3211411597.0
2024-07-04,540.97,541.16,536.37,538.15,107125916.0,MSFT,532.2090000000001,500.7826,503.15875,532.2090000000001,575.2931193847256,489.1248806152745,-0.016754366732441794,0.7563642297650146,63.43075204765448,13.209479530238127,13.866471178314638,-0.6569916480765112,9.579285714285694,3104285681.0
2024-07-05,533.15,533.79,532.26,532.64,96459561.0,MSFT,533.498,501.9662,503.6127,533.498,574.8985591622475,492.09744083775263,-0.010238781009012321,0.738381201044388,64.49933749763392,11.466210657719671,13.386419074195645,-1.9202084164759743,9.398571428571406,3007826120.0
2024-07-08,538.56,538.86,536.1,537.08,23665742.0,MSFT,535.3235000000001,503.3556,504.05760000000004,535.3235000000001,573.7215768569881,496.9254231430121,0.008335836587563872,0.7528720626631871,61.189860320744955,10.323920678877926,12.773919395132102,-2.4499987162541768,8.789285714285695,3031491862.0
2024-07-09,535.79,537.06,535.49,536.04,40050958.0,MSFT,536.7655,504.77340000000004,504.59864999999996,536.7655,572.8106567518095,500.7203432481905,-0.0019363968123931041,0.7494778067885131,51.146876188062315,9.228349662077335,12.064805448521149,-2.836455786443814,7.5078571428571275,2991440904.0
2024-07-10,543.73,544.3,542.98,543.05,58296922.0,MSFT,538.283,506.35040000000004,505.1789,538.283,572.5750700362019,503.99092996379824,0.013077382284904182,0.7723563968668421,53.23871906841334,8.824032202623016,11.416650799341523,-2.5926185967185074,7.730714285714271,3049737826.0
2024-07-11,558.21,559.34,556.86,558.97,80098095.0,MSFT,540.795,508.224,505.88005000000004,540.795,573.2850409032378,508.3049590967621,0.02931590092993286,0.8243146214099233,54.03600810778585,9.676672002735813,11.068655040020381,-1.391983037284568,7.789285714285711,3129835921.0
2024-07-12,553.52,554.84,551.74,552.54,47752931.0,MSFT,542.9575000000001,510.0582,506.4942,542.9575000000001,572.2148516627037,513.7001483372965,-0.011503300713813003,0.803328981723239,46.832151300236404,9.721484700798669,10.79922097217604,-1.0777362713773702,7.630714285714289,3082082990.0
2024-07-15,562.08,562.44,561.53,561.83,89102008.0,MSFT,545.9490000000001,512.0668000000001,507.12595,545.9490000000001,569.1897898225996,522.7082101774006,0.016813262388243544,0.8336488250652758,51.47265077138851,10.38689083516931,10.716754944774694,-0.32986410960538315,7.572142857142865,3171184998.0
2024-07-16,564.4,566.16,563.95,564.84,51748950.0,MSFT,548.4185,513.6894,507.76795,548.4185,568.2618351133406,528.5751648866594,0.005357492479931558,0.8434725848563984,57.99222501715069,11.029965261412144,10.779397008102183,0.2505682533099609,7.185000000000002,3222933948.0
2024-07-17,562.16,563.43,558.32,560.99,32740348.0,MSFT,549.7565000000001,515.3614000000001,508.35855000000004,549.7565000000001,569.1758308735965,530.3371691264036,-0.0068160895120742415,0.8309073107049623,52.642632131606554,11.100978384406858,10.843713283363119,0.257265101043739,7.1300000000000034,3190193600.0
2024-07-18,555.89,561.62,555.07,556.33,31954255.0,MSFT,550.6875,517.1904,508.91095,550.6875,569.4493424355982,531.9256575644018,-0.008306743435711805,0.815698433420367,55.53230769230768,10.658370678668689,10.806644762424233,-0.14827408375554363,6.912142857142856,3158239345.0
2024-07-19,546.3,548.29,545.29,546.98,44993336.0,MSFT,550.4265,518.6836,509.43775,550.4265,569.244897800789,531.6081021992111,-0.016806571639135126,0.7851827676240222,49.80682194502703,9.444266400057131,10.534169089950813,-1.089902689893682,7.634285714285722,3113246009.0
2024-07-22,546.53,547.5,545.23,547.15,106204384.0,MSFT,549.8889999999999,520.2372,509.90914999999995,549.8889999999999,568.4205184142074,531.3574815857924,0.00031079746974294054,0.7857375979112284,46.700269604970124,8.398979385189818,10.107131148998615,-1.7081517638087966,7.345714285714296,3219450393.0
2024-07-23,536.36,540.03,531.54,533.32,101533067.0,MSFT,548.6,521.6348,510.24355,548.6,567.9998936513449,529.2001063486551,-0.025276432422553063,0.740600522193213,42.527754056362106,6.381059594223302,9.361916838043554,-2.9808572438202514,8.046428571428587,3117917326.0
2024-07-24,515.43,517.53,512.91,514.76,49896823.0,MSFT,546.795,522.848,510.44524999999993,546.795,571.3438466874414,522.2461533125585,-0.034800870021750696,0.6800261096605758,38.65334238866793,3.2467798765802627,8.138889445750895,-4.892109569170632,8.722142857142874,3068020503.0
2024-07-25,508.04,509.57,506.71,507.29,103156904.0,MSFT,544.3365,523.7366,510.56800000000004,544.3365,574.1037241337833,514.5692758662167,-0.01451161706426285,0.6556462140992183,37.93201942302205,0.15824984279629462,6.5427615251599756,-6.384511682363681,8.87642857142859,2964863599.0
2024-07-26,506.67,509.53,504.02,507.57,82981542.0,MSFT,542.348,524.7826,510.68895,542.348,576.290949411272,508.40505058872793,0.0005519525320822893,0.6565600522193229,35.37226132645981,-2.2410058798867567,4.78600804415063,-7.027013924037386,8.825714285714302,3047845141.0
2024-07-29,502.73,504.65,499.7,503.88,40106055.0,MSFT,540.1754999999999,525.4706,510.80584999999996,540.1754999999999,578.1038526637899,502.24714733621,-0.007269933211182744,0.644516971279375,34.46676970633696,-4.389585082787789,2.9508894187629457,-7.3404745015507356,9.274285714285728,3007739086.0
2024-07-30,500.07,502.62,494.03,497.55,99686949.0,MSFT,537.414,525.7819999999999,510.85455,537.414,579.3128804774367,495.5151195225632,-0.012562514884496223,0.6238577023498713,27.878257487359036,-6.527878360470481,1.0551358629162604,-7.5830142233867415,9.38785714285716,2908052137.0
2024-07-31,495.42,496.47,494.14,494.4,114045470.0,MSFT,534.768,525.8704,510.911,534.768,580.5380221818355,488.99797781816454,-0.006331022007838527,0.6135770234986961,14.155656711446639,-8.380069636598364,-0.8319052369866644,-7.5481643996117,8.467857142857156,2794006667.0
2024-08-01,500.87,500.95,500.8,500.9,105563979.0,MSFT,532.9055,526.1483999999999,510.9999,532.9055,581.0652698346423,484.7457301653576,0.01314724919093857,0.6347911227154064,21.355668959396496,-9.217198760213137,-2.5089639416319587,-6.708234818581178,8.419285714285726,2899570646.0
2024-08-02,492.07,494.78,491.76,492.56,85255113.0,MSFT,530.9015,525.802,511.05740000000003,530.9015,582.3322809840664,479.47071901593364,-0.01665002994609699,0.6075718015665814,11.167171207534409,-10.433328999396053,-4.093836953184778,-6.339492046211276,8.365000000000006,2814315533.0
2024-08-05,492.1,493.36,490.37,493.36,90562849.0,MSFT,528.7155,525.6752,511.15475,528.7155,582.6939816677659,474.73701833223413,0.0016241676140977823,0.6101827676240228,8.910094274545813,-11.20342159135538,-5.515753880818899,-5.687667710536481,8.269285714285726,2904878382.0
2024-08-06,492.45,495.09,491.83,493.65,34493197.0,MSFT,526.596,525.5504,511.23004999999995,526.596,582.6524728033914,470.5395271966086,0.0005878060645370109,0.6111292428198452,9.6379765044353,-11.655962264926302,-6.74379555764038,-4.912166707285922,8.036428571428583,2939371579.0
2024-08-07,485.42,487.39,483.28,483.96,108198247.0,MSFT,523.6415,525.407,511.25805,523.6415,582.2186136465205,465.0643863534794,-0.019629292008508048,0.579503916449088,9.08988128886368,-12.650676897895835,-7.925171825691471,-4.725505072204363,8.30928571428573,2831173332.0
2024-08-08,488.34,492.29,487.73,490.42,118734380.0,MSFT,520.214,525.345,511.32169999999996,520.214,578.1053350120137,462.3226649879864,0.013348210595917065,0.6005874673629263,16.947171575502523,-12.770516830873191,-8.894240826727817,-3.8762760041453745,8.115714285714299,2949907712.0
2024-08-09,485.94,486.07,485.66,485.99,89673408.0,MSFT,516.8865,525.1442000000001,511.29759999999993,516.8865,574.6045961406802,459.1684038593197,-0.00903307369193751,0.5861292428198455,15.954130483188592,-13.07226587430705,-9.729845836243664,-3.342420038063386,8.293571428571441,2860234304.0
2024-08-12,503.4,503.98,501.91,502.67,75755750.0,MSFT,513.9285,525.1444,511.3774000000001,513.9285,567.8899752539116,459.9670247460884,0.03432169386201367,0.6405678851174958,33.46282507823457,-11.829108961050792,-10.149698461205091,-1.6794104998457016,8.463571428571441,2935990054.0
2024-08-13,497.25,500.64,496.13,497.79,77373433.0,MSFT,510.576,525.0764,511.47214999999994,510.576,559.2963169119372,461.8556830880628,-0.009708158433962666,0.6246409921671041,39.258133941005205,-11.109608713216971,-10.341680511607468,-0.7679282016095037,7.472857142857151,2858616621.0
2024-08-14,499.71,502.69,496.88,497.01,24279485.0,MSFT,507.37699999999995,524.8811999999999,511.5896,507.37699999999995,550.2052297949383,464.5487702050616,-0.0015669258120895035,0.6220953002610987,42.89073305670814,-10.481514687555489,-10.369647346797072,-0.1118673407584172,7.31285714285715,2834337136.0
2024-08-15,514.61,514.87,513.77,514.21,61229368.0,MSFT,505.271,525.0782,511.7761,505.271,541.615292189235,468.9267078107651,0.03460694955835897,0.6782310704960857,53.72113875812601,-8.49789099579732,-9.995296076597123,1.497405080799803,8.19500000000001,2895566504.0
2024-08-16,521.87,523.64,521.05,522.73,61554093.0,MSFT,504.0585,525.3956000000001,511.95369999999997,504.0585,535.8806500315618,472.23634996843816,0.016569106007273238,0.7060378590078349,60.02126528442318,-6.1672696874876465,-9.229690798775227,3.0624211112875805,8.306428571428578,2957120597.0
2024-08-19,526.04,530.17,521.33,521.82,22689175.0,MSFT,502.79200000000003,525.8206,512.11995,502.79200000000003,528.8954255465221,476.688574453478,-0.0017408604824670215,0.7030678851174954,63.691752228365125,-4.343594648926057,-8.252471568805394,3.9088769198793365,8.234285714285713,2934431422.0
2024-08-20,502.62,502.62,502.6,502.61,53324571.0,MSFT,501.2565000000001,525.7288000000001,512.23005,501.2565000000001,523.0571086588061,479.455891341194,-0.03681346058027679,0.640372062663187,53.92110039163245,-4.397711417586606,-7.481519538561637,3.0838081209750303,9.363571428571428,2881106851.0
2024-08-21,514.63,518.19,510.22,512.81,43982051.0,MSFT,501.159,525.731,512.45765,501.159,522.7214663172812,479.5965336827188,0.02029406498080011,0.6736618798955629,55.494049266537495,-3.576319012205772,-6.7004794332904645,3.1241604210846923,10.008571428571429,2925088902.0
2024-08-22,501.88,502.94,501.8,502.45,48887202.0,MSFT,500.91700000000003,525.6054,512.64685,500.91700000000003,522.2976160119935,479.53638398800666,-0.020202414149489978,0.6398498694516987,54.47876098179512,-3.718460928078798,-6.104075732248131,2.3856148041693332,10.142142857142854,2876201700.0
2024-08-23,506.81,506.82,506.7,506.74,47827277.0,MSFT,500.8755,525.5544,512.8031000000001,500.8755,522.2049039445844,479.5460960554155,0.00853816300129373,0.6538511749347276,55.873573309920985,-3.445227831647969,-5.5723061521281,2.1270783204801305,10.240714285714281,2924028977.0
2024-08-26,511.96,519.8,505.11,506.84,92444456.0,MSFT,501.02350000000007,525.6512,512.94515,501.02350000000007,522.4813738094139,479.5656261905862,0.00019733985870451498,0.6541775456919074,55.799841702576735,-3.183917253741811,-5.094628372450843,1.910711118709032,11.05714285714285,3016473433.0
2024-08-27,508.4,508.66,507.91,508.46,62632196.0,MSFT,501.56899999999996,525.5114,513.1279999999999,501.56899999999996,523.2090047669925,479.9289952330074,0.0031962749585667805,0.659464751958226,61.59598636879969,-2.8136720174479137,-4.638437101450258,1.824765084002344,10.446428571428568,3079105629.0
2024-08-28,509.63,510.12,506.06,506.99,33400400.0,MSFT,502.19849999999997,524.9666,513.2922,502.19849999999997,523.692410300354,480.7045896996459,-0.002891082877709117,0.6546671018276777,58.23149528067561,-2.6087941597538133,-4.232508513110969,1.6237143533571556,10.141428571428564,3045705229.0
2024-08-29,501.17,503.67,500.42,503.29,46401430.0,MSFT,502.31800000000004,524.2782,513.4627,502.31800000000004,523.8080883885348,480.82791161146537,-0.0072979743190201285,0.6425913838120119,58.65692554043237,-2.713704166862442,-3.928747643861264,1.2150434769988219,10.270714285714279,2999303799.0
2024-08-30,500.29,500.94,498.79,499.94,88959748.0,MSFT,502.687,523.2330000000001,513.6245,502.687,523.7201899124788,481.65381008752126,-0.006656202189592508,0.6316579634464765,48.42360549717056,-3.0322096805018077,-3.7494400511893726,0.7172303706875649,9.30714285714285,2910344051.0
2024-09-02,501.5,501.78,497.13,499.35,109333140.0,MSFT,502.9865000000001,522.062,513.7519,502.9865000000001,523.6274162128266,482.3455837871736,-0.0011801416169939793,0.6297323759791136,50.94775212636694,-3.2942614683331612,-3.6584043346181305,0.3641428662849693,9.172142857142846,2801010911.0
2024-09-03,490.36,492.68,489.37,491.92,43088280.0,MSFT,502.9,520.7184,513.80665,502.9,523.7193877254548,482.08061227454516,-0.014879343146089963,0.6054830287206279,47.13884204609332,-4.05473780958755,-3.7376710296120144,-0.3170667799755358,9.46999999999999,2757922631.0
2024-09-04,488.71,489.01,487.29,488.15,54780895.0,MSFT,503.1095,519.4642,513.8256,503.1095,523.1979040653905,483.0210959346096,-0.0076638477801269644,0.5931788511749359,32.746292372881285,-4.905085509321509,-3.9711539255539137,-0.9339315837675954,8.52499999999999,2703141736.0
2024-09-05,496.01,496.15,494.97,495.46,63397810.0,MSFT,503.3615,518.2442,513.9097999999999,503.3615,522.89853772729,483.82446227271004,0.014974905254532489,0.6170365535248055,31.651190956802537,-4.932280026100841,-4.163379145663299,-0.7689008804375419,8.422857142857136,2766539546.0
2024-09-06,483.62,484.02,482.11,483.66,105487746.0,MSFT,503.245,516.9706,513.91175,503.245,523.2405989894532,483.2494010105467,-0.02381625156420286,0.578524804177547,27.605633802816854,-5.8386884933655665,-4.498441015203753,-1.3402474781618139,8.744999999999996,2661051800.0
2024-09-09,492.15,492.22,492.07,492.11,79951437.0,MSFT,502.717,515.8661999999999,513.9577,502.717,523.3248463340053,482.10915366599465,0.01747095066782456,0.6061031331592703,42.947340139709816,-5.808225742722698,-4.760397960707542,-1.0478277820151556,7.983571428571423,2741003237.0
2024-09-10,497.92,498.13,497.56,497.84,32759175.0,MSFT,502.7195,514.7674,514.05905,502.7195,523.3248416426467,482.11415835735335,0.011643738188616304,0.6248041775456932,39.30255823924539,-5.261074291447244,-4.860533226855483,-0.40054106459176086,7.300714285714276,2773762412.0
2024-09-11,524.05,524.95,519.59,520.65,71990677.0,MSFT,503.90150000000006,514.234,514.3114,503.90150000000006,525.799432875278,482.0035671247221,0.04581793347260166,0.6992493472584871,61.0410094637224,-2.95283797729752,-4.478994176943891,1.5261561996463708,8.450714285714286,2845753089.0
2024-09-12,525.53,528.62,522.61,527.25,83957356.0,MSFT,504.5535,514.016,514.60755,504.5535,528.430829723746,480.6761702762539,0.012676462114664444,0.7207898172323777,62.10315118612063,-0.5842444208863071,-3.7000442257323742,3.115799804846067,8.707857142857145,2929710445.0
2024-09-13,526.59,529.33,526.02,528.61,86876241.0,MSFT,504.8475,513.9354,514.90495,504.8475,529.7882887225907,479.9067112774094,0.0025794215267900267,0.725228459530028,62.65844865682059,1.3866393560271604,-2.6827075093804678,4.069346865407628,7.89500000000001,3016586686.0
2024-09-16,533.19,533.55,532.19,533.45,75751122.0,MSFT,505.429,513.8628,515.2281,505.429,532.4883047718613,478.3696952281386,0.009156088609750146,0.7410248041775478,64.00627732317008,3.301073775477562,-1.485951252408862,4.787025027886424,8.117857142857146,3092337808.0
2024-09-17,518.42,518.75,517.47,517.67,78391032.0,MSFT,506.18199999999996,513.4954,515.58455,506.18199999999996,533.7444974805994,478.6195025194005,-0.029581029149873594,0.6895234986945187,55.158423493044786,3.504564289001735,-0.4878481441267428,3.992412433128478,8.969285714285718,3013946776.0
2024-09-18,521.64,523.34,520.22,523.25,114473227.0,MSFT,506.704,513.0994000000001,515.98125,506.704,535.1754818722108,478.23251812778926,0.010779067745861237,0.7077349869451715,59.46869070208726,4.069184329067696,0.4235583505121449,3.6456259785555507,8.90500000000001,3128420003.0
2024-09-19,518.57,519.63,513.98,516.83,73364065.0,MSFT,507.42299999999994,512.2565999999999,516.27855,507.42299999999994,536.1671352187416,478.6788647812583,-0.012269469660773913,0.6867819843342056,57.785562828431836,3.953041234201237,1.1294549272499634,2.8235863069512734,9.245714285714294,3055055938.0
2024-09-20,529.56,529.91,529.52,529.84,55811275.0,MSFT,508.578,511.8025999999999,516.68655,508.578,539.0132466030601,478.14275339693984,0.0251726873440008,0.7292428198433438,62.610637769873435,4.854831786836257,1.8745302991672224,2.980301487669035,9.847857142857148,3110867213.0
2024-09-23,528.14,528.15,526.85,527.76,89550650.0,MSFT,509.62399999999997,511.12120000000004,517.0455999999999,509.62399999999997,541.2234379696791,478.0245620303208,-0.003925713422920252,0.7224543080939962,65.50978016271418,5.340111202298658,2.5676464797935097,2.7724647225051484,9.348571428571432,3021316563.0
2024-09-24,529.95,530.02,529.88,529.89,69408394.0,MSFT,510.6955,510.42220000000003,517.38525,510.6955,543.5568831755469,477.8341168244531,0.004035925420645681,0.7294060052219336,68.32309043020192,5.829374434329907,3.2199920707007896,2.609382363629117,9.179285714285717,3090724957.0
2024-09-25,523.0,523.98,520.75,521.54,45250870.0,MSFT,511.42300000000006,509.6332,517.67445,511.42300000000006,544.5818591639131,478.26414083608705,-0.015757987506841098,0.7021540469973904,61.345049591090984,5.480171844789311,3.672028025518494,1.8081438192708168,9.260714285714288,3045474087.0
2024-09-26,518.66,518.8,517.95,518.31,94188625.0,MSFT,512.174,508.8728,517.88715,512.174,545.2375027914721,479.1104972085278,-0.006193197070215151,0.6916122715404713,66.2874870734229,4.886464153898032,3.914915251194402,0.9715489027036304,8.563571428571427,2951285462.0
2024-09-27,515.18,516.13,514.49,515.87,109194709.0,MSFT,512.9705,508.2506000000001,518.1167,512.9705,545.5571575699092,480.3838424300908,-0.004707607416410964,0.6836488250652757,61.83738541251492,4.170978479793575,3.9661278969142364,0.204850582879339,8.224999999999994,2842090753.0
2024-09-30,521.11,522.48,520.3,520.8,88131440.0,MSFT,514.0429999999999,507.72360000000003,518.36985,514.0429999999999,546.1505712336806,481.9354287663192,0.009556671254385751,0.6997389033942574,61.53073523503412,3.9561566156969548,3.9641336406707803,-0.007977024973825575,8.267142857142854,2930222193.0
2024-10-01,530.51,530.69,527.3,529.48,105700520.0,MSFT,515.9209999999999,507.6468,518.6677,515.9209999999999,546.9560999252132,484.8859000747867,0.01666666666666683,0.7280678851174953,55.16797377970269,4.435186133960883,4.058344139328801,0.37684199463208223,7.037142857142856,3035922713.0
2024-10-02,523.31,526.56,520.3,525.47,87065060.0,MSFT,517.787,507.86100000000005,518.91685,517.787,546.165674795653,489.40832520434714,-0.007573468308529119,0.7149804177545711,48.925639787542266,4.4400646894787315,4.1346882493587875,0.3053764401199439,7.12357142857143,2948857653.0
2024-10-03,511.76,512.52,510.46,512.0,43357483.0,MSFT,518.614,507.95520000000005,519.06275,518.614,545.1578048278005,492.07019517219953,-0.025634194149999123,0.6710182767624038,41.253291205897845,3.318757977255018,3.971502194938034,-0.6527442176830158,7.9592857142857145,2905500170.0
2024-10-04,499.05,499.7,498.89,499.35,73791300.0,MSFT,519.3985,507.7908,519.0264500000001,519.3985,542.2653238422195,496.53167615778057,-0.024707031249999956,0.629732375979114,33.407940833008965,1.3933039095326194,3.455862537856951,-2.062558628324332,8.542857142857148,2831708870.0
2024-10-07,507.72,509.9,504.96,506.99,80676837.0,MSFT,520.1425,507.853,519.03305,520.1425,540.0473958537059,500.23760414629413,0.015299889856813742,0.6546671018276777,44.35637285986052,0.47833785750481184,2.8603576017865233,-2.3820197442817115,8.155000000000001,2912385707.0
2024-10-08,513.76,513.96,511.71,512.27,117606693.0,MSFT,520.8639999999999,508.1474,519.0276,520.8639999999999,538.2520580919787,503.4759419080211,0.010414406595790737,0.6718994778067899,44.17938931297708,0.17722955055990042,2.323731991541199,-2.1465024409812985,8.247857142857141,3029992400.0
2024-10-09,514.05,514.15,514.01,514.1,66306702.0,MSFT,520.5364999999999,508.5414,518.9606,520.5364999999999,538.1862947207245,502.88670527927536,0.0035723349015168715,0.6778720626631869,48.478769642260104,0.08528167987014967,1.8760419292069892,-1.7907602493368395,7.719999999999999,3096299102.0
2024-10-10,513.16,517.35,513.07,514.09,51583537.0,MSFT,519.8785,508.8052,518.8865499999999,519.8785,537.4555451681055,502.3014548318946,-1.945146858584046e-05,0.6778394255874689,39.73673921543074,0.011473158049170706,1.5031281749754257,-1.491655016926255,7.091428571428573,3044715565.0
2024-10-11,518.85,521.11,513.34,515.03,98866042.0,MSFT,519.1995,509.2546,518.8081500000001,519.1995,536.4015347327543,501.9974652672456,0.0018284736135694146,0.6809073107049621,41.5795740177272,0.028500975334168288,1.2082027350471742,-1.179701759713006,7.432857142857143,3143581607.0
2024-10-14,514.06,515.44,513.05,513.78,33818951.0,MSFT,518.216,509.66299999999995,518.6537999999999,518.216,534.1930972925079,502.2389027074921,-0.002427043084868852,0.6768276762402101,39.21831080176681,-0.05819803933241019,0.9549225801712574,-1.0131206195036677,7.442142857142865,3109762656.0
2024-10-15,523.57,524.09,521.45,522.66,81722983.0,MSFT,518.4655,510.24320000000006,518.58755,518.4655,534.5620984964967,502.3689015035033,0.017283662267896682,0.7058093994778079,50.74428495481127,0.5829146761207085,0.8805209993611476,-0.2976063232404391,7.525714285714299,3191485639.0
2024-10-16,522.9,523.12,522.71,522.81,75659000.0,MSFT,518.4435000000001,511.0202,518.47635,518.4435000000001,534.5137461579926,502.3732538420076,0.000286993456549256,0.7062989556135781,53.11807095343682,1.090533872830406,0.9225235740549993,0.16801029877540663,7.302142857142878,3267144639.0
2024-10-17,513.72,515.92,511.42,515.33,42110071.0,MSFT,518.3685,511.51840000000004,518.35465,518.3685,534.4843885640864,502.2526114359136,-0.014307300931504563,0.6818864229765027,49.65025906735753,0.8791183275421872,0.9138425247524369,-0.03472419721024966,7.842857142857164,3225034568.0
2024-10-18,510.47,510.51,510.44,510.49,108910945.0,MSFT,517.4010000000001,512.0083999999999,518.20695,517.4010000000001,532.9298063729302,501.87219362707,-0.009392040052005557,0.6660900783289829,43.314745169238776,0.31736405898266185,0.7945468315984819,-0.4771827726158201,7.720000000000023,3116123623.0
2024-10-21,496.09,496.39,495.97,496.17,23838639.0,MSFT,515.8215,511.87840000000006,517.99005,515.8215,533.2267820476269,498.41621795237313,-0.028051479950635616,0.6193537859007845,29.873111782477295,-1.268709673467015,0.3818955305853826,-1.6506052040523975,8.050714285714301,3092284984.0
2024-10-22,505.37,505.99,500.75,502.34,53182263.0,MSFT,514.4440000000001,511.9694,517.7312000000001,514.4440000000001,531.5188277636249,497.3691722363752,0.012435254045992217,0.6394908616188,36.37969614886344,-2.0047080715576158,-0.09542518984321707,-1.9092828817143987,8.09642857142858,3145467247.0
2024-10-23,497.64,499.18,495.74,496.9,61080597.0,MSFT,513.212,511.9672,517.48425,513.212,531.633632135234,494.7903678647659,-0.010829318788071807,0.6217362924281995,40.17950052029132,-2.9924594310695056,-0.6748320380884748,-2.3176273929810307,7.49571428571429,3084386650.0
2024-10-24,494.41,495.05,494.18,494.76,111467653.0,MSFT,512.0345,511.5782,517.31285,512.0345,532.0276572241369,492.0413427758631,-0.00430670154960755,0.6147519582245442,46.54211240018078,-3.9029488502760046,-1.3204554005259808,-2.582493449750024,6.753571428571429,2972918997.0
2024-10-25,486.12,486.68,485.31,486.43,86213362.0,MSFT,510.5625,510.85220000000004,517.1139499999999,510.5625,533.4868321661232,487.6381678338767,-0.01683644595359368,0.587565274151437,34.67044437816874,-5.236318636260876,-2.10362804767296,-3.132690588587916,6.675000000000003,2886705635.0
2024-10-28,481.05,482.24,479.94,482.01,111803599.0,MSFT,508.62300000000005,510.056,516.9340500000001,508.62300000000005,534.2989130212209,482.94708697877917,-0.009086610612009993,0.5731396866840739,27.14501510574013,-6.573901019738969,-2.9976826420861618,-3.576218377652807,6.640714285714288,2774902036.0
2024-10-29,487.47,487.58,487.3,487.49,87817527.0,MSFT,506.52350000000007,509.7536,516.7683000000001,506.52350000000007,531.883562489539,481.1634375104611,0.01136905873322136,0.5910248041775465,30.95204008589829,-7.109797177509677,-3.820105549170865,-3.2896916283388116,6.904285714285716,2862719563.0
2024-10-30,487.45,488.38,484.43,488.28,23288644.0,MSFT,504.66399999999993,509.26300000000003,516.56915,504.66399999999993,529.6253650099017,479.70263499009815,0.0016205460624831858,0.5936031331592695,31.72872716975779,-7.385615566902516,-4.5332075527171956,-2.85240801418532,6.880714285714289,2886008207.0
2024-10-31,493.05,494.01,489.65,490.18,33721062.0,MSFT,503.573,509.0176,516.3523,503.573,529.0856182196324,478.0603817803676,0.0038912099614976103,0.5998041775456926,32.644224053638766,-7.365979084895173,-5.099761859152791,-2.2662172257423823,6.735000000000006,2919729269.0
2024-11-01,499.93,500.2,499.39,499.56,42149786.0,MSFT,503.5834999999999,508.87399999999997,516.2328,503.5834999999999,529.0889720857201,478.0780279142797,0.019135827655146986,0.6304177545691911,41.081284495735076,-6.5183894869134065,-5.383487384704914,-1.1349021022084926,7.279999999999997,2961879055.0
2024-11-04,503.91,503.96,502.86,502.87,34991598.0,MSFT,503.37749999999994,508.7946,516.1883,503.37749999999994,528.8336309955542,477.9213690044456,0.006625830731043392,0.6412206266318545,36.65542818610923,-5.515994337646646,-5.40998877529326,-0.10600556235338576,6.857857142857134,2996870653.0
2024-11-05,497.84,498.5,497.58,497.71,77152842.0,MSFT,502.6495000000001,508.57959999999997,516.09165,502.6495000000001,527.866510528603,477.43248947139716,-0.010261101278660534,0.6243798955613584,34.146033350176864,-5.079405610014362,-5.3438721422374815,0.26446653222311944,7.202857142857133,2919717811.0
2024-11-06,502.55,504.07,501.13,503.04,109502998.0,MSFT,502.0965,508.5006000000001,516.06385,502.0965,526.7346648966266,477.45833510337343,0.010709047437262642,0.6417754569190608,42.020516815997915,-4.254278765174092,-5.125953466824804,0.8716747016507114,6.843571428571424,3029220809.0
2024-11-07,494.12,494.12,494.12,494.12,40635578.0,MSFT,501.09800000000007,508.3172,516.0487,501.09800000000007,525.3044650781281,476.891534921872,-0.01773218829516543,0.6126631853785907,39.90627697619928,-4.2708970062231515,-4.954942174704474,0.6840451684813225,7.1314285714285655,2988585231.0
2024-11-08,501.31,501.36,501.25,501.27,33827337.0,MSFT,500.40999999999997,508.3438,516.00245,500.40999999999997,523.714567431248,477.1054325687519,0.014470169189670479,0.6359986945169718,53.449675324675304,-3.6648754343245855,-4.696928826628497,1.0320533923039115,6.611428571428568,3022412568.0
2024-11-11,502.83,502.95,502.67,502.72,47300268.0,MSFT,499.8570000000001,508.4112,515.97255,499.8570000000001,522.336003630282,477.37799636971823,0.0028926526622379267,0.640731070496084,50.27456647398848,-3.032637730594047,-4.364070607421607,1.3314328768275603,6.029999999999997,3069712836.0
2024-11-12,506.01,507.01,505.07,506.71,116894173.0,MSFT,499.05949999999996,508.707,515.9482,499.05949999999996,519.1355045039298,478.9834954960701,0.007936823679185245,0.6537532637075723,57.239852398523986,-2.1844442278924134,-3.9281453315157684,1.743701103623355,5.864999999999997,3186607009.0
2024-11-13,508.52,509.57,506.99,508.4,82635499.0,MSFT,498.33899999999994,509.11199999999997,515.91435,498.33899999999994,515.6731438541858,481.0048561458141,0.0033352410649090114,0.6592689295039171,60.133729569093596,-1.3601963926943768,-3.4145555437514905,2.0543591510571138,5.875,3269242508.0
2024-11-14,506.16,506.52,506.08,506.5,76950132.0,MSFT,497.8974999999999,509.33279999999996,515.8614,497.8974999999999,513.8001907686695,481.9948092313303,-0.0037372147915026854,0.6530678851174943,66.48595367175946,-0.8504843122092893,-2.9017412974430505,2.051256985233761,5.365714285714286,3192292376.0
2024-11-15,494.94,495.82,494.02,495.09,35357972.0,MSFT,497.12749999999994,509.5614,515.7435,497.12749999999994,511.91516893838593,482.33983106161395,-0.022527147087857857,0.6158289817232383,59.63748894783375,-1.3516445418895842,-2.5917219463323575,1.2400774044427734,5.79357142857143,3156934404.0
2024-11-18,510.47,511.71,507.15,507.55,53706453.0,MSFT,497.6965,509.87020000000007,515.6694,497.6965,513.1880491733136,482.20495082668634,0.02516714132783937,0.6564947780678858,63.4019241047568,-0.7349279749224138,-2.220363152050369,1.4854351771279553,6.5828571428571445,3210640857.0
2024-11-19,500.86,503.37,500.84,502.25,36626175.0,MSFT,497.692,509.95840000000004,515.5919,497.692,513.1779210762121,482.20607892378797,-0.010442320953600648,0.6391971279373374,58.80277252678008,-0.666162254649862,-1.9095229725702678,1.2433607179204058,6.780000000000006,3174014682.0
2024-11-20,495.61,498.46,493.99,495.25,66196570.0,MSFT,497.6095,509.4504,515.46975,497.6095,513.1307268573595,482.08827314264056,-0.013937282229965153,0.6163511749347264,53.00177619893428,-1.1630989438420443,-1.7602381668246232,0.5971392229825789,6.960714285714289,3107818112.0
2024-11-21,497.38,497.71,496.99,497.15,33968538.0,MSFT,497.729,508.84839999999997,515.38055,497.729,513.1945554803411,482.26344451965883,0.003836446239273039,0.6225522193211492,48.434454982460686,-1.3876151653590796,-1.6857135665315146,0.298098401172435,6.420714285714289,3141786650.0
2024-11-22,498.29,499.11,497.24,498.49,38786410.0,MSFT,498.332,508.246,515.2625,498.332,512.8542929898803,483.8097070101197,0.0026953635723625524,0.6269255874673634,47.080000000000005,-1.4408103227829088,-1.6367329177817935,0.19592259499888476,6.246428571428579,3180573060.0
2024-11-25,495.94,496.82,494.15,494.58,73029005.0,MSFT,498.96049999999997,507.4686,515.11965,498.96049999999997,511.45496441638613,486.4660355836138,-0.007843687937571509,0.6141644908616193,47.877966101694916,-1.7779767814735692,-1.6649816905201487,-0.11299509095342053,6.178571428571437,3107544055.0
2024-11-26,488.45,492.33,485.31,489.69,75390723.0,MSFT,499.0705,506.909,514.94965,499.0705,511.1723319187295,486.96866808127044,-0.009887176998665481,0.5982049608355098,40.89483017323693,-2.4119621632798953,-1.814377785072098,-0.5975843782077974,6.386428571428577,3032153332.0
2024-11-27,495.27,495.4,494.21,494.32,24853227.0,MSFT,499.37250000000006,506.3304,514.7834499999999,499.37250000000006,510.6112148075757,488.1337851924244,0.00945496130204826,0.6133159268929511,50.14488554042306,-2.511842879358653,-1.953870803929409,-0.5579720754292441,6.15714285714286,3057006559.0
2024-11-28,505.89,507.42,505.21,506.35,29789163.0,MSFT,500.18100000000004,506.12080000000003,514.6264,500.18100000000004,510.9520760836463,489.40992391635376,0.02433646221071384,0.6525783289817242,53.437077131258484,-1.6018138919063176,-1.8834594215247908,0.2816455296184732,6.57571428571429,3086795722.0
2024-11-29,505.62,506.65,505.52,505.66,104663265.0,MSFT,500.48600000000005,505.6372,514.4211,500.48600000000005,511.5251616767765,489.4468383232236,-0.0013626937888812085,0.6503263707571811,52.0098441345365,-0.9256166636526473,-1.6918908699503623,0.766274206297715,6.536428571428575,2982132457.0
2024-12-02,503.66,507.88,501.26,504.82,43533842.0,MSFT,500.5835,505.17839999999995,514.1842499999999,500.5835,511.7450850128776,489.4219149871224,-0.0016611952695487764,0.6475848563968678,48.649807115302195,-0.4522927194236672,-1.4439712398450233,0.9916785204213561,6.702857142857149,2938598615.0
2024-12-03,509.43,514.13,509.01,511.96,102852171.0,MSFT,501.29599999999994,504.8198,513.9919,501.29599999999994,513.4595718438164,489.1324281561834,0.014143655164216895,0.6708877284595309,52.359490986214205,0.49327211117650904,-1.0565225696407168,1.5497946808172258,7.1635714285714345,3041450786.0
2024-12-04,507.5,507.68,507.14,507.33,61358724.0,MSFT,501.5105,504.5356,513.71105,501.5105,513.9517023026928,489.06929769730726,-0.009043675287131792,0.6557767624020896,50.530894204937944,0.8591331937130917,-0.6733914169699551,1.5325246106830468,7.342142857142862,2980092062.0
2024-12-05,495.45,498.18,494.94,496.19,53085540.0,MSFT,501.6139999999999,504.0932,513.4076,501.6139999999999,513.8287079590957,489.3992920409041,-0.02195809433701923,0.6194190600522202,50.70603337612325,0.24732483166951624,-0.4892481672420608,0.736572998911577,7.335714285714289,2927006522.0
2024-12-06,486.79,487.1,485.85,486.04,107489884.0,MSFT,500.8525000000001,503.49659999999994,513.0798,500.8525000000001,514.9164829276477,486.7885170723524,-0.020455873758036147,0.5862924281984345,35.771927503638054,-1.0445173304064497,-0.6003019998749386,-0.4442153305315111,6.887142857142858,2819516638.0
2024-12-09,484.66,487.27,481.7,482.55,107675288.0,MSFT,499.84399999999994,502.73159999999996,512.65855,499.84399999999994,516.0705648341074,483.6174351658926,-0.007180478972924065,0.5749020887728471,36.649498509081056,-2.3231456074699395,-0.9448707213939389,-1.3782748860760006,6.805714285714283,2711841350.0
2024-12-10,480.95,481.44,480.02,480.12,46710788.0,MSFT,498.51450000000006,501.74440000000004,512.2623,498.51450000000006,516.6207623362524,480.4082376637478,-0.00503574759092329,0.5669712793733692,39.069498627365995,-3.4922914586453544,-1.454354868844222,-2.0379365898011326,6.396428571428572,2665130562.0
2024-12-11,466.7,467.85,464.29,465.07,61208818.0,MSFT,496.34800000000007,500.5364,511.7642000000001,496.34800000000007,519.2167859894512,473.47921401054896,-0.03134633008414567,0.5178524804177556,30.52452646915981,-5.569060527701367,-2.2772960006156513,-3.291764527085716,7.351428571428572,2603921744.0
2024-12-12,466.48,469.51,465.57,466.24,45075548.0,MSFT,494.33500000000004,499.62119999999993,511.25464999999997,494.33500000000004,520.3169641897539,468.3530358102462,0.002515750317156673,0.5216710182767637,30.38082491787324,-7.039360390606248,-3.2297088786137707,-3.8096515119924774,7.528571428571427,2648997292.0
2024-12-13,466.62,467.94,465.34,467.72,29216414.0,MSFT,492.9665,498.9886,510.75595,492.9665,521.5354528021294,464.3975471978706,0.0031743308167466733,0.5265013054830299,33.161985957873654,-7.993021418345222,-4.182371386560061,-3.810650031785161,7.404285714285712,2678213706.0
2024-12-16,459.85,460.28,458.33,460.23,108466245.0,MSFT,490.6005,498.05339999999995,510.23865000000006,490.6005,521.8007695501144,459.4002304498856,-0.0160138544428291,0.502056135770236,32.115104419621204,-9.246596053544238,-5.195216319956897,-4.051379733587341,7.412857142857145,2569747461.0
2024-12-17,459.17,461.58,455.96,460.86,31864825.0,MSFT,488.53099999999995,497.02520000000004,509.74014999999997,488.53099999999995,521.8936004918496,455.16839950815034,0.0013688807770027012,0.5041122715404709,28.64982133741708,-10.07311069874521,-6.170795195714559,-3.9023155030306516,7.406428571428576,2601612286.0
2024-12-18,480.48,481.71,479.24,481.13,31075917.0,MSFT,487.825,496.36580000000004,509.38255,487.825,521.1865312661287,454.46346873387137,0.04398298832617287,0.5702676240208888,35.43879907621246,-8.988891566652,-6.734414469902048,-2.2544770967499526,7.96,2632688203.0
2024-12-19,476.12,482.06,475.83,477.82,79543725.0,MSFT,486.8585,495.6404,509.06135,486.8585,520.2025529061834,453.5144470938165,-0.0068796375200049775,0.5594647519582256,34.39811701412238,-8.301040205990432,-7.047739617119725,-1.2533005888707072,8.324285714285717,2553144478.0
2024-12-20,464.54,466.63,462.25,466.55,40040533.0,MSFT,485.26149999999996,494.67080000000004,508.7612,485.26149999999996,519.3119519020922,451.21104809790774,-0.023586287723410426,0.522682767624022,30.79779227295535,-8.566557912526264,-7.351503276201034,-1.2150546363252301,8.963571428571429,2513103945.0
2024-12-23,459.43,459.56,459.31,459.52,112636360.0,MSFT,483.5085,493.58560000000006,508.4264,483.5085,519.1134619693938,447.9035380306062,-0.015068052727467696,0.49973890339425675,23.65883062085595,-9.237757734883132,-7.7287541679374545,-1.5090035669456778,8.815714285714288,2400467585.0
2024-12-24,453.83,454.04,452.07,453.07,97392160.0,MSFT,481.67749999999995,492.19380000000007,508.00665000000004,481.67749999999995,519.6328154865573,443.7221845134425,-0.014036385793871897,0.4786879895561367,23.234017363851635,-10.17288286368256,-8.217579907086476,-1.9553029565960838,9.00357142857143,2303075425.0
2024-12-25,446.88,447.3,446.72,447.08,62640218.0,MSFT,479.3155,490.6792,507.62345,479.3155,519.7563644162901,438.8746355837098,-0.013220915090383367,0.4591383812010452,24.47770502026816,-11.267435225406587,-8.827550970750499,-2.4398842546560875,8.572142857142856,2240435207.0
2024-12-26,442.75,442.81,440.9,442.34,66263658.0,MSFT,476.11499999999995,489.21939999999995,507.19765,476.11499999999995,517.6637313125703,434.5662686874295,-0.010602129372819236,0.4436684073107058,25.936123348017617,-12.374706332450614,-9.536982043090523,-2.837724289360091,8.275000000000002,2174171549.0
2024-12-27,440.44,440.87,440.1,440.81,113352449.0,MSFT,472.87249999999995,487.8258,506.75300000000004,472.87249999999995,514.8328095041517,430.91219049584817,-0.0034588777863181486,0.4386749347258494,26.508329581269706,-13.223255418226472,-10.274236718117713,-2.949018700108759,8.037142857142856,2060819100.0
2024-12-30,435.08,437.04,432.75,432.99,110715374.0,MSFT,469.28100000000006,486.5622,506.22285000000005,469.28100000000006,512.0168214837948,426.5451785162052,-0.01774006941766293,0.4131527415143612,24.992040751353088,-14.361198372401532,-11.091629048974477,-3.2695693234270546,8.432142857142853,1950103726.0
2024-12-31,434.95,434.99,434.88,434.92,73264608.0,MSFT,465.4290000000001,485.2138,505.6636500000001,465.4290000000001,505.7894490611929,425.0685509388073,0.0044573777685397165,0.4194516971279383,31.41412896067071,-14.935128625702248,-11.860328964320033,-3.0747996613822153,7.444285714285712,2023368334.0
