Date,Open,High,Low,Close,Volume,Ticker,MA20,MA50,MA200,BB_mid,BB_upper,BB_lower,Daily_Return,Cumulative_Return,RSI,MACD,Signal,MACD_Hist,ATR,OBV
2022-01-03,256.25,258.15,253.98,255.14,70897218.0,TSLA,,,,,,,,,,0.0,0.0,0.0,,0.0
2022-01-04,265.31,268.11,264.56,266.16,113287500.0,TSLA,,,,,,,0.04319197303441258,0.04319197303441258,,0.8790883190883108,0.17581766381766217,0.7032706552706486,,113287500.0
2022-01-05,270.21,276.32,269.75,273.85,114887669.0,TSLA,,,,,,,0.028892395551547878,0.07333228815552251,,2.171261921575308,0.5749065153691914,1.5963554062061167,,228175169.0
2022-01-06,264.77,267.53,263.84,266.21,34684774.0,TSLA,,,,,,,-0.02789848457184607,0.04338794387395151,,2.549446232109858,0.9698144587173247,1.5796317733925334,,193490395.0
2022-01-07,270.05,270.13,269.97,270.08,54212680.0,TSLA,,,,,,,0.014537395289433208,0.058556086854276046,,3.1254089115074635,1.4009333492753524,1.724475562232111,,247703075.0
2022-01-10,268.31,270.64,268.19,268.44,67873103.0,TSLA,,,,,,,-0.006072274881516515,0.05212824331739441,,3.410218316602368,1.8027903427407557,1.6074279738616122,,179829972.0
2022-01-11,267.74,267.88,267.7,267.78,35254979.0,TSLA,,,,,,,-0.0024586499776487747,0.04954142823547847,,3.541847128951872,2.150601699982979,1.391245428968893,,144574993.0
2022-01-12,261.75,263.35,259.92,262.51,69150984.0,TSLA,,,,,,,-0.019680334603032312,0.028886101748059723,,3.1842133251920473,2.3573240250247927,0.8268893001672546,,75424009.0
2022-01-13,260.89,262.61,258.04,261.67,46973847.0,TSLA,,,,,,,-0.003199878099881759,0.025593791643803376,,2.8007200222441497,2.4460032244686642,0.3547167977754855,,28450162.0
2022-01-14,269.64,269.73,268.84,269.55,111718215.0,TSLA,,,,,,,0.030114266060304873,0.05647879595516181,,3.096949257572817,2.576192431089495,0.5207568264833218,,140168377.0
2022-01-17,263.44,264.78,259.41,261.44,42363856.0,TSLA,,,,,,,-0.030087182340938656,0.024692325781923596,,2.6467932538266155,2.5903125956369193,0.056480658189696165,,97804521.0
2022-01-18,261.55,261.64,261.47,261.62,30176875.0,TSLA,,,,,,,0.0006884944920440006,0.025397820804264226,,2.2783030143807537,2.5279106793856863,-0.2496076650049326,,127981396.0
2022-01-19,275.41,276.91,275.33,275.98,24380207.0,TSLA,,,,,,,0.05488876997171466,0.08168064591988689,,3.109163333739332,2.6441612102564154,0.4650021234829165,,152361603.0
2022-01-20,267.73,272.32,261.77,271.47,45597876.0,TSLA,,,,,,,-0.016341763895934447,0.06400407619346216,,3.3649181328522673,2.788312594775586,0.5766055380766812,7.482142857142859,106763727.0
2022-01-21,269.3,270.34,266.69,267.77,24321924.0,TSLA,,,,,,,-0.013629498655468586,0.04950223406757037,58.16207832493213,3.231792483919662,2.8770085726044012,0.3547839113152609,7.525714285714291,82441803.0
2022-01-24,272.86,280.38,271.75,275.45,88053186.0,TSLA,,,,,,,0.028681330993016507,0.07960335502077265,56.27448331757392,3.7033117904947517,3.0422692161824716,0.6610425743122801,7.500000000000004,170494989.0
2022-01-25,277.05,278.45,273.45,276.22,20512231.0,TSLA,,,,,,,0.0027954256670903455,0.08262130594967454,51.76575771122038,4.091957266694635,3.252206826284904,0.8397504404097309,7.131428571428578,191007220.0
2022-01-26,274.98,276.93,274.35,275.28,84086168.0,TSLA,,,,,,,-0.003403084497864195,0.07893705416633967,57.50703525906305,4.274833839025689,3.4567322288330615,0.8181016101926275,6.600714285714288,106921052.0
2022-01-27,290.98,291.76,289.9,290.95,109887737.0,TSLA,,,,,,,0.0569238593432142,0.14035431527788633,64.45090707658215,5.6194256396950095,3.8892709110054513,1.7301547286895582,7.4978571428571446,216808789.0
2022-01-28,277.48,278.07,276.27,277.37,58989755.0,TSLA,269.74699999999996,,,269.74699999999996,285.4576227555886,254.0363772444113,-0.046674686372228824,0.08712863525907322,55.306001188354124,5.525536872245709,4.216524103253503,1.309012768992206,8.371428571428575,157819034.0
2022-01-31,277.84,279.56,272.37,276.08,96377701.0,TSLA,270.794,,,270.794,285.13738784028516,256.4506121597148,-0.0046508274146447315,0.08207258759896496,54.89502241094598,5.286102232537587,4.43043972911032,0.8556625034272667,8.832142857142859,61441333.0
2022-02-01,269.78,272.92,269.37,271.49,67982648.0,TSLA,271.0605,,,271.0605,285.2384717575503,256.88252824244967,-0.01662561576354671,0.0640824645292779,55.33888228299644,4.672116663164729,4.478775115921202,0.19334154724352715,8.750000000000004,-6541315.0
2022-02-02,257.07,257.45,256.16,256.36,107707826.0,TSLA,270.18600000000004,,,270.18600000000004,285.7311741030693,254.64082589693075,-0.05572949279899808,0.004781688484753355,47.30155503608091,2.930878776469001,4.169195848030762,-1.2383170715617613,9.518571428571432,-114249141.0
2022-02-03,251.33,252.85,240.37,248.59,97504391.0,TSLA,269.305,,,269.305,287.5599459772298,251.05005402277024,-0.03030894055234834,-0.025672179979619236,39.33658933658935,0.9134316712063537,3.5180430126658804,-2.6046113414595267,10.085000000000004,-211753532.0
2022-02-04,249.22,249.79,247.4,248.33,106988991.0,TSLA,268.21750000000003,,,268.21750000000003,288.72989099204494,247.70510900795514,-0.0010458988696246951,-0.026691228345222417,42.75129934756166,-0.6983394986855842,2.6747665103955875,-3.3731060090811718,9.531428571428576,-318742523.0
2022-02-07,235.34,236.83,233.61,235.08,70892548.0,TSLA,266.54949999999997,,,266.54949999999997,291.85188721835084,241.24711278164907,-0.05335642089155557,-0.07862350082307767,37.17874396135267,-3.0101449508950964,1.5377842181374506,-4.547929169032547,10.568571428571433,-389635071.0
2022-02-08,235.61,235.82,233.93,234.08,29280182.0,TSLA,264.8645,,,264.8645,294.0173498020167,235.71165019798332,-0.00425387102263064,-0.08254291761385923,26.758375859773707,-4.866856972416599,0.2568559800266407,-5.12371295244324,9.611428571428574,-418915253.0
2022-02-09,227.07,232.3,227.03,231.96,100265304.0,TSLA,263.337,,,263.337,295.99944719616246,230.67455280383749,-0.009056732740943318,-0.09085208121031618,27.487179487179503,-6.4351999297633995,-1.0815552019313674,-5.353644727832032,9.1,-519180557.0
2022-02-10,240.02,241.97,239.48,240.06,56143028.0,TSLA,262.2565,,,262.2565,296.5406336787918,227.97236632120828,0.03491981376099318,-0.059104805204985844,34.964731416169315,-6.9444691991404,-2.254138001373174,-4.690331197767225,9.473571428571427,-463037529.0
2022-02-11,241.7,242.8,240.91,242.75,83049523.0,TSLA,260.9165,,,260.9165,296.08393426284573,225.7490657371542,0.011205531950345682,-0.048561574037783606,31.24139513538323,-7.049743194246105,-3.2132590399477605,-3.8364841542983443,8.768571428571425,-379988006.0
2022-02-14,242.3,242.54,242.22,242.45,44684356.0,TSLA,259.967,,,259.967,296.08744652052496,223.846553479475,-0.0012358393408857804,-0.049737399075018174,30.522551620717493,-7.075815490192213,-3.985770329996651,-3.0900451601955616,8.449285714285711,-424672362.0
2022-02-15,242.5,243.45,241.61,241.9,76451844.0,TSLA,258.981,,,258.981,295.9774487058164,221.98455129418358,-0.00226850897092179,-0.05189307830994794,30.660486674391677,-7.059481072597947,-4.600512478516911,-2.4589685940810364,8.396428571428569,-501124206.0
2022-02-16,238.03,238.55,237.31,238.18,117786843.0,TSLA,257.091,,,257.091,294.29251490973115,219.88948509026886,-0.01537825547747007,-0.06647330877165525,14.512441156691324,-7.262985661974568,-5.133007115208443,-2.129978546766125,7.547142857142853,-618911049.0
2022-02-17,234.22,234.49,233.53,234.2,100973583.0,TSLA,255.22750000000002,,,255.22750000000002,293.12365999155145,217.33134000844856,-0.016710051221765165,-0.08207258759896585,16.66409266409265,-7.65715038969725,-5.6378357701062045,-2.0193146195910456,6.830714285714281,-719884632.0
2022-02-18,234.33,234.8,234.15,234.65,92065732.0,TSLA,253.57150000000001,,,253.57150000000001,292.050031143319,215.092968856681,0.0019214346712213004,-0.08030885004311406,17.587232045063388,-7.8428104995689125,-6.0788307159987465,-1.763979783570166,6.363571428571425,-627818900.0
2022-02-21,226.52,226.79,226.51,226.67,32089032.0,TSLA,251.13250000000002,,,251.13250000000002,289.9543196243733,212.31068037562676,-0.03400809716599196,-0.11158579603355068,16.701337295690948,-8.535475138362187,-6.570159600471435,-1.9653155378907528,6.465714285714284,-659907932.0
2022-02-22,214.76,215.79,214.63,215.32,30323690.0,TSLA,248.0875,,,248.0875,288.15743091032107,208.01756908967897,-0.05007279304716106,-0.156071176608921,17.695214105793454,-9.886303842392692,-7.2333884488556865,-2.652915393537006,6.230714285714285,-690231622.0
2022-02-23,213.04,213.39,212.4,212.63,51784022.0,TSLA,244.955,,,244.955,285.8609205597688,204.04907944023125,-0.01249303362437304,-0.16661440777612335,19.233401779603014,-11.046567882959096,-7.996024335676369,-3.050543547282727,5.2971428571428545,-742015644.0
2022-02-24,215.98,216.09,215.95,216.04,25629789.0,TSLA,241.20950000000002,,,241.20950000000002,277.88190435330966,204.5370956466904,0.016037247801345078,-0.15324919651955837,23.786328949504792,-11.55769705567684,-8.708358879676464,-2.8493381760003764,5.373571428571428,-716385855.0
2022-02-25,212.73,213.21,208.92,209.97,106565208.0,TSLA,237.83950000000004,,,237.83950000000004,272.871204422378,202.80779557762207,-0.028096648768746513,-0.1770400564396022,26.925197573975368,-12.310659261587602,-9.428818956058691,-2.881840305528911,4.8307142857142855,-822951063.0
2022-02-28,190.25,190.26,190.15,190.19,63459327.0,TSLA,233.54500000000002,,,233.54500000000002,269.8726924962938,197.21730750370625,-0.09420393389531834,-0.2545661205612608,20.016395682470275,-14.33818624044548,-10.41069241293605,-3.92749382750943,6.111428571428571,-886410390.0
2022-03-01,191.94,194.19,190.0,193.54,94851220.0,TSLA,229.64749999999998,,,229.64749999999998,265.55776176457107,193.73723823542886,0.0176139649823861,-0.24143607431214265,24.187046492878252,-15.496069927693696,-11.42776791588758,-4.068302011806116,5.907142857142857,-791559170.0
2022-03-02,192.61,193.67,192.16,193.53,92962189.0,TSLA,226.506,,,226.506,263.5518705135307,189.4601294864693,-5.166890565255766e-05,-0.2414752684800504,14.925373134328368,-16.22744808804265,-12.387703950318596,-3.839744137724054,5.299999999999999,-884521359.0
2022-03-03,190.46,191.66,190.2,190.89,47671000.0,TSLA,223.621,,,223.621,262.37315547146034,184.86884452853968,-0.013641295923112806,-0.2518225288077137,10.878092939046468,-16.82613527249788,-13.275390214754452,-3.550745057743427,5.342142857142856,-932192359.0
2022-03-04,189.17,191.49,186.99,189.87,77084972.0,TSLA,220.698,,,220.698,260.40994204584626,180.98605795415372,-0.005343391482005244,-0.2558203339343108,10.76119402985077,-17.184808875447175,-14.057273946892996,-3.1275349285541783,5.6257142857142854,-1009277331.0
2022-03-07,193.73,194.1,192.48,192.88,100425632.0,TSLA,218.58800000000002,,,218.58800000000002,259.5472591421489,177.62874085785114,0.01585295201980297,-0.24402288939405847,14.71350417506477,-17.029868719633157,-14.651792901441029,-2.378075818192128,5.796428571428572,-908851699.0
2022-03-08,201.03,201.06,200.68,200.92,47943962.0,TSLA,216.93,,,216.93,257.93337906486323,175.92662093513675,0.04168394856905855,-0.21251077839617494,24.749254540525868,-16.07303676029582,-14.936041673211989,-1.1369950870838323,6.052857142857143,-860907737.0
2022-03-09,198.67,198.81,198.05,198.58,110024106.0,TSLA,215.26100000000002,,,215.26100000000002,256.40561422835344,174.11638577164658,-0.011646426438383317,-0.22168221368660368,25.311893540338232,-15.326880247877199,-15.014209388145032,-0.312670859732167,5.925714285714284,-970931843.0
2022-03-10,197.63,197.99,197.37,197.8,27743194.0,TSLA,213.148,,,213.148,253.25778964371645,173.03821035628354,-0.003927888004834346,-0.22473935878341333,24.575686490961758,-14.629841609966547,-14.937335832509335,0.3074942225427879,5.965714285714284,-998675037.0
2022-03-11,212.21,212.36,209.71,210.54,54238029.0,TSLA,211.5375,242.2094,,211.5375,249.15168090645048,173.9233190935495,0.06440849342770472,-0.17480598886885668,39.55716690405282,-12.900710579011303,-14.530010781809729,1.6293002027984258,6.424285714285712,-944437008.0
2022-03-14,216.1,216.39,215.7,215.93,71804384.0,TSLA,210.21149999999997,241.42520000000002,,210.21149999999997,245.00100917189087,175.42199082810907,0.025600835945663647,-0.1536803323665441,50.427950049109036,-10.968990135054781,-13.81780665245874,2.848816517403959,5.982142857142855,-872632624.0
2022-03-15,207.52,207.71,207.04,207.39,97841908.0,TSLA,208.48600000000002,240.24980000000002,,208.48600000000002,239.91922104498977,177.05277895501027,-0.039549854119390604,-0.18715215175981847,46.60269709543568,-10.011784771441484,-13.05660227625529,3.044817504813807,6.408571428571428,-970474532.0
2022-03-16,198.07,203.57,194.82,197.12,40739620.0,TSLA,206.433,238.7152,,206.433,234.92632782470918,177.9396721752908,-0.049520227590529875,-0.2274045622011448,38.735413193617525,-9.967002395146835,-12.4386823000336,2.4716799048867646,7.059285714285713,-1011214152.0
2022-03-17,216.31,218.21,209.85,212.05,112135721.0,TSLA,205.3255,237.63199999999998,,205.3255,230.84079776428314,179.81020223571687,0.07574066558441572,-0.1688876695147764,51.120206807410604,-8.62733526391716,-11.676412892810314,3.049077628893153,8.057142857142855,-899078431.0
2022-03-18,199.04,199.05,199.03,199.04,97083241.0,TSLA,203.54500000000002,236.2112,,203.54500000000002,225.1079902232611,181.98200977673892,-0.06135345437396844,-0.21987928196284412,55.14116416869989,-8.517256055530197,-11.044581525354292,2.5273254698240954,7.571428571428571,-996161672.0
2022-03-21,202.55,204.59,200.71,204.01,50696310.0,TSLA,202.41199999999998,234.92260000000002,,202.41199999999998,221.04049498116234,183.78350501883762,0.02496985530546625,-0.20039978051265994,55.96989394457749,-7.9374816779559865,-10.423161555874632,2.4856798779186455,7.66857142857143,-945465362.0
2022-03-22,199.97,200.22,197.83,199.09,100564975.0,TSLA,201.60049999999998,233.5488,,201.60049999999998,219.24969855046447,183.9513014495355,-0.024116464879172517,-0.21968331112330497,53.00215982721382,-7.785265494067886,-9.895582343513283,2.1103168494453968,8.002142857142857,-1046030337.0
2022-03-23,201.81,203.91,200.78,200.91,97322816.0,TSLA,201.0145,232.3168,,201.0145,217.88276041634757,184.14623958365243,0.009141594253855079,-0.2125499725640826,55.458705600348665,-7.4321016406619265,-9.402886202943012,1.9707845622810858,8.108571428571427,-948707521.0
2022-03-24,210.12,212.03,208.27,208.27,111332502.0,TSLA,200.626,231.24880000000002,,200.626,216.3567240774236,184.89527592257642,0.03663331840127437,-0.1837030649839304,59.37627395026499,-6.483587491803547,-8.81902646071512,2.335438968911573,8.581428571428571,-837375019.0
2022-03-25,193.94,194.49,193.87,194.28,103395427.0,TSLA,199.8415,229.7434,,199.8415,215.16995345307842,184.51304654692157,-0.0671724204158064,-0.23853570588696404,50.641613198900096,-6.782573984956599,-8.411735965563416,1.629161980606817,9.307857142857143,-940770446.0
2022-03-28,193.14,193.31,193.13,193.31,37319819.0,TSLA,199.9975,228.38080000000002,,199.9975,214.9717893689583,185.0232106310417,-0.0049927939057030635,-0.2423375401740221,46.27070469469764,-7.0169072888804465,-8.132770230226821,1.115862941346375,8.805714285714286,-978090265.0
2022-03-29,202.11,202.59,201.34,202.55,89447490.0,TSLA,200.448,227.1994,,200.448,215.143837720791,185.75216227920902,0.04779887227768875,-0.20612212902720073,51.82227118332873,-6.383442985243789,-7.782904781230216,1.3994617959864266,9.26357142857143,-888642775.0
2022-03-30,210.43,211.65,208.95,209.36,119334179.0,TSLA,201.23950000000002,225.86700000000002,,201.23950000000002,216.0710587781429,186.40794122185713,0.03362132806714402,-0.17943090068197842,55.02783576896311,-5.271145391394612,-7.280552903263096,2.009407511868484,9.827142857142858,-769308596.0
2022-03-31,222.51,225.72,222.35,224.5,21304153.0,TSLA,202.92000000000002,224.9276,,202.92000000000002,220.22432863400707,185.61567136599297,0.07231562858234608,-0.12009093046954611,55.94751192910702,-3.131867841895769,-6.45081589098963,3.318948049093861,9.955714285714285,-748004443.0
2022-04-01,217.3,218.74,215.99,217.78,27456258.0,TSLA,204.3155,223.9278,,204.3155,221.69005910837905,186.94094089162093,-0.029933184855233885,-0.146429411303598,50.77934114078692,-1.9561732621813235,-5.551887365227969,3.595714103046646,10.145714285714286,-775460701.0
2022-04-04,215.15,215.28,214.02,214.77,52395292.0,TSLA,205.41,222.71419999999998,,205.41,222.5070911653363,188.3129088346637,-0.013821287537882254,-0.15822685584385043,53.2608695652174,-1.252866417536893,-4.6920831756897545,3.4392167581528614,9.779285714285711,-827855993.0
2022-04-05,213.02,213.53,212.9,213.42,83671458.0,TSLA,206.035,221.4582,,206.035,223.35345684142936,188.71654315857063,-0.00628579410532204,-0.1635180685114056,57.818495778971595,-0.7952571641256441,-3.9127179733769326,3.1174608092512885,9.014999999999999,-911527451.0
2022-04-06,215.99,216.54,214.45,215.47,45210104.0,TSLA,206.8795,220.26199999999997,,206.8795,224.31413639757994,189.44486360242007,0.009605472776684554,-0.15548326409030344,51.8717162872154,-0.2641358725455518,-3.183001553210657,2.918865680665105,7.73142857142857,-866317347.0
2022-04-07,211.68,212.93,210.85,211.19,82576225.0,TSLA,207.54900000000004,218.6668,,207.54900000000004,224.5382819463526,190.55971805364746,-0.01986355409105678,-0.1722583679548484,57.35205131308242,-0.1864296085150272,-2.583687164271531,2.3972575557565037,7.13142857142857,-948893572.0
2022-04-08,209.2,209.3,206.07,207.45,79146732.0,TSLA,207.39450000000002,217.2684,,207.39450000000002,224.3253556379059,190.46364436209416,-0.017709171835787685,-0.18691698675237134,52.11302211302211,-0.4217716568271612,-2.151304062782657,1.7295324059554957,7.100714285714283,-1028040304.0
2022-04-11,205.73,208.04,202.97,204.36,63501468.0,TSLA,206.81599999999997,215.83399999999997,,206.81599999999997,223.30373758058835,190.3282624194116,-0.014895155459146658,-0.19902798463588622,53.31154957898706,-0.8478456644012908,-1.890612383106384,1.042766718705093,7.0214285714285705,-1091541772.0
2022-04-12,205.53,207.19,204.97,205.44,65532492.0,TSLA,206.7185,214.513,,206.7185,223.21500588202906,190.22199411797095,0.005284791544333478,-0.19479501450184222,52.8732715971077,-1.0858484262966783,-1.7296595917444428,0.6438111654477645,6.879285714285713,-1026009280.0
2022-04-13,207.49,207.63,207.36,207.4,118945639.0,TSLA,207.23250000000002,213.53379999999999,,207.23250000000002,223.09831346298182,191.3666865370182,0.009540498442367706,-0.18711295759191038,49.40759907394798,-1.103590209248381,-1.6044457152452305,0.5008555059968496,6.241428571428569,-907063641.0
2022-04-14,203.64,203.99,203.13,203.46,106232911.0,TSLA,206.80300000000003,212.63120000000004,,206.80300000000003,222.5845563237607,191.02144367623936,-0.018997107039537164,-0.2025554597475896,57.24203218680973,-1.4192159342476316,-1.567399759045711,0.14818382479807934,5.517857142857141,-1013296552.0
2022-04-15,203.35,204.72,202.82,204.36,107128975.0,TSLA,207.06900000000002,211.75179999999997,,207.06900000000002,222.47448214110906,191.66351785889097,0.004423473901504105,-0.1990279846358861,58.72689938398358,-1.5785327736715544,-1.56962636197088,-0.008906411700674521,5.571428571428569,-906167577.0
2022-04-18,216.53,217.25,216.37,217.11,23668384.0,TSLA,207.724,211.39239999999998,,207.724,223.6857693254861,191.7622306745139,0.06238990017615964,-0.1490554205534217,60.89494163424125,-0.6682706646882934,-1.3893552225143626,0.7210845578260692,5.829285714285711,-882499193.0
2022-04-19,209.36,211.28,207.17,207.37,87827654.0,TSLA,208.138,210.8582,,208.138,223.57784810397155,192.69815189602846,-0.04486205149463407,-0.18723054009563378,48.573476702508955,-0.724466782553975,-1.2563775345222852,0.5319107519683102,5.889285714285713,-970326847.0
2022-04-20,215.14,215.43,215.04,215.22,112502404.0,TSLA,208.85350000000003,210.5234,,208.85350000000003,224.2090699135021,193.49793008649795,0.03785504171288023,-0.15646311828799886,42.571245597182205,-0.13402822210628074,-1.0319076720390843,0.8978794499328036,5.296428571428572,-857824443.0
2022-04-21,217.35,217.35,216.15,216.86,87698233.0,TSLA,209.283,210.0594,,209.283,225.04500241086228,193.5209975891377,0.007620109655236629,-0.150035274751117,49.19832694318578,0.46091968960755025,-0.7333421997097574,1.1942618893173078,4.840714285714286,-770126210.0
2022-04-22,215.51,215.8,212.9,213.68,35511986.0,TSLA,210.25300000000001,209.47800000000004,,210.25300000000001,224.43615546510708,196.06984453489295,-0.014663838421101194,-0.1624990201458023,49.052997393570806,0.6681191111541693,-0.4530499375369721,1.1211690486911414,4.855000000000002,-805638196.0
2022-04-25,212.49,213.7,211.42,212.65,83523187.0,TSLA,211.22000000000003,208.882,,211.22000000000003,222.96731861902407,199.47268138097598,-0.004820292025458639,-0.16653601944030727,49.32727590424604,0.7406757051162742,-0.21430480900632284,0.9549805141225971,4.884285714285716,-889161383.0
2022-04-26,204.66,205.58,204.39,204.97,31039988.0,TSLA,211.34099999999998,208.1434,,211.34099999999998,222.75750126144862,199.92449873855134,-0.03611568304726076,-0.19663714039350944,41.648106904231625,0.176431717991278,-0.13615750360680268,0.31258922159808067,5.251428571428574,-920201371.0
2022-04-27,206.89,208.78,202.3,203.91,58492796.0,TSLA,211.0685,207.458,,211.0685,222.93538142423566,199.20161857576434,-0.005171488510513744,-0.2007917221917379,43.89671361502348,-0.3522088043202416,-0.17936776374949048,-0.17284104057075111,5.384285714285716,-978694167.0
2022-04-28,190.84,190.94,189.36,189.6,104899237.0,TSLA,209.32350000000002,206.56599999999997,,209.32350000000002,223.00021440230196,195.64678559769808,-0.07017801971457993,-0.25687857646782164,37.288135593220346,-1.9039105377059684,-0.524276318540786,-1.3796342191651823,6.057857142857143,-1083593404.0
2022-04-29,189.47,189.7,189.35,189.53,72246187.0,TSLA,207.911,205.6636,,207.911,223.59784718918596,192.22415281081405,-0.0003691983122362519,-0.2571529356431763,38.9641315671975,-3.103518328390436,-1.040124720510716,-2.06339360787972,5.720714285714286,-1155839591.0
2022-05-02,188.71,189.3,188.61,188.96,36835233.0,TSLA,206.6205,204.90939999999998,,206.6205,224.07813771925836,189.16286228074162,-0.0030074394554950867,-0.2593870032139217,37.64247150569887,-4.053484337292616,-1.6427966438670962,-2.41068769342552,5.5842857142857145,-1192674824.0
2022-05-03,202.5,202.92,196.67,198.28,65701217.0,TSLA,205.86350000000002,204.5686,,205.86350000000002,223.39256191383265,188.33443808616738,0.0493226079593565,-0.2228580387238378,43.84116693679091,-4.008090363215501,-2.1158553877367776,-1.8922349754787238,6.424999999999999,-1126973607.0
2022-05-04,196.43,197.45,195.19,195.93,85133255.0,TSLA,204.88649999999998,204.23460000000003,,204.88649999999998,222.3391249269884,187.43387507301156,-0.01185192656848899,-0.23206866818217442,44.803312629399585,-4.114313427819269,-2.515546995753276,-1.5987664320659931,6.340714285714284,-1212106862.0
2022-05-05,191.58,191.99,189.79,190.88,25319669.0,TSLA,203.871,203.7314,,203.871,222.12445060385576,185.61754939614426,-0.025774511305058034,-0.25186172297562126,41.20104438642297,-4.553498866721725,-2.923137369946966,-1.6303614967747588,6.643571428571428,-1237426531.0
2022-05-06,185.49,190.53,178.14,186.52,83235634.0,TSLA,202.8245,203.2624,,202.8245,222.55419920009805,183.09480079990195,-0.022841575859178453,-0.26895038018342865,27.57660167130919,-5.193504565386377,-3.377210809034848,-1.816293756351529,6.6328571428571435,-1320662165.0
2022-05-09,178.78,179.35,177.58,178.48,52113526.0,TSLA,201.53050000000002,203.0282,,201.53050000000002,224.0356951663104,179.02530483368963,-0.0431052970190865,-0.3004624911813122,28.281461434370755,-6.277115815731804,-3.957191810374239,-2.319924005357565,6.5614285714285705,-1372775691.0
2022-05-10,185.43,187.09,183.36,186.26,41228031.0,TSLA,200.57150000000001,202.88260000000002,,200.57150000000001,223.99127776423921,177.15172223576081,0.04359031824294046,-0.26996942854903183,28.205900060204698,-6.433938125082392,-4.45254107331587,-1.981397051766522,6.600714285714285,-1331547660.0
2022-05-11,188.43,188.8,186.35,187.14,85530799.0,TSLA,199.5585,202.7548,,199.5585,223.48189464998615,175.63510535001387,0.0047245785461182965,-0.2665203417731441,27.375152253349555,-6.413283944373234,-4.844689647527343,-1.568594296845891,6.630000000000002,-1246016861.0
2022-05-12,191.35,191.5,190.83,191.19,118186510.0,TSLA,198.945,202.76080000000002,,198.945,223.0755410326075,174.81445896739248,0.021641551779416623,-0.2506467037704788,33.10293012772351,-6.000939113967206,-5.075939540815315,-0.924999573151891,6.65857142857143,-1127830351.0
2022-05-13,195.04,200.64,190.78,199.13,101972224.0,TSLA,198.6835,202.946,,198.6835,222.67994120544452,174.6870587945555,0.041529368690831125,-0.21952653445167347,40.7977130411108,-4.976099840982812,-5.055971600848815,0.07987175986600281,7.200000000000001,-1025858127.0
2022-05-16,195.3,195.54,194.4,194.84,92902000.0,TSLA,197.57,202.9852,,197.57,219.98065348163064,175.15934651836935,-0.021543715160950105,-0.23634083248412618,42.771514200085626,-4.458677620371276,-4.936512804753308,0.4778351843820321,6.947857142857141,-1118760127.0
2022-05-17,192.81,192.84,192.78,192.78,57662358.0,TSLA,196.8405,202.82240000000002,,196.8405,218.85431525554586,174.82668474445413,-0.010572777663724109,-0.2444148310731361,42.16969185310258,-4.16680918404748,-4.782572080612143,0.6157628965646627,6.632142857142857,-1176422485.0
2022-05-18,195.3,195.58,194.85,195.0,72473158.0,TSLA,195.8295,202.75080000000003,,195.8295,216.0754991889246,175.5835008110754,0.011515717398070224,-0.2357137257976012,54.57782299084436,-3.7135583101864142,-4.568769326526997,0.8552110163405828,5.7928571428571445,-1103949327.0
2022-05-19,195.08,198.05,193.51,196.26,103305470.0,TSLA,194.7995,202.72,,194.7995,212.4732253392844,177.1257746607156,0.0064615384615385185,-0.23077526064121645,55.59248795080604,-3.2156146533415892,-4.298138391889916,1.0825237385483266,6.092142857142861,-1000643857.0
2022-05-20,191.86,195.21,188.79,189.72,35642327.0,TSLA,193.60150000000002,202.30360000000002,,193.60150000000002,208.98663742818874,178.2163625718113,-0.03332314276979509,-0.2564082464529276,50.57453885697005,-3.3105520771430292,-4.1006211289405385,0.7900690517975093,6.560000000000004,-1036286184.0
2022-05-23,189.95,191.83,187.32,188.36,71742569.0,TSLA,192.387,201.75220000000002,,192.387,205.03165287446964,179.74234712553036,-0.007168458781361964,-0.2617386532883904,41.474733585424545,-3.4556961889288402,-3.971636140938199,0.5159399520093588,5.885000000000007,-1108028753.0
2022-05-24,185.36,185.44,184.23,184.73,81602241.0,TSLA,191.375,201.29899999999998,,191.375,202.97608252662306,179.77391747337694,-0.019271607559991577,-0.2759661362389274,40.58190380087452,-3.8196045820496067,-3.941229829160481,0.1216252471108743,5.9592857142857225,-1189630994.0
2022-05-25,183.89,186.69,183.11,186.65,118268712.0,TSLA,190.512,201.0896,,190.512,200.6643481338863,180.3596518661137,0.010393547339360154,-0.26844085600062684,46.24533996094444,-3.9080273449556273,-3.9345893323195105,0.026561987363883155,5.7764285714285775,-1071362282.0
2022-05-26,177.59,178.86,171.42,173.78,83236249.0,TSLA,189.721,200.32420000000002,,189.721,202.3384297157395,177.1035702842605,-0.06895258505223678,-0.3188837500979852,40.17581739666872,-4.9594351809081445,-4.139558502037238,-0.8198766788709069,5.954285714285722,-1154598531.0
2022-05-27,179.94,180.51,179.11,180.35,68718085.0,TSLA,189.262,199.9504,,189.262,202.5583257291172,175.9656742708828,0.03780642191276318,-0.29313318178255054,51.475461574877706,-5.202567414991648,-4.35216028462812,-0.8504071303635286,5.796428571428578,-1085880446.0
2022-05-30,174.26,174.72,173.08,173.94,37602789.0,TSLA,188.511,199.34900000000002,,188.511,203.47169080870705,173.55030919129294,-0.03554200166343224,-0.3182566434114602,40.06451612903226,-5.845106146367726,-4.650749456976041,-1.194356689391685,5.70071428571429,-1123483235.0
2022-05-31,170.28,170.75,170.17,170.3,114853252.0,TSLA,187.11200000000002,198.7732,,187.11200000000002,203.40031625171366,170.82368374828638,-0.020926756352765197,-0.33252332052990485,36.99814700432367,-6.5722791564616045,-5.035055396873155,-1.53722375958845,5.788571428571432,-1238336487.0
2022-06-01,168.67,168.82,167.57,167.66,70327769.0,TSLA,185.6985,198.1082,,185.6985,203.59223577540615,167.80476422459384,-0.015502055196711773,-0.34287058085756816,31.42857142857143,-7.277702122700816,-5.483584742038687,-1.7941173806621293,5.672142857142861,-1308664256.0
2022-06-02,166.96,167.03,166.32,166.46,113213462.0,TSLA,184.47750000000002,197.27199999999996,,184.47750000000002,204.12886971254167,164.82613028745837,-0.007157342240247999,-0.3475738810065059,21.144674085850554,-7.843173653256287,-5.955502524282207,-1.8876711289740795,5.063571428571434,-1421877718.0
2022-06-03,165.71,166.96,162.65,164.12,97155754.0,TSLA,183.35750000000002,196.6688,,183.35750000000002,204.97379782314727,161.74120217685277,-0.014057431214706262,-0.35674531629693473,21.899012074643252,-8.38349267402478,-6.441100554230721,-1.9423921197940581,5.033571428571435,-1519033472.0
2022-06-06,165.24,165.35,164.97,165.1,101147347.0,TSLA,182.6885,196.1046,,182.6885,205.7221168743826,159.6548831256174,0.005971240555690871,-0.3529042878419689,24.169466218738307,-8.63310452592006,-6.87950134856859,-1.7536031773514704,4.9742857142857195,-1417886125.0
2022-06-07,162.92,163.15,162.59,163.06,79532508.0,TSLA,181.52849999999998,195.3148,,181.52849999999998,206.0908205444105,156.96617945558947,-0.012356147789218563,-0.3608998980951632,20.093632958801493,-8.893021452323211,-7.282205369319515,-1.6108160830036962,4.953571428571432,-1497418633.0
2022-06-08,175.26,176.47,173.82,174.88,46830357.0,TSLA,180.9155,194.6252,,180.9155,205.5000877907717,156.33091220922833,0.07248865448301234,-0.31457239162812556,33.28642901813633,-8.052409113153914,-7.4362461180863955,-0.6161629950675183,5.587142857142859,-1450588276.0
2022-06-09,173.54,173.98,173.12,173.5,38135800.0,TSLA,180.031,193.6052,,180.031,204.33039041903928,155.73160958096074,-0.007891125343092331,-0.319981186799404,36.20748299319727,-7.412129826190466,-7.43142285970721,0.019293033516744273,5.179285714285716,-1488724076.0
2022-06-10,174.68,176.14,173.75,175.23,110855841.0,TSLA,178.83599999999998,192.75420000000003,,178.83599999999998,201.47459805962637,156.1974019403736,0.009971181556195807,-0.31320059575135206,38.904850430961616,-6.688012096219779,-7.282740707009724,0.5947286107899448,5.0457142857142845,-1377868235.0
2022-06-13,163.47,163.53,163.02,163.14,107345504.0,TSLA,177.251,191.7216,,177.251,199.60883616307257,154.89316383692744,-0.06899503509673,-0.36058634475190077,34.03814875055447,-7.008911172781524,-7.227974800164085,0.21906362738256124,5.622857142857138,-1485213739.0
2022-06-14,163.61,164.09,162.83,162.87,65181205.0,TSLA,175.7555,190.7106,,175.7555,197.73792788659918,153.77307211340084,-0.0016550202280248838,-0.3616445872854117,31.979387693240355,-7.201992658147219,-7.222778371760712,0.020785713613492796,5.457142857142854,-1550394944.0
2022-06-15,156.11,159.68,156.02,158.17,98939825.0,TSLA,173.914,189.56460000000004,,173.914,195.270155183239,152.55784481676096,-0.028857370909314284,-0.38006584620208494,36.498875627054126,-7.646122110691351,-7.30744711954684,-0.3386749911445115,4.858571428571423,-1649334769.0
2022-06-16,169.06,169.23,168.97,169.13,51850919.0,TSLA,172.55749999999998,188.7234,,172.55749999999998,191.21308516623904,153.9019148337609,0.06929253335019281,-0.3371090381751194,40.98070739549839,-7.032649492477276,-7.252487594132928,0.2198381016556521,5.167857142857138,-1597483850.0
2022-06-17,170.54,170.86,169.99,170.27,39111538.0,TSLA,171.58499999999998,187.97979999999998,,171.58499999999998,188.41175000674627,154.75824999325368,0.006740377224620175,-0.33264090303362837,46.77674336904972,-6.380924227580465,-7.078174920822436,0.6972506932419709,4.772142857142855,-1558372312.0
2022-06-20,174.95,175.36,174.88,175.24,46027641.0,TSLA,170.929,187.3974,,170.929,185.9255917531481,155.9324082468519,0.02918893522053212,-0.3131614015834441,54.23961551664949,-5.401128943372669,-6.742765725332483,1.3416367819598145,4.866428571428569,-1512344671.0
2022-06-21,183.79,184.46,182.05,183.13,38385171.0,TSLA,170.849,186.9512,,170.849,185.54975672954,156.14824327045997,0.04502396713079193,-0.2822372031041779,62.17918438041254,-3.9425300290403698,-6.182718586074061,2.240188557033691,5.3299999999999965,-1473959500.0
2022-06-22,196.75,198.3,195.36,196.2,117919272.0,TSLA,171.3265,186.7272,,171.3265,188.58597279185244,154.06702720814758,0.07137006498116083,-0.23101042564866336,69.72671796232422,-1.712202902095811,-5.288615449278411,3.5764125471826,6.31785714285714,-1356040228.0
2022-06-23,183.78,184.89,182.62,182.8,78830414.0,TSLA,171.7775,186.31399999999996,,171.7775,189.76303907419893,153.79196092580108,-0.06829765545361866,-0.28353061064513585,60.805182785747355,-1.0142291940669281,-4.433738198236115,3.4195090041691865,6.979999999999996,-1434870642.0
2022-06-24,188.28,190.99,182.61,185.41,64047770.0,TSLA,172.03050000000002,185.935,,172.03050000000002,190.65479254043336,153.40620745956667,0.014277899343544842,-0.27330093282119605,61.53060065856705,-0.24762040066462987,-3.5965146387218176,3.3488942380571878,7.490714285714282,-1370822872.0
2022-06-27,187.86,189.56,187.84,188.34,22957881.0,TSLA,172.75050000000002,185.3596,,172.75050000000002,192.7483466998735,152.75265330012652,0.015802815382126134,-0.26181704162420616,64.20863309352518,0.589553103005727,-2.759301090376309,3.348854193382036,7.60785714285714,-1347864991.0
2022-06-28,195.5,195.79,195.48,195.65,31553747.0,TSLA,174.01799999999997,185.1252,,174.01799999999997,196.42966012310876,151.60633987689118,0.038812785388127935,-0.23316610488359313,62.297217288336306,1.8218736189525089,-1.8430661485105453,3.6649397674630544,7.182142857142854,-1316311244.0
2022-06-29,192.41,192.75,192.25,192.6,71481733.0,TSLA,175.26500000000001,184.6728,,175.26500000000001,198.9275767160334,151.60242328396663,-0.01558906210069011,-0.24512032609547685,61.08917789131444,2.523299964848661,-0.969792925838704,3.493092890687365,7.299285714285712,-1387792977.0
2022-06-30,191.32,191.58,190.02,190.3,54005997.0,TSLA,176.457,184.1416,,176.457,200.64796925888396,152.26603074111603,-0.01194184839044643,-0.2541349847142743,58.69189064482641,2.860619182119507,-0.20371050424706183,3.0643296863665688,7.294999999999997,-1441798974.0
2022-07-01,191.21,194.47,186.52,190.73,42059783.0,TSLA,177.7875,183.68259999999998,,177.7875,202.0484783071728,153.5265216928272,0.002259590120861743,-0.25244963549423827,68.38597894175665,3.1266029656551098,0.46235218973337244,2.6642507759217375,6.990714285714284,-1399739191.0
2022-07-04,195.12,195.25,195.08,195.22,23165650.0,TSLA,179.29350000000002,183.33399999999997,,179.29350000000002,203.9741348762505,154.61286512374954,0.023541131442353036,-0.23485145410362918,70.41009463722398,3.657540654001764,1.1013898825870507,2.556150771414713,7.223571428571428,-1376573541.0
2022-07-05,201.47,201.9,199.82,200.37,35524841.0,TSLA,181.15900000000002,183.24200000000002,,181.15900000000002,206.30897448989083,156.0090255101092,0.02638049380186458,-0.21466645763110426,76.47427854454206,4.442662311207783,1.7696443683111973,2.6730179428965863,7.211428571428572,-1341048700.0
2022-07-06,187.4,187.97,186.8,187.59,89130116.0,TSLA,181.79450000000003,182.9156,,181.79450000000003,206.91874073741596,156.6702592625841,-0.06378200329390626,-0.2647566042172922,61.32237487733073,3.9876703068967743,2.2132495560283125,1.7744207508684617,7.390714285714286,-1430178816.0
2022-07-07,182.34,185.68,182.01,184.32,44842890.0,TSLA,182.3355,182.81,,182.3355,207.17204478469492,157.49895521530507,-0.017431632816248266,-0.2775730971231478,58.398087268380145,3.3248968527283296,2.435579015368316,0.8893178373600135,7.6657142857142855,-1475021706.0
2022-07-08,186.62,186.76,184.58,184.95,93859209.0,TSLA,182.82150000000001,182.7184,,182.82150000000001,207.45216063178057,158.19083936821946,0.00341796875,-0.2751038645449555,56.12154835455806,2.8179957492889116,2.5120623621524354,0.3059333871364762,7.4764285714285705,-1381162497.0
2022-07-11,181.93,182.57,181.61,182.42,30194439.0,TSLA,183.7855,182.5876,,183.7855,206.61619814733632,160.9548018526637,-0.013679372803460432,-0.28501998902563286,49.51994590939824,2.186913736630828,2.4470326370481144,-0.26011890041728636,7.056428571428569,-1411356936.0
2022-07-12,193.21,195.05,186.32,190.88,106225227.0,TSLA,185.18599999999998,182.43959999999998,,185.18599999999998,205.95814470846761,164.41385529153234,0.04637649380550379,-0.25186172297562104,46.16383040092298,2.3424259633331133,2.426111302305114,-0.0836853389720007,6.874999999999998,-1305131709.0
2022-07-13,193.39,194.94,193.0,194.72,90148189.0,TSLA,187.01350000000002,182.41539999999998,,187.01350000000002,203.83314549973886,170.19385450026118,0.02011735121542335,-0.2368111624990199,59.96988959518232,2.743896500341066,2.4896683419123042,0.25422815842876156,6.194999999999999,-1214983520.0
2022-07-14,191.96,192.6,191.06,191.32,63433263.0,TSLA,188.123,182.4242,,188.123,202.76169292410893,173.48430707589105,-0.017460969597370646,-0.2501371795876771,54.878652798415054,2.7559443968534083,2.5429235529005254,0.2130208439528829,5.857857142857142,-1278416783.0
2022-07-15,186.24,188.72,185.09,188.49,32511334.0,TSLA,189.03400000000002,182.4636,,189.03400000000002,201.0225074792064,177.04549252079363,-0.01479197156596268,-0.2612291291055888,50.12402844385647,2.508221872504322,2.535983216821285,-0.027761344316962866,6.00642857142857,-1310928117.0
2022-07-18,194.17,195.37,193.19,193.68,31246136.0,TSLA,189.956,182.76760000000002,,189.956,200.18495456921116,179.72704543078882,0.027534617221072644,-0.24088735596143274,48.31191088260497,2.699570642629652,2.568700701982958,0.130869940646694,5.965714285714284,-1279681981.0
2022-07-19,201.76,204.62,201.33,203.38,70387437.0,TSLA,190.9685,183.11,,190.9685,202.30178637245336,179.63521362754665,0.0500826104915324,-0.20286901309085192,58.2923076923077,3.5925126062021207,2.7734630828267908,0.8190495233753299,6.504285714285713,-1209294544.0
2022-07-20,203.0,204.49,202.11,203.72,52505868.0,TSLA,191.34449999999998,183.4416,,191.34449999999998,203.84722134587778,178.84177865412218,0.0016717474677943045,-0.2015364113819862,60.64403553299491,4.278293203232408,3.0744291069079144,1.203864096324494,6.489999999999999,-1156788676.0
2022-07-21,198.74,198.79,196.13,197.66,57091073.0,TSLA,192.0875,183.571,,192.0875,204.21269582044948,179.96230417955053,-0.029746711172197182,-0.22528807713412236,55.04587155963303,4.283411412264854,3.3162255679793025,0.9671858442855519,6.464285714285714,-1213879749.0
2022-07-22,201.48,206.57,199.84,202.96,28003361.0,TSLA,192.96499999999997,183.6476,,192.96499999999997,205.58552547075308,180.34447452924687,0.026813720530203478,-0.2045151681429802,55.56994818652851,4.661399622620593,3.5852603789075608,1.076139243713032,6.777857142857142,-1185876388.0
2022-07-25,189.14,190.15,188.32,189.15,66478150.0,TSLA,193.00549999999998,183.5338,,193.00549999999998,205.56860131841955,180.4423986815804,-0.06804296413086319,-0.2586423140236731,42.82057844893781,3.8027704470004835,3.6287623925261454,0.1740080544743381,7.346428571428571,-1252354538.0
2022-07-26,184.34,184.83,183.61,184.09,103502526.0,TSLA,192.4275,183.36,,192.4275,205.53041871864446,179.32458128135556,-0.026751255617235015,-0.2784745629850277,47.514910536779325,2.6830721419192116,3.439624342404759,-0.7565522004855474,6.772857142857142,-1355857064.0
2022-07-27,188.82,191.61,188.32,191.04,96604365.0,TSLA,192.34949999999998,183.28080000000003,,192.34949999999998,205.46666027516034,179.23233972483962,0.03775327285566843,-0.25123461628909605,54.53441295546559,2.3296552687994847,3.217630527683704,-0.8879752588842194,6.911428571428571,-1259252699.0
2022-07-28,185.76,185.96,185.64,185.95,114395106.0,TSLA,192.132,183.0746,,192.132,205.5334258471581,178.7305741528419,-0.026643634840871067,-0.27118444775417405,50.63645621181263,1.6201730432065347,2.89813903078827,-1.2779659875817355,7.122857142857143,-1373647805.0
2022-07-29,191.52,191.57,191.38,191.46,119839826.0,TSLA,192.1685,183.10940000000002,,192.1685,205.55781903460968,178.7791809653903,0.029631621403603203,-0.24958846123696776,55.543291636006884,1.485391549728206,2.6155895345762574,-1.1301979848480515,7.285714285714287,-1253807979.0
2022-08-01,196.66,202.95,195.43,200.71,32822663.0,TSLA,192.44299999999998,183.3564,,192.44299999999998,206.31223456317815,178.57376543682182,0.04831296354329884,-0.21333385592223864,55.96987732296855,2.1007577123907595,2.512623170139158,-0.41186545774839844,7.204285714285713,-1220985316.0
2022-08-02,214.48,214.69,212.5,213.69,119111863.0,TSLA,193.10899999999998,183.93560000000002,,193.10899999999998,209.61045754327975,176.6075424567202,0.06467042000896805,-0.16245982597789443,60.36952006122226,3.5943835354182454,2.728975243194976,0.8654082922232695,7.912857142857141,-1101873453.0
2022-08-03,218.02,218.16,217.99,218.14,71322574.0,TSLA,194.6365,184.5654,,194.6365,214.33337367659163,174.9396263234084,0.020824558940521154,-0.14501842125891673,64.49416342412451,5.078627316588836,3.1989056578737483,1.8797216587150878,7.970714285714284,-1030550879.0
2022-08-04,227.77,229.22,226.21,228.85,109238444.0,TSLA,196.863,185.6668,,196.863,221.17600202295975,172.54999797704025,0.04909691024112961,-0.10304146742964648,70.0996015936255,7.037979255493582,3.9667203773977153,3.0712588780958665,8.317142857142857,-921312435.0
2022-08-05,237.21,237.59,237.1,237.28,118185444.0,TSLA,199.4795,186.80540000000002,,199.4795,229.08221216237524,169.87678783762476,0.03683635569150101,-0.07000078388335818,71.03434967194133,9.165357791609864,5.006447860240145,4.158909931369719,8.450000000000001,-803126991.0
2022-08-08,227.47,228.11,226.66,226.86,113308618.0,TSLA,201.7015,187.86379999999997,,201.7015,232.55750600070922,170.8454939992908,-0.043914362778152305,-0.11084110684330162,61.24952088922959,9.89643376387636,5.984445040967389,3.911988722908971,8.427142857142858,-916435609.0
2022-08-09,235.51,236.52,234.58,236.34,91799028.0,TSLA,203.9745,189.1846,,203.9745,238.0080206122312,169.9409793877688,0.04178788680243306,-0.07368503566669282,64.37004405286345,11.112673528314502,7.010090738436812,4.10258278987769,8.94714285714286,-824636581.0
2022-08-10,235.45,238.17,234.08,234.21,47770104.0,TSLA,205.949,190.5156,,205.949,242.2297740299257,169.66822597007433,-0.009012439705509023,-0.08203339343105753,66.67883544765904,11.769013246568733,7.961875240063197,3.807138006505536,8.697142857142856,-872406685.0
2022-08-11,229.88,230.18,229.14,229.75,107888478.0,TSLA,207.8705,191.78140000000002,,207.8705,244.95088464286954,170.79011535713045,-0.01904273942188639,-0.09951399231794322,62.319507035776695,11.793336236692994,8.728167439389157,3.065168797303837,8.422857142857143,-980295163.0
2022-08-12,218.28,219.3,215.6,216.94,102259839.0,TSLA,209.29299999999998,192.8378,,209.29299999999998,245.41331887718417,173.1726811228158,-0.055756256800870485,-0.14972172140785456,62.897985705003244,10.656115374406454,9.113757026392616,1.5423583480138383,8.387857142857143,-1082555002.0
2022-08-15,206.26,209.59,203.97,208.97,110633951.0,TSLA,210.05749999999998,193.7152,,210.05749999999998,245.42583902324435,174.6891609767556,-0.036738268645708505,-0.18095947323038342,61.24367317425885,9.007909680314043,9.092587557176902,-0.08467787686285888,8.918571428571429,-1193188953.0
2022-08-16,208.53,210.51,208.5,210.04,56138407.0,TSLA,210.39049999999997,194.6548,,210.39049999999997,245.61925827323006,175.1617417267699,0.005120352203665579,-0.17676569726424718,59.068346697212675,7.699282316790772,8.813926509099677,-1.114644192308905,8.525,-1137050546.0
2022-08-17,221.54,225.79,220.99,222.54,29321994.0,TSLA,211.3315,195.608,,211.3315,246.81453035477503,175.84846964522498,0.05951247381451141,-0.12777298737947818,66.31006507978961,7.583414356004255,8.567824078480593,-0.9844097224763377,9.264285714285714,-1107728552.0
2022-08-18,235.36,236.73,230.09,234.38,22495585.0,TSLA,213.16750000000002,196.82559999999998,,213.16750000000002,249.4626972319376,176.87230276806244,0.053203918396692806,-0.08136709257662478,68.1097046413502,8.350715362727016,8.524402335329878,-0.17368697260286226,9.876428571428571,-1085232967.0
2022-08-19,238.64,239.53,236.76,237.64,119472305.0,TSLA,214.9015,198.07379999999998,,214.9015,252.4358953279064,177.3671046720936,0.013909036607218983,-0.06858979383867703,66.41187450004443,9.116769252749407,8.642875718813784,0.47389353393562317,9.42357142857143,-965760662.0
2022-08-22,234.26,234.32,232.25,233.56,108420146.0,TSLA,217.12199999999999,199.4822,,217.12199999999999,253.4779418730097,180.76605812699026,-0.017168826796835512,-0.0845810143450656,59.58884277579385,9.287589032650146,8.771818381581056,0.51577065106909,8.81,-1074180808.0
2022-08-23,243.71,249.04,238.89,248.38,78526967.0,TSLA,220.33650000000003,201.1924,,220.33650000000003,255.751701181651,184.92129881834907,0.06345264600102762,-0.026495257505683267,63.265485172837344,10.497802945305665,9.117015294325979,1.380787650979686,9.596428571428572,-995653841.0
2022-08-24,244.27,247.36,241.9,246.67,67092718.0,TSLA,223.11800000000002,202.96239999999997,,223.11800000000002,257.57027582430004,188.6657241757,-0.006884612287623826,-0.033197460217919694,58.487330920175275,11.189932900288738,9.531598815518532,1.6583340847702068,9.26785714285714,-1062746559.0
2022-08-25,236.53,239.85,235.23,237.85,21034667.0,TSLA,225.71299999999997,204.3368,,225.71299999999997,255.93654543972832,195.4894545602716,-0.03575627356387068,-0.06776671631261277,50.27047546740059,10.90108961259412,9.80549697493365,1.09559263766047,9.460714285714284,-1083781226.0
2022-08-26,248.95,252.28,247.61,251.52,117574276.0,TSLA,228.71599999999998,205.9618,,228.71599999999998,256.4414239396177,200.99057606038227,0.057473197393315134,-0.014188288782629233,61.35150064444854,11.641043280496149,10.17260623604615,1.468437044449999,9.73285714285714,-966206950.0
2022-08-29,246.45,250.52,245.0,245.1,68652476.0,TSLA,230.9355,207.359,,230.9355,256.22080546842415,205.6501945315758,-0.025524809160305417,-0.03935094457944677,54.149298976885184,11.575980846168676,10.453281158070656,1.1226996880980202,9.508571428571427,-1034859426.0
2022-08-30,248.75,249.37,248.11,249.27,23958954.0,TSLA,232.7145,208.6818,,232.7145,257.8973951765603,207.53160482343972,0.01701346389228897,-0.02300697656188766,56.99814126394052,11.72573556746579,10.707772039949683,1.0179635275161072,9.521428571428572,-1010900472.0
2022-08-31,243.77,243.96,242.7,243.01,23578526.0,TSLA,233.958,209.618,,233.958,258.56010483079035,209.35589516920965,-0.025113330926304855,-0.04754252567218009,56.060329067641675,11.210064929536543,10.808230617867055,0.4018343116694876,9.62857142857143,-1034478998.0
2022-09-01,241.7,243.35,240.83,242.62,20158446.0,TSLA,234.6465,210.81440000000003,,234.6465,259.4168551809296,209.8761448190704,-0.0016048722274802918,-0.04907109822058486,63.23984326665292,10.647188333671323,10.77602216102791,-0.128833827356587,8.797857142857142,-1054637444.0
2022-09-02,249.79,250.82,248.13,248.35,32662497.0,TSLA,235.2,212.07320000000004,,235.2,260.70204615113596,209.69795384886405,0.023617179127854104,-0.02661284000940678,70.78319611568503,10.541946689233697,10.729207066669069,-0.18726037743537205,8.457142857142856,-1021974947.0
2022-09-05,240.09,240.79,239.2,239.76,39936838.0,TSLA,235.84499999999997,213.1016,,235.84499999999997,261.1103317705035,210.57966822949646,-0.034588282665592884,-0.06028063024222008,64.53158615294348,9.65411409955479,10.514188473246213,-0.8600743736914236,8.967142857142857,-1061911785.0
2022-09-06,239.89,244.46,238.53,240.74,104309420.0,TSLA,236.065,214.0034,,236.065,261.42492985213465,210.7050701478653,0.004087420754087523,-0.056439601787254046,60.02865329512895,8.926677009640514,10.196686180525074,-1.2700091708845598,8.265714285714285,-957602365.0
2022-09-07,249.06,252.67,243.77,250.95,36273669.0,TSLA,236.902,215.1704,,236.902,263.09544843758755,210.70855156241245,0.04241089972584522,-0.016422356353374745,59.29749747503085,9.06949208723313,9.971247361866686,-0.9017552746335564,8.104285714285712,-921328696.0
2022-09-08,274.44,274.45,272.65,272.83,83184851.0,TSLA,239.05599999999998,216.821,,239.05599999999998,269.5116114611676,208.6003885388324,0.08718868300458249,0.06933448302892509,66.33249791144527,10.823441312273104,10.14168615194797,0.6817551603251335,9.414999999999997,-838143845.0
2022-09-09,282.21,282.68,281.96,282.48,53998006.0,TSLA,242.333,218.65599999999998,,242.333,276.63072746806404,208.03527253193596,0.03537001062932976,0.10715685505996708,71.58870255957635,12.844074564799882,10.682163834518352,2.16191073028153,9.733571428571429,-784145839.0
2022-09-12,297.58,297.68,297.52,297.59,44348450.0,TSLA,246.76399999999998,220.7034,,246.76399999999998,285.5214321022148,208.00656789778517,0.05349051260266191,0.16637924276867588,71.66123778501627,15.486176690685,11.642966405751682,3.843210284933317,9.713571428571429,-739797389.0
2022-09-13,294.57,294.93,292.91,294.55,65953647.0,TSLA,250.9895,222.58700000000002,,250.9895,291.2855379272139,210.69346207278605,-0.010215397022749317,0.15446421572470004,70.83188304907763,17.137211955231038,12.741815515647554,4.395396439583484,9.584999999999997,-805751036.0
2022-09-14,290.12,291.26,288.98,290.76,28804825.0,TSLA,254.40050000000002,224.65040000000002,,254.40050000000002,296.082329677487,212.71867032251305,-0.012867085384484889,0.13960962608763805,74.07407407407408,17.93312605759354,13.780077624036752,4.153048433556789,9.165714285714284,-834555861.0
2022-09-15,309.87,310.16,308.75,309.85,108683935.0,TSLA,258.174,227.16099999999997,,258.174,305.5061332489314,210.84186675106852,0.06565552345577119,0.21443129262365757,75.29268927239615,19.875188376451973,14.999099774519797,4.876088601932176,9.520714285714286,-725871926.0
2022-09-16,324.45,328.19,322.43,326.58,57496938.0,TSLA,262.621,229.99359999999996,,262.621,317.87884722552855,207.36315277447144,0.05399386800064532,0.2800031355334325,82.43114153797165,22.504836194629377,16.500247058541714,6.004589136087663,10.364999999999997,-668374988.0
2022-09-19,332.2,336.08,332.2,333.99,114610845.0,TSLA,267.64250000000004,233.025,,267.64250000000004,329.6246267531371,205.660373246863,0.022689693183906012,0.3090460139531237,82.87288530187801,24.899747320613073,18.180147110955986,6.719600209657088,10.738571428571424,-553764143.0
2022-09-20,318.51,321.47,318.3,319.86,114651131.0,TSLA,271.2165,235.6046,,271.2165,336.66817450714535,205.76482549285464,-0.042306655887900835,0.2536646546993806,78.10283039567031,25.365164899995023,19.617150668763795,5.7480142312312275,11.389999999999995,-668415274.0
2022-09-21,316.93,318.31,316.86,317.33,58706161.0,TSLA,274.7495,238.0568,,274.7495,342.2194316967026,207.27956830329742,-0.007909710498343103,0.24374853021870324,76.89925829912868,25.238923232559273,20.741505181522893,4.49741805103638,11.42428571428571,-727121435.0
2022-09-22,320.93,324.16,317.89,319.54,93493993.0,TSLA,278.834,240.6212,,278.834,346.7873330269641,210.8806669730359,0.006964358869316012,0.2524104413263306,76.29848540820096,25.02868918277278,21.59894198177287,3.429747200999909,11.32642857142857,-633627442.0
2022-09-23,315.27,315.39,315.23,315.3,51541277.0,TSLA,282.023,243.15739999999997,,282.023,350.5629362953324,213.48306370466764,-0.013269074294298133,0.23579211413341672,78.83206106870229,24.240515050515228,22.12725659552134,2.113258454993886,10.980714285714285,-685168719.0
2022-09-26,321.1,323.16,320.75,322.31,77470382.0,TSLA,285.88349999999997,245.72999999999996,,285.88349999999997,354.36453672204516,217.40246327795478,0.022232794164287917,0.2632672258367952,79.76355542581915,23.90595679817085,22.482996636051244,1.4229601621196046,11.118571428571428,-607698337.0
2022-09-27,316.09,324.96,314.62,320.48,81819118.0,TSLA,289.444,248.072,,289.444,357.3117895540082,221.57621044599182,-0.005677763643696987,0.25609469310966504,77.02293043140304,23.22542304720963,22.631481918282923,0.5939411289267085,11.004999999999999,-689517455.0
2022-09-28,324.06,326.73,318.43,320.87,34745207.0,TSLA,293.337,250.415,,293.337,358.8825538176536,227.79144618234636,0.0012169246130804279,0.2576232656580699,72.41508025382606,22.4586752588815,22.59692058640264,-0.13824532752114038,9.919285714285715,-654772248.0
2022-09-29,319.27,319.62,318.51,318.64,106205656.0,TSLA,297.13800000000003,252.83460000000002,,297.13800000000003,359.01413930051393,235.26186069948614,-0.006949855081497258,0.24888296621462702,68.12713053940243,21.424115877611484,22.36235964464441,-0.938243767032926,9.384285714285713,-760977904.0
2022-09-30,314.46,316.65,313.55,316.36,83955484.0,TSLA,300.5385,255.1026,,300.5385,358.4750665007384,242.6019334992616,-0.007155410494601999,0.2399466959316452,60.79852721205847,20.187533845247685,21.927394484765067,-1.7398606395173815,8.662142857142856,-844933388.0
2022-10-03,322.37,322.71,318.01,319.65,107370152.0,TSLA,304.533,257.7126,,304.533,355.4119482264651,253.65405177353497,0.010399544822354168,0.25284157717331635,64.39880679210646,19.251094545301783,21.39213449687241,-2.141039951570626,8.781428571428572,-737563236.0
2022-10-04,323.46,328.07,316.22,319.35,93824077.0,TSLA,308.46349999999995,260.4178,,308.46349999999995,349.8530233502104,267.07397664978953,-0.000938526513373894,0.2516657521360821,67.08497669415564,18.27409971434355,20.768527540366637,-2.494427826023088,9.229999999999999,-831387313.0
2022-10-05,296.16,296.61,296.03,296.09,103077869.0,TSLA,310.7205,262.5188,,310.7205,342.77509124680444,278.6659087531956,-0.0728354470017224,0.1605001175825036,42.16757741347902,15.44489749961167,19.703801532215646,-4.258904032603976,9.51,-934465182.0
2022-10-06,308.55,309.32,304.22,306.5,94702085.0,TSLA,312.404,264.9298,,312.404,339.1820313729413,285.6259686270587,0.03515822891688347,0.2013012463745394,37.684003925417095,13.88270320032467,18.53958186583745,-4.656878665512782,9.145000000000001,-839763097.0
2022-10-07,289.27,290.93,285.17,287.43,99641141.0,TSLA,312.65150000000006,266.8492,223.61790000000002,312.65150000000006,338.3340923228314,286.9689076771687,-0.06221859706362154,0.12655796817433562,25.01609787508049,10.979300792617607,17.027525651193486,-6.048224858575878,9.99,-939404238.0
2022-10-10,280.98,281.16,280.55,281.15,82175782.0,TSLA,311.8295,268.45799999999997,223.74795000000003,311.8295,340.428583146874,283.230416853126,-0.02184879796820105,0.10194403072822755,27.317473338802287,8.07846641857219,15.237713804669228,-7.159247386097038,9.360714285714286,-1021580020.0
2022-10-11,281.35,281.59,279.49,280.33,54245377.0,TSLA,311.1185,269.7908,223.81879999999998,311.1185,342.13152902770696,280.105470972293,-0.002916592566245768,0.09873010895978673,27.876106194690266,5.648257533852018,13.319822550505787,-7.671565016653769,9.296428571428569,-1075825397.0
2022-10-12,271.08,272.95,268.51,270.93,113637907.0,TSLA,310.127,270.8466,223.80419999999998,310.127,344.91832807860885,275.33567192139117,-0.033531908821745726,0.06188759112644049,23.235326505891393,2.930022566805178,11.241862553765667,-8.31183998696049,9.652857142857139,-1189463304.0
2022-10-13,268.71,270.02,268.09,269.9,73271814.0,TSLA,308.1295,271.6676,223.82264999999998,308.1295,347.29959626044274,268.9594037395573,-0.003801720001476494,0.057850591831935416,24.086757990867554,0.6847954835997712,9.130449139732487,-8.445653656132716,9.54785714285714,-1262735118.0
2022-10-14,276.71,279.06,275.61,278.76,110808224.0,TSLA,305.73850000000004,272.49719999999996,223.86605,305.73850000000004,345.9895988539083,265.48740114609177,0.032826972952945566,0.09257662459825977,25.656791503633315,-0.37530887485007725,7.2292975368159755,-7.604606411666053,9.640714285714283,-1151926894.0
2022-10-17,289.62,289.7,289.57,289.59,28848274.0,TSLA,303.5185,273.7518,223.9718,303.5185,342.0706542984613,264.9663457015387,0.03885062419285412,0.13502390844242385,34.31183341797865,-0.33766631950618375,5.715904765551544,-6.053571085057728,9.683571428571428,-1123078620.0
2022-10-18,277.42,280.57,273.68,273.86,69858186.0,TSLA,301.2185,274.5022,224.0022,301.2185,341.13039732925256,261.30660267074745,-0.05431817397009553,0.07337148232343038,29.343527550751375,-1.5591410545558233,4.260895601530071,-5.820036656085894,10.227142857142853,-1192936806.0
2022-10-19,274.47,277.07,274.06,275.58,27508261.0,TSLA,299.131,275.32959999999997,224.06755,299.131,339.85382944362397,258.408170556376,0.006280581318921952,0.08011287920357457,30.993997175141217,-2.361160963161069,2.936484288591843,-5.297645251752912,10.287857142857137,-1165428545.0
2022-10-20,279.33,281.8,277.71,280.51,97355767.0,TSLA,297.1795,276.3448,224.16175000000004,297.1795,337.5232970057587,256.83570299424133,0.017889542056753083,0.09943560398212758,34.53808332614507,-2.569339968898362,1.835319437093802,-4.404659405992164,10.368571428571427,-1068072778.0
2022-10-21,258.26,262.62,257.09,260.82,49043762.0,TSLA,294.4555,277.2224,224.11810000000003,294.4555,336.9475091435131,251.96349085648686,-0.07019357598659581,0.022262287371639156,27.77148038993427,-4.273875201668034,0.6134805093414348,-4.8873557110094685,11.587857142857144,-1117116540.0
2022-10-24,258.11,258.26,257.74,257.96,113019820.0,TSLA,291.238,278.20219999999995,224.1007,291.238,334.5859525892976,247.89004741070238,-0.010965416762518276,0.01105275535000394,27.244421380383997,-5.788780296269124,-0.6669716517806769,-5.121808644488447,10.961428571428574,-1230136360.0
2022-10-25,257.24,262.63,256.08,259.71,106846721.0,TSLA,288.1995,279.1956,224.09115000000003,288.1995,331.4362638279692,244.96273617203082,0.006783997518995166,0.01791173473387153,33.9566061033692,-6.770101606326705,-1.8875976426898826,-4.882503963636822,9.763571428571428,-1123289639.0
2022-10-26,254.13,254.72,251.11,252.72,28594490.0,TSLA,284.79200000000003,279.7992,223.97485,284.79200000000003,327.92934862408214,241.65465137591792,-0.026914635555042143,-0.009484988633691405,25.54565296471442,-8.019397771114598,-3.113957668374826,-4.905440102739772,9.43285714285714,-1151884129.0
2022-10-27,256.19,256.78,245.35,253.4,26563478.0,TSLA,281.53,280.1796,223.8845,281.53,323.7472431721027,239.31275682789726,0.0026907249129470845,-0.00681978521596005,31.418586873430158,-8.852556899981266,-4.261677514696114,-4.590879385285152,8.72571428571428,-1125320651.0
2022-10-28,255.04,256.35,254.29,255.49,54576555.0,TSLA,278.4865,280.5366,223.8231,278.4865,318.8678376775882,238.1051623224117,0.008247829518547745,0.001371795876773385,35.317006179903885,-9.237709415190409,-5.2568838947949725,-3.9808255203954364,8.444999999999997,-1070744096.0
2022-10-31,259.46,260.74,259.09,259.92,24307569.0,TSLA,275.5,281.06379999999996,223.74544999999998,275.5,311.6793677754521,239.3206322245479,0.01733923049825825,0.018734812259935563,38.78448181118805,-9.080803728642707,-6.021667861564519,-3.0591358670781874,8.67,-1046436527.0
2022-11-01,255.17,256.92,254.42,256.73,81865433.0,TSLA,272.369,281.23080000000004,223.64800000000002,272.369,302.98005331841773,241.7579466815823,-0.012273007079101284,0.006231872697342489,41.62538334512857,-9.10885991463931,-6.639106272179477,-2.4697536424598336,8.218571428571432,-1128301960.0
2022-11-02,244.07,246.24,242.23,243.98,42352649.0,TSLA,269.76349999999996,281.177,223.49149999999997,269.76349999999996,300.7419327523091,238.78506724769085,-0.04966307015152116,-0.043740691385122155,36.5699481865285,-10.044130602646419,-7.320111138272866,-2.724019464373553,9.051428571428573,-1170654609.0
2022-11-03,246.22,247.4,246.06,246.84,53326720.0,TSLA,266.78049999999996,281.3568,223.27095,266.78049999999996,294.14298409390767,239.41801590609228,0.011722272317403082,-0.03253115936348694,32.3646408839779,-10.434281362735874,-7.9429451831654685,-2.491336179570405,8.641428571428573,-1117327889.0
2022-11-04,244.56,246.26,243.94,244.55,105480626.0,TSLA,264.63649999999996,281.2174,223.10684999999998,264.63649999999996,291.9059541083665,237.36704589163344,-0.009277264624858228,-0.04150662381437664,22.523182040019535,-10.803723908529719,-8.515100928238319,-2.2886229802914,8.067142857142859,-1222808515.0
2022-11-07,242.6,243.06,241.8,241.99,75226292.0,TSLA,262.6785,281.1552,222.93640000000002,262.6785,290.5719168992557,234.78508310074426,-0.0104682069106522,-0.05154033079877729,26.835295827881964,-11.174270359980369,-9.046934814586729,-2.12733554539364,7.127142857142862,-1298034807.0
2022-11-08,253.67,254.4,251.79,253.21,94322054.0,TSLA,261.3225,281.23400000000004,222.845,261.3225,288.2219430582123,234.42305694178768,0.046365552295549506,-0.0075644744062084435,35.713373355473266,-10.442199683937702,-9.325987788456924,-1.1162118954807774,7.78428571428572,-1203712753.0
2022-11-09,247.21,249.29,246.3,248.01,27069360.0,TSLA,260.1765,281.334,222.80324999999996,260.1765,287.3044908077075,233.04850919229247,-0.020536313731685185,-0.0279454417182724,29.315173116089625,-10.164455425682775,-9.493681315902094,-0.6707741097806803,7.833571428571432,-1230782113.0
2022-11-10,258.74,259.99,255.19,257.16,70751820.0,TSLA,259.5395,281.6248,222.8461,259.5395,286.3019831473171,232.77701685268283,0.03689367364219209,0.00791722191737887,47.30961481917086,-9.101100745560728,-9.415165201833823,0.3140644562730941,7.016428571428575,-1160030293.0
2022-11-11,255.3,262.05,249.91,252.67,103452091.0,TSLA,258.235,281.71119999999996,222.8678,258.235,283.5574381465159,232.9125618534841,-0.017459947114636942,-0.009680959473230333,46.20244077530511,-8.522448494803427,-9.236621860427743,0.7141733656243154,7.6635714285714345,-1263482384.0
2022-11-14,254.66,255.59,252.77,253.14,56290837.0,TSLA,256.4125,281.97880000000004,222.95809999999997,256.4125,277.0457168321381,235.77928316786193,0.0018601337713222144,-0.00783883358156312,45.19526107942081,-7.934473671619742,-8.976192222666143,1.0417185510464009,7.40428571428572,-1207191547.0
2022-11-15,240.17,241.94,238.84,239.82,70948866.0,TSLA,254.7105,281.9604,222.98680000000002,254.7105,274.89478515871565,234.52621484128434,-0.05261910405309311,-0.060045465234773054,41.36546184738957,-8.445952386542814,-8.870144255441478,0.42419186889866367,7.8114285714285785,-1278140413.0
2022-11-16,244.8,245.1,244.63,244.97,110686322.0,TSLA,253.18,281.8408,223.05184999999997,253.18,271.23062005058165,235.12937994941836,0.021474439162705306,-0.03986046876224825,44.676013641530886,-8.339607192974995,-8.764036842948181,0.42442964997318633,7.372142857142866,-1167454091.0
2022-11-17,248.47,249.89,246.57,246.79,26844436.0,TSLA,251.494,281.32,223.0855,251.494,264.34717474605293,238.64082525394707,0.00742948116095854,-0.032727130203025756,44.48669201520912,-8.016064865330947,-8.614442447424736,0.5983775820937893,7.51285714285715,-1140609655.0
2022-11-18,233.87,234.02,232.23,233.46,53372439.0,TSLA,250.12600000000003,280.3396,223.03904999999997,250.12600000000003,264.53025288074946,235.7217471192506,-0.0540135337736537,-0.08497295602414356,34.93166287015947,-8.734587943497843,-8.638471546639357,-0.09611639685848594,8.17785714285715,-1193982094.0
2022-11-21,227.31,228.45,226.78,228.33,34709039.0,TSLA,248.64450000000002,278.9544,222.96845000000002,248.64450000000002,265.53634851683626,231.7526514831638,-0.021973785659213596,-0.10507956416085285,34.176509917539576,-9.607224680597255,-8.832222173430937,-0.7750025071663185,8.262142857142862,-1228691133.0
2022-11-22,224.09,224.67,222.34,222.84,64566816.0,TSLA,246.80100000000002,277.5202,222.87314999999998,246.80100000000002,266.4333909582303,227.16860904176974,-0.02404414662987786,-0.1265971623422435,37.18477206595541,-10.619379107890552,-9.18965356032286,-1.429725547567692,7.654285714285718,-1293257949.0
2022-11-23,214.27,217.66,214.12,216.21,33325493.0,TSLA,244.9755,276.0292,222.76330000000002,244.9755,268.6617024905011,221.2892975094989,-0.0297522886375875,-0.15258289566512506,32.24347826086958,-11.820247914369475,-9.715772431132184,-2.104475483237291,8.032857142857145,-1326583442.0
2022-11-24,218.04,218.7,217.82,218.49,54055106.0,TSLA,243.23000000000002,274.202,222.68475,243.23000000000002,269.3249521232702,217.13504787672983,0.01054530317746627,-0.14364662538214323,34.891001855287584,-12.444515521560959,-10.261521049217938,-2.1829944723430206,8.00357142857143,-1272528336.0
2022-11-25,211.32,212.41,211.01,212.12,99510860.0,TSLA,241.06150000000002,271.9128,222.57209999999998,241.06150000000002,269.927698243839,212.19530175616103,-0.0291546523868369,-0.16861331033942162,33.41476957245976,-13.299944381650477,-10.869205715704446,-2.4307386659460306,8.341428571428574,-1372039196.0
2022-11-28,213.16,216.32,212.92,214.02,100225350.0,TSLA,238.7665,269.5134,222.50885000000002,238.7665,268.6019499670582,208.9310500329418,0.00895719404110884,-0.1611664184369367,25.72773442338662,-13.66701890871036,-11.42876835430563,-2.238250554404731,7.755000000000002,-1271813846.0
2022-11-29,217.3,218.68,216.88,217.64,95836739.0,TSLA,236.81199999999998,267.469,222.52045,236.81199999999998,266.8136565156694,206.8103434843306,0.016914307074105128,-0.14697812965430768,30.814908401768804,-13.510088479384507,-11.845032379321406,-1.6650561000631008,7.594285714285716,-1175977107.0
2022-11-30,226.2,229.32,226.08,227.36,72153814.0,TSLA,235.98100000000005,265.6696,222.5941,235.98100000000005,266.067265374927,205.8947346250731,0.04466090792133803,-0.10888139844791112,31.3095835423984,-12.457791550660431,-11.967584213589213,-0.4902073370712188,7.572857142857144,-1103823293.0
2022-12-01,223.57,223.7,223.44,223.49,61249627.0,TSLA,234.81350000000003,263.7486,222.63135,234.81350000000003,264.937688759551,204.68931124044906,-0.01702146375791702,-0.12404954142823565,31.5549936788875,-11.800091204216642,-11.9340856117147,0.1339944074980579,6.985714285714287,-1165072920.0
2022-12-02,226.88,228.5,225.12,227.6,114871582.0,TSLA,233.96599999999998,261.9946,222.71949999999998,233.96599999999998,263.88989321701246,204.04210678298747,0.01839008456754221,-0.10794073841812357,34.56611070824269,-10.822461688293856,-11.711760827030531,0.8892991387366749,7.134999999999999,-1050201338.0
2022-12-05,238.43,238.87,238.06,238.84,73326281.0,TSLA,233.8085,260.3252,222.96275000000003,233.8085,263.5873772012719,204.02962279872813,0.049384885764499176,-0.06388649368973909,49.39251177783289,-9.036541563986333,-11.17671697442169,2.140175410435358,6.91857142857143,-976875057.0
2022-12-06,231.98,236.29,229.95,233.0,81879278.0,TSLA,232.798,258.57559999999995,223.16005,232.798,261.1418493095808,204.4541506904192,-0.024451515659018597,-0.08677588774790324,42.642901044867855,-8.000204810594568,-10.541414541656268,2.5412097310617003,7.176428571428573,-1058754335.0
2022-12-07,237.94,237.98,237.85,237.93,102735843.0,TSLA,232.294,256.9168,223.38205000000002,232.294,259.8463527699162,204.7416472300838,0.021158798283261726,-0.06745316296935033,44.75491356855317,-6.703813282317867,-9.773894289788588,3.070081007470721,7.180714285714288,-956018492.0
2022-12-08,237.96,239.01,235.6,236.58,49380427.0,TSLA,231.26500000000001,255.27559999999997,223.61050000000003,231.26500000000001,256.33228923265744,206.19771076734258,-0.005673937712772692,-0.07274437563690539,52.152317880794705,-5.71941748914017,-8.962998929658905,3.243581440518735,6.384285714285716,-1005398919.0
2022-12-09,234.74,236.05,234.56,235.13,119247976.0,TSLA,230.388,253.651,223.8368,230.388,253.44917411536045,207.32682588463956,-0.006129004987742048,-0.07842752998353864,54.94186046511627,-4.998658192614755,-8.170130782250075,3.1714725896353197,6.051428571428573,-1124646895.0
2022-12-12,234.75,237.35,233.36,233.4,75624357.0,TSLA,229.40099999999998,251.92600000000002,224.03940000000003,229.40099999999998,249.91066180531624,208.89133819468373,-0.0073576319482838715,-0.08520812103159059,58.11808118081181,-4.515001670349932,-7.439104959870047,2.924103289520115,5.908571428571428,-1200271252.0
2022-12-13,227.42,227.78,226.66,226.8,38980102.0,TSLA,228.75,250.075,224.16879999999998,228.75,248.68570296306626,208.81429703693374,-0.028277634961439535,-0.11107627185074864,58.144900784494695,-4.611111213642744,-6.873506210624587,2.2623949969818433,5.767142857142858,-1239251354.0
2022-12-14,230.94,232.78,229.05,232.26,64514421.0,TSLA,228.1145,248.79840000000002,224.33720000000002,228.1145,246.63309773593278,209.5959022640672,0.024074074074073915,-0.08967625617308161,60.09678838539374,-4.198306881879091,-6.338466344875488,2.1401594629963965,6.016428571428572,-1174736933.0
2022-12-15,234.67,235.43,231.27,232.06,82266160.0,TSLA,227.378,247.3096,224.5085,227.378,243.8250552155452,210.93094478445477,-0.0008611039352449668,-0.09046013953123788,66.07545952918414,-3.8429951475129087,-5.839372105402973,1.9963769578900639,5.779285714285714,-1257003093.0
2022-12-16,243.23,243.39,241.99,242.6,112586925.0,TSLA,227.83499999999998,246.41299999999998,224.6688,227.83499999999998,245.4594047305234,210.21059526947656,0.04541928811514251,-0.04914948655640061,70.2236060005661,-2.6800244707586387,-5.207502578474106,2.527478107715467,6.288571428571428,-1144416168.0
2022-12-19,229.95,230.02,229.89,229.97,30380402.0,TSLA,227.917,245.38940000000002,224.73899999999998,227.917,245.56634482159643,210.26765517840357,-0.05206100577081618,-0.09865172062397132,57.738169951048086,-2.745844886740258,-4.715171040127336,1.9693261533870778,6.863571428571428,-1174796570.0
2022-12-20,234.0,234.43,232.84,233.43,39733472.0,TSLA,228.44649999999996,244.4514,224.86919999999998,228.44649999999996,246.08993835090357,210.80306164909635,0.015045440709657854,-0.08509053852786719,54.13431412614086,-2.4901105130877568,-4.27015893471942,1.7800484216316637,6.347857142857143,-1135063098.0
2022-12-21,223.9,224.46,223.62,223.89,89615458.0,TSLA,228.83049999999997,243.5106,225.00304999999997,228.83049999999997,245.66850522627394,211.992494773726,-0.040868782932785064,-0.12248177471192301,50.25290844714212,-3.0223971375698397,-4.020606575289505,0.9982094377196651,6.768571428571428,-1224678556.0
2022-12-22,227.21,228.62,225.02,227.58,31673602.0,TSLA,229.285,242.66420000000002,225.0807,229.285,245.42399429463103,213.14600570536896,0.016481307785073174,-0.10801912675393899,49.987287058225284,-3.110628571137653,-3.8386109744591344,0.7279824033214815,6.74857142857143,-1193004954.0
2022-12-23,235.33,237.52,232.82,237.17,95110757.0,TSLA,230.5375,241.8324,225.27134999999998,230.5375,244.85259894813026,216.22240105186972,0.04213902803409786,-0.07043191973034413,48.915725230489535,-2.3792927590197053,-3.5467473313712485,1.1674545723515433,6.653571428571429,-1097894197.0
2022-12-26,229.36,231.19,228.82,230.22,47445276.0,TSLA,231.3475,240.645,225.40239999999997,231.3475,243.3784318447347,219.3165681552653,-0.02930387485769692,-0.09767186642627568,48.22068612391193,-2.333610367656405,-3.30411993862828,0.970509570971875,6.614999999999999,-1145339473.0
2022-12-27,235.03,235.55,235.02,235.25,44479973.0,TSLA,232.228,239.87279999999998,225.5832,232.228,242.48120612245216,221.97479387754785,0.021848666492919833,-0.07795719996864459,48.28688315008949,-1.8699719086947653,-3.0172903326415774,1.1473184239468122,6.640000000000001,-1100859500.0
2022-12-28,225.31,227.83,222.26,223.64,74278734.0,TSLA,232.042,238.83399999999997,225.69684999999998,232.042,242.79005754788506,221.29394245211495,-0.04935175345377263,-0.1234616289096182,42.68761301989149,-2.411566028782431,-2.8961454718697484,0.48457944308731715,7.324285714285716,-1175138234.0
2022-12-29,212.97,213.05,212.67,213.04,102151956.0,TSLA,231.51949999999997,237.4846,225.7207,231.51949999999997,244.74788013713888,218.29111986286105,-0.0473976032910034,-0.1650074468919024,38.68687903308409,-3.653993717981848,-3.0477151210921685,-0.6062785968896796,7.963571428571429,-1277290190.0
2022-12-30,210.78,212.25,208.73,211.44,106369034.0,TSLA,230.71150000000003,236.497,225.80650000000003,230.71150000000003,246.64537160142035,214.7776283985797,-0.007510326699211367,-0.17127851375715275,38.738461538461536,-4.713400098773604,-3.380852116628456,-1.3325479821451482,7.986428571428574,-1383659224.0
2023-01-02,202.77,203.33,202.48,202.93,73260465.0,TSLA,228.916,235.3964,225.8546,228.916,248.63631856260326,209.19568143739673,-0.04024782444192199,-0.2046327506467035,37.994165576903725,-6.168565780604467,-3.938394849423659,-2.2301709311808082,8.145000000000001,-1456919689.0
2023-01-03,211.78,212.79,209.26,209.49,22841154.0,TSLA,227.74050000000003,234.392,225.8893,227.74050000000003,249.16496459442868,206.31603540557137,0.03232641797664226,-0.1789213764991766,38.672768878718536,-6.715050964026318,-4.493726072344192,-2.2213248916821264,8.422142857142859,-1434078535.0
2023-01-04,206.36,209.45,205.21,207.62,76594620.0,TSLA,226.225,233.49,225.88060000000002,226.225,248.86804377902814,203.58195622097185,-0.008926440402883262,-0.18625068589793814,38.04071246819338,-7.215857863128633,-5.03815243050108,-2.177705432627553,8.430714285714288,-1510673155.0
2023-01-05,202.75,205.84,202.66,204.95,28417891.0,TSLA,224.6435,232.52100000000002,225.78285,224.6435,248.62040579659916,200.66659420340082,-0.012860032752143424,-0.19671552872932485,30.03923231894815,-7.738987395324102,-5.578319423465685,-2.160667971858417,7.9757142857142895,-1539091046.0
2023-01-06,202.14,202.27,201.15,201.81,99764835.0,TSLA,222.97750000000002,231.44740000000002,225.70300000000003,222.97750000000002,248.4689969311244,197.48600306887565,-0.015320809953647152,-0.20902249745237877,33.40014147606696,-8.311137457353936,-6.1248830302433355,-2.186254427110601,7.339285714285716,-1638855881.0
2023-01-09,209.76,210.51,209.44,209.84,49651857.0,TSLA,221.7995,230.44580000000002,225.67835,221.7995,247.44009156473436,196.15890843526563,0.0397899013923988,-0.1775495806224031,36.80501174628034,-8.024119557720837,-6.504730335738836,-1.519389221982001,7.642142857142858,-1589204024.0
2023-01-10,211.27,211.29,211.15,211.23,107609225.0,TSLA,221.02100000000002,229.5358,225.66740000000001,221.02100000000002,246.96599355417868,195.07600644582135,0.006624094548227211,-0.17210159128321678,42.2082717872969,-7.596921835128285,-6.723168635616727,-0.8737531995115582,7.045,-1481594799.0
2023-01-11,209.1,210.5,208.43,209.73,108192790.0,TSLA,219.89449999999997,228.8508,225.6387,219.89449999999997,245.7410890857668,194.04791091423314,-0.007101264024996445,-0.17798071646938907,38.70967741935481,-7.295306276571409,-6.837596163807664,-0.4577101127637455,6.907142857142854,-1589787589.0
2023-01-12,220.45,220.46,220.43,220.45,56452080.0,TSLA,219.31400000000002,228.32299999999998,225.685,219.31400000000002,244.523809619525,194.10419038047505,0.05111333619415448,-0.13596456847221094,39.57345971563981,-6.120703701900652,-6.694217671426262,0.5735139695256102,6.963571428571427,-1533335509.0
2023-01-13,237.58,247.8,228.05,232.57,62511005.0,TSLA,218.8125,228.0834,225.81060000000002,218.8125,242.42000360194515,195.20499639805485,0.054978453163982755,-0.08846123696793873,51.3766842413591,-4.163841813461744,-6.188142499833359,2.024300686371615,8.320714285714287,-1470824504.0
2023-01-16,229.29,229.42,226.66,228.06,21661542.0,TSLA,218.71699999999996,227.8048,225.9291,218.71699999999996,242.14926125171198,195.28473874828794,-0.019392011007438592,-0.10613780669436346,45.762112460214546,-2.943008803277877,-5.539115760522263,2.596106957244386,8.362142857142857,-1492486046.0
2023-01-17,216.98,221.98,212.79,221.3,27868871.0,TSLA,218.1105,227.1666,226.00839999999997,218.1105,240.5460417984398,195.6749582015602,-0.029641322459001973,-0.1326330642000466,48.53713428357091,-2.492236401529482,-4.929739888723707,2.437503487194225,8.525,-1520354917.0
2023-01-18,205.37,209.2,204.71,206.2,63553593.0,TSLA,217.22599999999997,226.33039999999997,226.00240000000002,217.22599999999997,240.0928451325463,194.35915486745364,-0.06823316764572984,-0.19181625774084787,45.95170454545454,-3.315223991025448,-4.606836709184055,1.291612718158607,8.926428571428572,-1583908510.0
2023-01-19,190.08,191.02,189.18,190.92,88052866.0,TSLA,215.39299999999997,225.0056,225.93970000000002,215.39299999999997,240.5298566472687,190.25614335273124,-0.07410281280310382,-0.25170494630398976,39.54767726161368,-5.141151886031963,-4.713699744553637,-0.42745214147832655,9.834285714285713,-1671961376.0
2023-01-20,191.93,191.97,191.81,191.87,45178768.0,TSLA,213.128,223.78959999999998,225.87725000000003,213.128,238.16620962155068,188.0897903784493,0.004975906138696917,-0.24798150035274724,43.8962472406181,-6.437350072877166,-5.0584298102183425,-1.3789202626588235,9.269285714285713,-1626782608.0
2023-01-23,204.5,209.08,201.32,201.39,97868486.0,TSLA,211.68650000000002,222.75459999999998,225.79865,211.68650000000002,235.88705438686617,187.48594561313388,0.049616928128420223,-0.21066865250450706,45.671227020094044,-6.620099648634778,-5.3707637779016295,-1.2493358707331481,9.794285714285715,-1528914122.0
2023-01-24,209.37,209.43,209.33,209.37,107176987.0,TSLA,210.3925,222.1456,225.80864999999997,210.3925,231.9065413145532,188.87845868544682,0.039624608967674835,-0.17939170651407033,50.877897060298984,-6.051255588061565,-5.506862139933617,-0.5443934481279484,10.062857142857144,-1421737135.0
2023-01-25,222.8,223.83,219.1,220.62,48906579.0,TSLA,210.2415,221.65859999999998,225.83565,210.2415,231.40356066476133,189.07943933523867,0.05373262645078092,-0.13529826761777808,57.23787528868361,-4.63918396695081,-5.333326505337055,0.6941425383862452,10.741428571428573,-1372830556.0
2023-01-26,222.42,222.95,218.8,219.82,108478092.0,TSLA,210.58049999999997,221.1192,225.85045,210.58049999999997,232.14471741291968,189.01628258708027,-0.003626144501858497,-0.13843380105040337,58.50250212444527,-3.54380951773922,-4.975423107817489,1.4316135900782694,10.766428571428573,-1481308648.0
2023-01-27,214.22,214.23,212.79,213.37,95093853.0,TSLA,210.677,220.71739999999997,225.8489,210.677,232.27465981475248,189.0793401852475,-0.02934218906377939,-0.1637140393509442,51.691747340170615,-3.1597547838242974,-4.612289443018851,1.4525346591945532,10.647142857142859,-1576402501.0
2023-01-30,212.21,214.1,209.85,213.58,41368342.0,TSLA,211.2095,220.42239999999998,225.85355000000004,211.2095,232.52625938144453,189.89274061855545,0.0009842058396214437,-0.16289096182487994,51.139117789626766,-2.8060964619955087,-4.2510508468141825,1.4449543848186739,10.84714285714286,-1535034159.0
2023-01-31,212.17,213.06,211.51,212.82,54017435.0,TSLA,211.37600000000003,220.22199999999998,225.89280000000002,211.37600000000003,232.68822866164882,190.06377133835124,-0.0035583856166309102,-0.16586971858587407,51.508641734205646,-2.5576622045855686,-3.91237311836846,1.3547109137828914,10.795000000000005,-1589051594.0
2023-02-01,227.14,227.51,226.96,227.4,110055318.0,TSLA,212.365,220.44580000000002,226.01024999999998,212.365,234.7520324306889,189.97796756931112,0.06850859881590088,-0.10872462177627917,53.26997271101911,-1.170795909411538,-3.3640576765770756,2.1932617671655374,11.077857142857146,-1478996276.0
2023-02-02,224.17,224.63,224.14,224.43,117800337.0,TSLA,213.339,220.56459999999998,226.18439999999998,213.339,236.06023875422284,190.61776124577716,-0.013060686015831102,-0.12036528964490034,45.80930807248765,-0.30780042562091126,-2.752806226385843,2.445005800764932,9.357142857142861,-1596796613.0
2023-02-03,227.54,227.6,227.5,227.59,25214566.0,TSLA,214.62800000000001,220.87399999999997,226.37470000000002,214.62800000000001,237.51974762821226,191.73625237178777,0.014080114066746807,-0.10797993258603078,49.75462044481571,0.6239231064158446,-2.0774603598255057,2.7013834662413503,9.161428571428575,-1571582047.0
2023-02-06,233.19,235.68,227.83,229.32,46567212.0,TSLA,215.602,221.18,226.5765,215.602,239.28014413069062,191.9238558693094,0.007601388461707437,-0.10119934153797872,54.41921974873263,1.4848013938359372,-1.3650080090932173,2.8498094029291545,8.648571428571431,-1525014835.0
2023-02-07,231.16,231.38,230.31,230.66,92551474.0,TSLA,216.57350000000002,221.4404,226.7384,216.57350000000002,241.07639630571236,192.07060369428768,0.005843362986220235,-0.09594732303833131,65.8872434398545,2.2492524578393045,-0.6421559157067129,2.8914083735460174,7.610714285714288,-1432463361.0
2023-02-08,226.11,226.88,225.7,226.6,81035222.0,TSLA,217.417,221.42519999999996,226.89175000000003,217.417,242.08886345446686,192.74513654553314,-0.017601664787999627,-0.11186015520890435,77.12895377128952,2.4986742036215333,-0.01398989184106364,2.512664095462597,6.749285714285719,-1513498583.0
2023-02-09,226.67,226.96,226.53,226.66,32245250.0,TSLA,217.72750000000002,221.48859999999996,227.07065,217.72750000000002,242.71437982037696,192.74062017962308,0.00026478375992944336,-0.11162499020145744,76.81516879913671,2.670401506401106,0.5228883878073703,2.1475131185937357,6.7050000000000045,-1481253333.0
2023-02-10,233.88,235.56,233.88,235.38,84642742.0,TSLA,217.86800000000002,221.6442,227.31494999999998,217.86800000000002,243.2349943866157,192.50100561338434,0.03847171975646346,-0.07744767578584244,76.52567504292179,3.4701262991041517,1.1123359700667268,2.357790329037425,6.111428571428576,-1396610591.0
2023-02-13,231.82,232.67,231.26,231.3,91318709.0,TSLA,218.03000000000003,221.4934,227.57905,218.03000000000003,243.71049761774105,192.349502382259,-0.01733367320927859,-0.09343889629223112,68.22336712647498,3.731675623311901,1.6362039007157616,2.0954717225961392,5.8314285714285745,-1487929300.0
2023-02-14,230.79,231.57,230.01,231.48,109668854.0,TSLA,218.539,221.46300000000002,227.80515000000003,218.539,244.88725782715773,192.19074217284225,0.0007782101167315147,-0.09273340126989049,61.059063136456196,3.90842594144263,2.0906483088611356,1.8177776325814943,4.910000000000003,-1378260446.0
2023-02-15,234.76,236.42,232.74,233.65,113874986.0,TSLA,219.9115,221.37740000000002,228.03769999999997,219.9115,246.41278916427424,193.41021083572574,0.00937445999654396,-0.08422826683389462,63.701208638795336,4.175470481955955,2.5076127434800997,1.6678577384758553,4.966428571428575,-1264385460.0
2023-02-16,233.25,233.42,233.19,233.22,96244696.0,TSLA,222.0265,221.3102,228.24785,222.0265,245.34650115103477,198.70649884896523,-0.0018403595120907168,-0.08591361605393066,72.32845894263215,4.302807709059522,2.8666517365959843,1.4361559724635375,4.497142857142862,-1360630156.0
2023-02-17,223.38,223.52,223.26,223.48,72187537.0,TSLA,223.60700000000003,221.07719999999998,228.3696,223.60700000000003,242.10818186836624,205.1058181316338,-0.041763142097590245,-0.12408873559614275,59.17006298629119,3.576558440162785,3.0086330773093444,0.5679253628534404,4.905000000000006,-1432817693.0
2023-02-20,213.72,214.66,213.58,214.44,20537281.0,TSLA,224.25949999999997,220.69799999999998,228.46760000000003,224.25949999999997,240.20558610616746,208.3134138938325,-0.04045104707356362,-0.15952026338480785,51.30099582396402,2.2456616233329783,2.8560387865140715,-0.6103771631810933,5.464285714285716,-1453354974.0
2023-02-21,217.74,218.33,217.49,218.02,65519035.0,TSLA,224.692,220.5224,228.59380000000002,224.692,239.3553228086105,210.0286771913895,0.016694646521171475,-0.1454887512738099,40.85056574326961,1.4629286571747855,2.5774167606462144,-1.114488103471429,4.692857142857146,-1387835939.0
2023-02-22,208.23,208.27,208.02,208.25,67561520.0,TSLA,224.07350000000002,220.0422,228.66005,224.07350000000002,240.40828210187806,207.738717898122,-0.044812402531877904,-0.1837814533197456,36.06613847743713,0.05363156223972965,2.0726597209649174,-2.0190281587251877,5.174285714285716,-1455397459.0
2023-02-23,213.07,213.29,212.87,213.23,58168943.0,TSLA,223.744,219.6656,228.74490000000003,223.744,240.6943117810184,206.7936882189816,0.023913565426170402,-0.16426275770165366,38.00935203740813,-0.6538648119941683,1.5273548143731004,-2.1812196263672687,5.307857142857145,-1397228516.0
2023-02-24,196.02,196.86,195.64,196.5,72476959.0,TSLA,222.90050000000002,218.74360000000001,228.77880000000002,222.90050000000002,243.34360664927752,202.45739335072253,-0.07845987900389251,-0.22983460061142869,28.084935897435898,-2.535306531841286,0.7148225451302233,-3.2501290769715094,5.986428571428574,-1469705475.0
2023-02-27,192.17,194.81,190.73,194.3,30718801.0,TSLA,221.93650000000002,218.03019999999998,228.80849999999998,221.93650000000002,245.76772169273903,198.10527830726102,-0.01119592875318065,-0.23845731755114807,25.996831264853455,-4.155976750731867,-0.25933731404219473,-3.896639436689672,6.251428571428574,-1500424276.0
2023-02-28,193.01,193.57,191.12,191.75,112025632.0,TSLA,220.88299999999998,217.1966,228.8436,220.88299999999998,248.04167921755698,193.724320782443,-0.013124034997426759,-0.24845183036764107,26.525663478378007,-5.581789865238932,-1.3238278242815422,-4.2579620409573895,6.124285714285717,-1612449908.0
2023-03-01,197.45,199.46,197.17,198.25,54090282.0,TSLA,219.4255,216.68379999999996,228.9016,219.4255,248.19268194127062,190.65831805872938,0.03389830508474567,-0.2229756212275612,32.39122350316103,-6.116751252784496,-2.2824125099821333,-3.834338742802363,6.644285714285717,-1558359626.0
2023-03-02,198.68,199.41,197.98,198.48,105913585.0,TSLA,218.128,216.1018,229.0251,218.128,248.25357898985095,188.00242101014902,0.0011601513240857564,-0.22207415536568142,24.438902743142123,-6.447826399690172,-3.115495287923741,-3.3323311117664307,6.110714285714288,-1452446041.0
2023-03-03,188.34,191.63,188.08,190.19,26842320.0,TSLA,216.25799999999998,215.16219999999998,229.0743,216.25799999999998,248.4806769445643,184.03532305543567,-0.0417674324869004,-0.25456612056126027,23.092027752323602,-7.295046797981627,-3.9514055899353187,-3.343641208046308,6.559285714285715,-1479288361.0
2023-03-06,188.51,188.58,188.19,188.24,92282990.0,TSLA,214.204,214.32260000000002,229.1458,214.204,248.1139224106281,180.2940775893719,-0.01025290498974707,-0.26220898330328424,22.338792221084958,-8.03124458242101,-4.767373388432457,-3.263871193988553,6.590714285714286,-1571571351.0
2023-03-07,214.87,216.57,214.17,215.94,70075234.0,TSLA,213.468,213.9364,229.37399999999997,213.468,246.50170948145765,180.43429051854233,0.14715257118572023,-0.1536411381986359,41.46012151605747,-6.306826953905727,-5.075264101527111,-1.231562852378616,8.26142857142857,-1501496117.0
2023-03-08,205.27,205.38,205.15,205.2,46549638.0,TSLA,212.398,213.56760000000003,229.56170000000003,212.398,245.02454947318827,179.77145052681172,-0.04973603778827451,-0.19573567453162954,37.710526315789465,-5.740666966278013,-5.208344674477292,-0.5323222918007211,8.999285714285714,-1548045755.0
2023-03-09,209.18,212.17,206.86,212.17,96667189.0,TSLA,211.67350000000002,213.55020000000002,229.79025000000001,211.67350000000002,243.60264871860548,179.74435128139456,0.033966861598440534,-0.16841733949988225,44.915939944259634,-4.675662224218968,-5.101808184425627,0.42614596020665907,8.785714285714283,-1451378566.0
2023-03-10,214.75,216.48,214.32,214.48,40479288.0,TSLA,210.62849999999997,213.611,230.04205000000002,210.62849999999997,240.59874087148495,180.658259128515,0.010887495875948616,-0.1593634867131768,50.019138755980855,-3.603699395264215,-4.8021864265933445,1.1984870313291296,8.38642857142857,-1410899278.0
2023-03-13,214.0,214.41,212.11,213.59,111683428.0,TSLA,209.743,213.8242,230.2845,209.743,238.14722585313467,181.33877414686532,-0.004149571055576229,-0.1628517676569723,47.824378744720555,-2.793771829612922,-4.40050350719726,1.6067316775843379,8.27785714285714,-1522582706.0
2023-03-14,208.11,208.96,207.06,208.8,31530632.0,TSLA,208.609,213.81039999999996,230.51319999999998,208.609,235.1061624300076,182.11183756999242,-0.022426143546046107,-0.18162577408481584,50.28400289166582,-2.5094836020557523,-4.0222995261689585,1.5128159241132062,8.029999999999998,-1554113338.0
2023-03-15,208.96,209.6,207.06,208.05,55301176.0,TSLA,207.329,213.81900000000002,230.67905,207.329,231.06201489043434,183.59598510956567,-0.0035919540229885083,-0.18456533667790198,47.20302375809936,-2.317981616339381,-3.6814359442030433,1.3634543278636624,7.851428571428569,-1609414514.0
2023-03-16,201.16,201.17,199.82,200.38,61019248.0,TSLA,205.68699999999998,213.7276,230.81345000000002,205.68699999999998,226.20393739328827,185.1700626067117,-0.036866137947608846,-0.21462726346319638,52.32224084271007,-2.753380554979401,-3.495824866358315,0.7424443113789141,7.182857142857141,-1670433762.0
2023-03-17,192.25,192.56,191.74,191.83,59671595.0,TSLA,204.1045,213.528,230.89645000000002,204.1045,223.70485926094244,184.50414073905756,-0.04266892903483377,-0.2481382770243784,48.626098564912674,-3.745178805424075,-3.5456956541714675,-0.19948315125260763,7.387857142857139,-1730105357.0
2023-03-20,187.92,189.6,187.27,189.09,88616647.0,TSLA,202.83700000000002,213.113,231.0262,202.83700000000002,222.8964297027638,182.77757029723622,-0.014283480164729245,-0.2588774790311199,48.523534635879216,-4.6981241149699144,-3.7761813463311573,-0.9219427686387571,7.486428571428568,-1818722004.0
2023-03-21,187.83,190.07,185.86,189.83,65978493.0,TSLA,201.4275,212.685,231.16100000000003,201.4275,220.9493267857483,181.90567321425172,0.003913480353270993,-0.2559771106059415,45.007115749525624,-5.332162472990518,-4.08737757166303,-1.2447849013274883,7.236428571428566,-1752743511.0
2023-03-22,186.33,186.95,186.0,186.23,106461283.0,TSLA,200.3265,212.215,231.3013,200.3265,220.6936906183534,179.95930938164662,-0.018964336511615776,-0.2700870110527551,43.01516706579997,-6.055330275166284,-4.480968112363681,-1.5743621628026032,7.407857142857138,-1859204794.0
2023-03-23,187.49,188.96,180.34,185.17,111826218.0,TSLA,198.92350000000002,211.5094,231.3815,198.92350000000002,219.41358825852743,178.4334117414726,-0.00569188637706064,-0.2742415928509836,46.88043748446433,-6.637466527296425,-4.91226779535023,-1.725198731946195,7.280714285714282,-1971031012.0
2023-03-24,187.62,188.78,185.71,187.12,63165355.0,TSLA,198.4545,210.6004,231.46575,198.4545,219.59716176042951,177.31183823957048,0.010530863530809675,-0.2665987301089595,49.30400198856574,-6.862359983782454,-5.302286233036675,-1.5600737507457794,7.395714285714283,-1907865657.0
2023-03-27,183.88,185.77,183.65,185.57,85582219.0,TSLA,198.01799999999997,209.75060000000002,231.5174,198.01799999999997,219.87036357203382,176.16563642796612,-0.008283454467721274,-0.27267382613467095,22.040139937396447,-7.084001751869408,-5.658629336803221,-1.425372415066187,5.619999999999998,-1993447876.0
2023-03-28,191.8,192.46,189.99,190.06,90826041.0,TSLA,197.9335,209.12579999999997,231.55204999999998,197.9335,219.90068440143062,175.9663155985694,0.02419572129115699,-0.25507564474406186,34.248855597170234,-6.818746706901976,-5.8906528108229725,-0.9280938960790035,5.341428571428572,-1902621835.0
2023-03-29,202.34,203.51,199.17,200.4,114253856.0,TSLA,198.041,209.00980000000004,231.57305,198.041,220.03573133084217,176.04626866915783,0.05440387246132805,-0.21454887512738074,38.55726229826953,-5.708375982703529,-5.854197445199084,0.1458214624955545,5.804285714285713,-1788367979.0
2023-03-30,210.67,211.53,207.02,211.11,61747101.0,TSLA,198.67249999999999,209.4136,231.7146,198.67249999999999,221.43224828739108,175.9127517126089,0.05344311377245514,-0.1725719212981105,47.18368711348823,-3.9190157175030436,-5.467161099659876,1.5481453821568323,6.29142857142857,-1726620878.0
2023-03-31,207.17,207.49,206.87,207.29,63591689.0,TSLA,199.52749999999997,209.722,231.824,199.52749999999997,222.2302342429364,176.82476575706355,-0.018094832078063616,-0.187544093438896,44.98087954110898,-2.7771634787561936,-4.92916157547914,2.151998096722946,6.425000000000002,-1790212567.0
2023-04-03,211.89,212.93,208.76,210.33,45961439.0,TSLA,200.632,209.9008,231.93395,200.632,223.17134627549004,178.09265372450997,0.014665444546287931,-0.17562906639492004,51.25389280445829,-1.6083941922308043,-4.2650080988294725,2.6566139065986683,6.361428571428574,-1744251128.0
2023-04-04,225.42,227.36,224.26,227.23,112737285.0,TSLA,201.1965,210.25799999999998,232.09184999999997,201.1965,225.81934200536529,176.5736579946347,0.08034992630628057,-0.10939092263071215,62.42871954380505,0.6737856669242035,-3.2772493456787375,3.951035012602941,7.396428571428574,-1631513843.0
2023-04-05,231.92,234.86,223.86,227.49,117502143.0,TSLA,202.311,210.3954,232.2663,202.311,229.57319120822478,175.04880879177523,0.001144215112441227,-0.10837187426510886,69.43369175627238,2.4748805917103027,-2.1268233582009297,4.601703949911233,7.594285714285716,-1514011700.0
2023-04-06,226.62,227.27,225.73,225.79,110431464.0,TSLA,202.99200000000002,210.5148,232.44375,202.99200000000002,231.9206487759128,174.06335122408723,-0.007472855949712143,-0.11503488280943752,76.99523052464221,3.722178545981933,-0.9570229773643573,4.67920152334629,7.102857142857147,-1624443164.0
2023-04-07,223.79,223.88,223.61,223.66,25992480.0,TSLA,203.451,210.72060000000002,232.6084,203.451,233.41973943224863,173.48226056775135,-0.00943354444395228,-0.12338324057380212,77.74923743779091,4.487073768890099,0.13179637188653393,4.355277397003565,6.932857142857145,-1650435644.0
2023-04-10,221.68,222.2,221.4,221.84,71730726.0,TSLA,203.8635,210.88580000000002,232.74149999999997,203.8635,234.63617501158353,173.09082498841644,-0.008137351336850562,-0.1305165791330245,75.25643048761238,4.89003072394479,1.083443242298185,3.8065874816466048,6.793571428571432,-1722166370.0
2023-04-11,220.24,223.03,218.87,222.07,55450822.0,TSLA,204.527,211.07080000000002,232.85,204.527,236.30369195462393,172.75030804537604,0.0010367832672195654,-0.12961511327114483,79.86666666666663,5.168358472503911,1.9004262883393301,3.267932184164581,6.817142857142859,-1666715548.0
2023-04-12,229.32,229.33,229.3,229.32,61286166.0,TSLA,205.59050000000002,211.1092,233.05865000000003,205.59050000000002,239.2326161328304,171.94838386716964,0.03264736344395902,-0.10119934153797883,83.35095935941982,5.905870429665583,2.7015151166045808,3.2043553130610025,6.720000000000003,-1605429382.0
2023-04-13,227.79,227.89,227.25,227.51,85830530.0,TSLA,206.94699999999997,211.1708,233.2746,206.94699999999997,241.8680394130002,172.02596058699976,-0.007892900750043563,-0.10829348592929333,80.57532172596514,6.272002357018295,3.415612564687324,2.8563897923309707,6.610000000000001,-1691259912.0
2023-04-14,226.18,227.05,224.29,224.73,93954782.0,TSLA,208.592,211.11360000000002,233.47350000000003,208.592,243.61414673753399,173.56985326246604,-0.012219243110192957,-0.119189464607666,79.10225921521995,6.26561566355366,3.9856131844605915,2.280002479093069,6.592142857142859,-1785214694.0
2023-04-17,223.18,223.73,222.49,222.9,23022936.0,TSLA,210.28249999999997,210.9852,233.6759,210.28249999999997,244.59791367650348,175.96708632349646,-0.00814310505940452,-0.12636199733479614,75.41008975549364,6.043225910399855,4.397135729648444,1.6460901807514103,6.259999999999999,-1808237630.0
2023-04-18,230.83,235.77,230.33,232.81,28030686.0,TSLA,212.4315,211.0282,233.88555,212.4315,246.73715598602743,178.12584401397257,0.04445939883355754,-0.08752057693815118,75.24536532170119,6.590661563508405,4.835840896420437,1.7548206670879685,6.218571428571429,-1780206944.0
2023-04-19,227.3,230.39,224.58,229.09,113474711.0,TSLA,214.5745,211.07800000000003,234.05739999999997,214.5745,247.30725743767633,181.84174256232367,-0.015978695073235683,-0.1021008073998585,65.7167832167832,6.647704749693077,5.198213667074965,1.4494910826181115,6.011428571428572,-1893681655.0
2023-04-20,235.2,235.3,235.01,235.08,21113560.0,TSLA,217.07,211.24640000000002,234.2762,217.07,247.9197520249363,186.2202479750637,0.026146929154480913,-0.07862350082307701,73.40407613272698,7.094474143431,5.577465762346173,1.5170083810848274,6.152142857142857,-1872568095.0
2023-04-21,243.21,243.38,240.42,241.74,93423093.0,TSLA,219.801,211.3736,234.54245,219.801,249.11975052985082,190.48224947014916,0.02833078101071984,-0.05252018499647193,74.93252897285284,7.894940487317626,6.040960707340464,1.8539797799771627,6.342142857142854,-1779145002.0
2023-04-24,240.43,241.31,239.92,240.5,36714093.0,TSLA,222.54749999999999,211.5576,234.77655,222.54749999999999,248.4577514765678,196.63724852343216,-0.005129477951518191,-0.057380261817041034,64.01859285865203,8.33319827255852,6.499408220384074,1.8337900521744448,5.2557142857142845,-1815859095.0
2023-04-25,237.02,238.95,236.56,238.37,41089591.0,TSLA,224.96300000000002,211.69539999999998,234.9515,224.96300000000002,246.80979391147716,203.1162060885229,-0.008856548856548851,-0.06572861958140575,61.05691056910569,8.411682881820667,6.881863152671394,1.5298197291492732,4.75142857142857,-1856948686.0
2023-04-26,227.79,228.06,227.51,227.82,95065672.0,TSLA,226.334,211.57879999999997,235.072,226.334,244.88305348698904,207.78494651301096,-0.04425892520031893,-0.107078466724151,51.748492678725235,7.535718596976807,7.012634241532477,0.5230843554443299,5.4014285714285695,-1952014358.0
2023-04-27,235.35,235.76,235.11,235.53,92204606.0,TSLA,227.55499999999998,211.625,235.26135,227.55499999999998,245.07070423182748,210.03929576817248,0.03384250724255988,-0.07685976326722543,59.327361307559336,7.378587392646409,7.085824871755264,0.2927625208911451,5.812857142857142,-1859809752.0
2023-04-28,249.17,252.17,244.41,245.07,97754760.0,TSLA,229.44399999999996,212.0568,235.47189999999998,229.44399999999996,245.87271734750524,213.01528265249468,0.04050439434466946,-0.03946852708316961,66.27890679747722,7.932418074237717,7.255143512251754,0.6772745619859624,6.839999999999999,-1762054992.0
2023-05-01,250.04,250.3,249.83,250.04,46786250.0,TSLA,231.42950000000002,212.7688,235.77634999999998,231.42950000000002,247.72960716787512,215.12939283212492,0.020279920022850506,-0.019989025632985546,68.37955053226443,8.672400311105719,7.538594872022548,1.1338054390831704,6.916428571428573,-1715268742.0
2023-05-02,256.4,257.34,256.13,256.9,89579254.0,TSLA,232.913,213.5464,236.1404,232.913,252.6434958723398,213.18250412766022,0.027435610302351643,0.006898173551775688,68.21664464993394,9.70056416835439,7.970988731288917,1.7295754370654732,6.919285714285713,-1625689488.0
2023-05-03,283.45,284.43,280.51,281.91,27650756.0,TSLA,235.63400000000001,215.0196,236.59475000000003,235.63400000000001,264.9143490056851,206.35365099431493,0.09735305566368258,0.10492278748922201,77.50252780586452,12.390657627243172,8.854922510479769,3.5357351167634032,8.737857142857143,-1598038732.0
2023-05-04,285.98,287.7,285.5,286.27,39438467.0,TSLA,238.65800000000004,216.4804,237.09634999999997,238.65800000000004,275.23975593610015,202.07624406389994,0.015465928842538279,0.12201144469702929,80.62300955414013,14.70488289985127,10.024914588354068,4.679968311497202,8.921428571428569,-1558600265.0
2023-05-05,298.96,298.96,298.32,298.85,53821656.0,TSLA,242.41749999999996,218.52740000000003,237.6333,242.41749999999996,287.0729721701249,197.76202782987502,0.043944527893247765,0.17131770792506118,84.14096916299559,17.35397810887639,11.490727292458534,5.863250816417857,9.667857142857143,-1504778609.0
2023-05-08,304.04,315.22,300.38,309.44,95110357.0,TSLA,246.79750000000004,220.8302,238.17695,246.79750000000004,299.4271337877391,194.16786621226103,0.03543583737661016,0.21282433173943738,84.23733357162004,20.076500245760712,13.207881883118969,6.868618362641744,9.917857142857143,-1409668252.0
2023-05-09,304.77,305.02,302.39,303.36,88644238.0,TSLA,250.862,223.06240000000003,238.62530000000004,250.862,307.82807692302435,193.89592307697566,-0.019648397104446658,0.1889942776514857,82.49759341909513,21.495724139379377,14.865450334371051,6.630273805008326,9.83357142857143,-1498312490.0
2023-05-10,303.25,303.48,302.55,302.85,112189369.0,TSLA,254.53850000000003,225.1544,239.04885,254.53850000000003,315.0325144146503,194.04448558534978,-0.001681170886075889,0.1869953750881872,81.1471642614211,22.322002413418147,16.35676075018047,5.965241663237677,9.456428571428573,-1610501859.0
2023-05-11,300.21,306.3,292.55,299.61,52090305.0,TSLA,258.1435,227.17699999999996,239.40265,258.1435,320.4225448072637,195.86445519273633,-0.010698365527488929,0.17429646468605497,77.46037771661763,22.456528099193065,17.57671421998299,4.879813879210076,9.845714285714289,-1662592164.0
2023-05-12,301.45,302.34,295.82,297.76,84234948.0,TSLA,261.795,229.3284,239.70505,261.795,324.3881950227641,199.20180497723595,-0.006174693768565831,0.16704554362310908,77.01453104359312,22.158432518541588,18.49305787969471,3.6653746388468775,10.18142857142857,-1746827112.0
2023-05-15,282.73,283.24,281.0,282.51,26669126.0,TSLA,264.7755,231.21379999999996,239.98329999999999,264.7755,325.2102162255523,204.34078377444777,-0.0512157442235357,0.1072744375636907,68.53064651553316,20.455839883916724,18.885614280539116,1.570225603377608,11.097142857142856,-1773496238.0
2023-05-16,281.89,286.93,273.64,278.66,85923900.0,TSLA,267.06800000000004,232.4682,240.19490000000002,267.06800000000004,325.8531770073829,208.28282299261718,-0.013627836182789843,0.09218468291918192,72.61565836298934,18.581662294009277,18.824823883233147,-0.24316158922387032,11.270714285714286,-1859420138.0
2023-05-17,279.95,282.31,279.86,281.77,71843257.0,TSLA,269.702,233.9996,240.4327,269.702,325.9900226953054,213.41397730469455,0.01116055408024108,0.10437406913851244,71.44712430426716,17.149623871215624,18.489783880829645,-1.3401600096140207,10.964285714285712,-1787576881.0
2023-05-18,298.99,302.86,298.2,301.15,54618114.0,TSLA,273.00550000000004,235.77919999999997,240.7897,273.00550000000004,328.48741491970816,217.52358508029192,0.06877950101146313,0.1803323665438583,73.83543012580756,17.37820204285913,18.267467513235545,-0.8892654703764151,11.282142857142858,-1732958767.0
2023-05-19,299.37,300.06,299.32,299.59,21542578.0,TSLA,275.898,237.4814,241.20295000000002,275.898,330.54235584086416,221.2536441591359,-0.005180142785987107,0.174218076350239,71.6886982403922,17.234800872005962,18.060934184989627,-0.8261333129836643,11.039285714285713,-1754501345.0
2023-05-22,301.57,308.74,300.97,305.49,28675533.0,TSLA,279.14750000000004,239.31939999999997,241.68555,279.14750000000004,332.646166535274,225.64883346472607,0.019693581227677948,0.1973426354158503,71.44875077249053,17.39669681083035,17.92808671015777,-0.5313898993274222,11.171428571428574,-1725825812.0
2023-05-23,296.36,297.06,294.44,297.01,51859458.0,TSLA,282.07949999999994,241.08360000000002,242.12040000000002,282.07949999999994,332.50785813518337,231.6511418648165,-0.02775868277194027,0.16410598103002272,57.80442422989455,16.64881816676592,17.672233001479402,-1.0234148347134813,9.994285714285715,-1777685270.0
2023-05-24,289.39,294.74,288.24,294.63,34467944.0,TSLA,285.41999999999996,242.8152,242.48085,285.41999999999996,329.1165242505479,241.72347574945198,-0.00801319820881452,0.1547777690679626,54.41114394259182,15.683285688746594,17.274443538932843,-1.5911578501862493,10.207142857142859,-1812153214.0
2023-05-25,292.67,295.82,290.61,294.87,83555033.0,TSLA,288.387,244.705,242.78330000000003,288.387,325.3615665644825,251.41243343551753,0.0008145809998982845,0.15571842909775024,47.58553749090025,14.767232770768544,16.773001385299985,-2.0057686145314406,9.672857142857143,-1728598181.0
2023-05-26,305.37,306.16,304.85,305.19,50001229.0,TSLA,291.39300000000003,246.97220000000002,243.12105,291.39300000000003,322.9126540857282,259.87334591427185,0.0349984739037541,0.1961668103786156,47.41326841144248,14.704487803454981,16.359298668930986,-1.654810865476005,9.310000000000002,-1678596952.0
2023-05-29,291.0,291.95,287.32,289.84,70064935.0,TSLA,293.383,248.9872,243.40245000000002,293.383,318.22867110446646,268.5373288955335,-0.05029653658376754,0.13600376264011915,42.60555677094725,13.263254705947702,15.740089876334329,-2.476835170386627,10.082857142857145,-1748661887.0
2023-05-30,299.46,299.73,299.04,299.19,24293356.0,TSLA,295.4975,251.17440000000002,243.65649999999997,295.4975,313.53547033160726,277.45952966839275,0.03225917747722895,0.1726503096339267,48.17474566128066,12.728804219798747,15.137832745027213,-2.4090285252284662,10.722857142857148,-1724368531.0
2023-05-31,301.93,306.0,298.8,300.19,95503018.0,TSLA,296.4115,253.4536,243.9241,296.4115,313.37083995115006,279.4521600488499,0.003342357699120946,0.17656972642470814,50.29585798816568,12.244789688259857,14.559224133673743,-2.3144344454138857,10.255000000000004,-1628865513.0
2023-06-01,287.66,288.22,287.23,287.38,50847004.0,TSLA,296.467,255.4978,244.17175,296.467,313.29334288063126,279.6406571193687,-0.04267297378327062,0.1263619973347967,45.23765828592403,10.704153919239275,13.78821009078685,-3.0840561715475747,10.715000000000003,-1679712517.0
2023-06-02,279.65,282.72,278.4,281.91,80531935.0,TSLA,295.62,257.3936,244.3237,295.62,313.6067026907085,277.6332973092915,-0.01903403159579642,0.10492278748922179,49.69758064516131,8.938765166653468,12.818321105960173,-3.879555939306705,10.15928571428572,-1760244452.0
2023-06-05,270.32,270.37,269.17,269.91,99455656.0,TSLA,293.6435,259.0804,244.44774999999998,293.6435,313.79350407469605,273.493495925304,-0.04256677663083963,0.05788978599984329,45.92454587796926,6.496494603611552,11.55395580549045,-5.057461201878898,10.120000000000005,-1859700108.0
2023-06-06,266.79,267.4,265.06,265.75,71333801.0,TSLA,291.76300000000003,260.5942,244.53015,291.76300000000003,314.89429126938705,268.631708730613,-0.015412544922381644,0.04158501215019195,42.61070110701109,4.177148782383711,10.078594400869102,-5.901445618485392,10.205714285714294,-1931033909.0
2023-06-07,270.83,272.1,270.14,270.41,28901301.0,TSLA,290.14099999999996,261.9944,244.66715,290.14099999999996,314.5149739541081,265.76702604589184,0.017535277516463,0.059849494395234126,33.59308283518365,2.6841325545569816,8.599702031606679,-5.915569477049697,9.15285714285715,-1902132608.0
2023-06-08,277.9,278.73,277.05,277.66,77892192.0,TSLA,289.0435,263.3254,244.84235,289.0435,313.59828795629693,264.48871204370306,0.02681113864132234,0.08826526612840024,38.96548254000205,2.062149668885752,7.292191559062494,-5.230041890176742,9.61642857142858,-1824240416.0
2023-06-09,271.41,271.63,271.2,271.6,21450698.0,TSLA,287.7355,264.6116,244.95860000000002,287.7355,313.1086507285654,262.3623492714346,-0.021825253907656883,0.06451360037626408,32.974982417361616,1.0679220556802989,6.047337658386055,-4.979415602705756,9.424285714285721,-1845691114.0
2023-06-12,256.3,256.86,253.81,254.96,26493346.0,TSLA,286.35800000000006,265.50419999999997,245.03459999999998,286.35800000000006,315.61911887632647,257.09688112367365,-0.06126656848306333,-0.0007054950223406298,30.476367350728964,-1.0506086618530617,4.627748394338232,-5.6783570561912935,9.905714285714295,-1872184460.0
2023-06-13,250.95,255.27,241.1,246.64,84922777.0,TSLA,284.75699999999995,265.8924,245.0641,284.75699999999995,318.88989328800443,250.62410671199547,-0.03263256981487306,-0.033315042721643096,28.88321746017779,-3.3621571310105764,3.02976728926847,-6.391924420279047,10.291428571428582,-1957107237.0
2023-06-14,248.06,250.15,247.46,248.03,21992991.0,TSLA,283.07000000000005,266.3032,245.0495,283.07000000000005,320.95358733638443,245.18641266361564,0.0056357444048005245,-0.027867053382456763,29.59574838822097,-5.024001007062623,1.4190136300022516,-6.443014637064874,10.170000000000014,-1935114246.0
2023-06-15,241.92,242.14,241.28,241.48,65758916.0,TSLA,280.0865,266.617,244.89275,280.0865,321.23285151696547,238.94014848303453,-0.026408095794863584,-0.05353923336207589,21.304386992162904,-6.7912689896439815,-0.22304289392699506,-6.5682260957169865,9.845714285714298,-2000873162.0
2023-06-16,245.57,245.72,245.15,245.3,85645234.0,TSLA,277.372,267.0498,244.70684999999997,277.372,320.2284298928142,234.51557010718585,0.015819115454696053,-0.03856706122129039,27.613590671491806,-7.793757933379879,-1.7371859018175722,-6.0565720315623075,8.87214285714287,-1915227928.0
2023-06-19,240.4,244.95,240.36,241.7,38651004.0,TSLA,274.1825,267.447,244.4274,274.1825,317.71738854990264,230.64761145009737,-0.01467590705258881,-0.052676961668104094,19.33212418649316,-8.777545476952128,-3.1452578168444836,-5.632287660107644,8.518571428571438,-1953878932.0
2023-06-20,262.02,262.9,255.32,258.25,119726018.0,TSLA,272.2445,268.17060000000004,244.2459,272.2445,314.9435543344048,229.54544566559525,0.06847331402565171,0.0121893862193303,30.81076134699856,-8.128062264913865,-4.14181870645836,-3.986243558455505,9.518571428571438,-1834152914.0
2023-06-21,267.01,268.73,262.47,268.21,91367807.0,TSLA,270.9235,268.9484,244.13315000000003,270.9235,312.32146500210627,229.52553499789374,0.03856727976766683,0.05122677745551418,40.99408061636757,-6.732050491779432,-4.659865063522575,-2.0721854282568577,9.341428571428583,-1742785107.0
2023-06-22,262.36,262.69,261.52,261.84,36300266.0,TSLA,269.27200000000005,269.635,243.89309999999998,269.27200000000005,309.25893397124725,229.28506602875285,-0.023750046605272024,0.02626009249823591,40.65033075561352,-6.069738698106789,-4.941839790439418,-1.1278989076673716,9.177857142857153,-1779085373.0
2023-06-23,257.99,259.43,257.92,259.15,99705545.0,TSLA,266.96999999999997,270.3234,243.55595000000002,266.96999999999997,303.3926759905917,230.54732400940824,-0.010273449434769266,0.01571686133103367,44.511324219547014,-5.69624952986635,-5.092721738324804,-0.6035277915415458,8.54785714285715,-1878790918.0
2023-06-26,257.3,263.43,256.86,261.66,116298424.0,TSLA,265.561,271.09860000000003,243.1943,265.561,300.40458244920546,230.71741755079452,0.009685510322207325,0.025554597475895502,47.87797032271455,-5.1384873663746475,-5.101874863934773,-0.03661250243987446,8.670714285714292,-1762492494.0
2023-06-27,274.32,274.72,272.5,274.33,65524037.0,TSLA,264.31800000000004,271.929,242.96664999999996,264.31800000000004,295.7134140801329,232.92258591986717,0.048421615837346055,0.07521360821509737,51.87775435907259,-3.632223707042101,-4.807944632556239,1.1757209255141383,9.150000000000004,-1696968457.0
2023-06-28,255.16,256.63,254.27,255.84,34565327.0,TSLA,262.10049999999995,272.464,242.65920000000003,262.10049999999995,288.73119892554473,235.46980107445518,-0.06740057594867488,0.0027435917535469923,40.56391627746064,-3.8856954986529217,-4.623494805775576,0.7377993071226543,9.988571428571431,-1731533784.0
2023-06-29,253.42,254.15,252.11,252.37,26387052.0,TSLA,260.35,272.8098,242.32335,260.35,284.4682027784621,236.2317972215379,-0.013563164477798595,-0.0108567845104649,41.49340882951429,-4.31681219579923,-4.562158283780307,0.24534608798107715,9.793571428571427,-1757920836.0
2023-06-30,247.84,249.46,242.13,243.08,116648118.0,TSLA,258.4085,272.8366,241.96224999999998,258.4085,281.446443324686,235.370556675314,-0.03681103142211828,-0.0472681664968253,44.37925813777441,-5.346469867970313,-4.719020600618308,-0.6274492673520049,9.254285714285713,-1874568954.0
2023-07-03,243.57,243.78,243.57,243.64,62094544.0,TSLA,257.09499999999997,272.8994,241.56889999999999,257.09499999999997,280.36624224852085,233.82375775147906,0.0023037683067301806,-0.045073293093987776,48.46813725490196,-6.047580923170187,-4.984732665128685,-1.0628482580415026,8.292142857142853,-1812474410.0
2023-07-04,248.25,250.23,246.86,247.01,40513440.0,TSLA,256.158,273.0722,241.20155,256.158,279.47099488538936,232.84500511461067,0.013831883106222298,-0.03186485850905396,49.489489489489486,-6.259134246495762,-5.2396129814021,-1.0195212650936618,8.512142857142852,-1771960970.0
2023-07-05,264.02,264.66,263.43,264.3,49393984.0,TSLA,255.85250000000002,273.8018,240.91870000000003,255.85250000000002,278.53061732183767,233.17438267816237,0.06999716610663542,0.03590185780355881,60.31272595806219,-4.974292727773701,-5.186548930676421,0.2122562029027204,9.290714285714284,-1722566986.0
2023-07-06,247.95,248.67,247.72,248.67,90025417.0,TSLA,254.40300000000002,274.0646,240.56885000000003,254.40300000000002,274.8037792420802,234.00222075791984,-0.05913734392735537,-0.025358626636356574,51.37607186606777,-5.157801022475553,-5.180799349036247,0.022998326560694338,10.172142857142855,-1812592403.0
2023-07-07,260.61,261.55,259.14,261.03,27544029.0,TSLA,253.87449999999998,274.3838,240.2922,253.87449999999998,272.9008257785485,234.84817422145147,0.04970442755459037,0.023085364897703187,57.3660544165841,-4.256814062227988,-4.996002291674596,0.7391882294466079,10.739285714285714,-1785048374.0
2023-07-10,256.39,256.54,256.13,256.35,57431702.0,TSLA,253.94399999999996,274.51,239.9757,253.94399999999996,272.9971571081895,234.8908428918104,-0.017928973681185845,0.004742494316845924,49.203955086308035,-3.8757352294159944,-4.771948879222876,0.8962136498068816,9.575,-1842480076.0
2023-07-11,232.86,232.96,231.18,232.49,104806709.0,TSLA,253.23650000000004,274.0218,239.54139999999998,253.23650000000004,274.36902845608523,232.1039715439148,-0.09307587283011509,-0.0887747903112015,36.595616931852305,-5.436363092832039,-4.904831721944708,-0.5315313708873308,10.624285714285714,-1947286785.0
2023-07-12,235.65,236.43,234.07,234.77,108849890.0,TSLA,252.57349999999997,273.079,239.2348,252.57349999999997,275.17478293982884,229.97221706017106,0.009806873413910289,-0.07983852002821956,39.51993805652343,-6.415244033196956,-5.206914184195158,-1.2083298490017977,10.42785714285714,-1838436895.0
2023-07-13,232.7,234.14,232.49,233.61,93334824.0,TSLA,252.18,272.0258,238.87035,252.18,275.8435949575646,228.51640504243542,-0.0049410060910678455,-0.08438504350552611,39.99373139006427,-7.201600963304031,-5.605851540016933,-1.5957494232870983,10.310714285714287,-1931771719.0
2023-07-14,224.14,224.15,224.02,224.07,82625197.0,TSLA,251.11849999999998,270.5302,238.55355,251.11849999999998,277.79448665861145,224.44251334138852,-0.04083729292410432,-0.12177627968958193,36.04158930560711,-8.496648689589563,-6.1840109699314585,-2.3126377196581043,10.526428571428573,-2014396916.0
2023-07-17,217.52,219.3,217.18,218.71,109442193.0,TSLA,249.969,268.7156,238.24134999999998,249.969,280.1101241364754,219.82787586352458,-0.023921096086044424,-0.14278435368817088,28.160829275954143,-9.842037663863522,-6.915616308717872,-2.92642135514565,10.085714285714287,-2123839109.0
2023-07-18,214.43,215.05,214.4,214.83,25071871.0,TSLA,247.798,266.945,237.91385000000002,247.798,281.4751811546961,214.12081884530392,-0.017740386813588804,-0.1579916908364033,31.810520713208547,-11.093473040700815,-7.75118765511446,-3.3422853855863544,8.960714285714289,-2148910980.0
2023-07-19,219.11,219.35,217.63,218.02,117125373.0,TSLA,245.28850000000003,265.2484,237.6493,245.28850000000003,280.02465515189834,210.5523448481017,0.014848950332821298,-0.14548875127381022,34.7265451311694,-11.693048073371614,-8.539559738765892,-3.153488334605722,9.01714285714286,-2031785607.0
2023-07-20,210.97,211.1,210.84,210.91,116064594.0,TSLA,242.74200000000002,263.4744,237.35435,242.74200000000002,279.76144899928204,205.72255100071797,-0.03261168700119266,-0.173355804656267,35.413076992835755,-12.59672596992715,-9.350992984998143,-3.245732984929006,8.798571428571432,-2147850201.0
2023-07-21,202.62,206.08,201.01,205.36,74749773.0,TSLA,240.0525,261.62640000000005,236.98735,240.0525,279.7702181063927,200.3347818936073,-0.026314541747664788,-0.19510856784510444,33.394065590838125,-13.603918327970064,-10.201578053592527,-3.4023402743775364,9.45571428571429,-2222599974.0
2023-07-24,215.16,215.47,214.23,214.39,58588821.0,TSLA,237.68900000000002,260.264,236.61135000000002,237.68900000000002,277.6180649448288,197.7599350551712,0.04397156213478759,-0.15971623422434733,36.51174330135626,-13.51765686116073,-10.864793815106168,-2.652863046054563,9.707142857142859,-2164011153.0
2023-07-25,204.3,204.68,204.28,204.32,72294546.0,TSLA,234.18850000000003,258.7772,236.26365,234.18850000000003,272.8474020319478,195.52959796805223,-0.04697047436914037,-0.1991847613075174,23.623570800351786,-14.099330562536153,-11.511701164592166,-2.587629397943987,9.168571428571427,-2236305699.0
2023-07-26,197.5,197.67,196.43,197.17,107728704.0,TSLA,231.25500000000002,257.0852,235.8716,231.25500000000002,271.85160162079893,190.65839837920112,-0.03499412685982772,-0.22720859136160532,25.52746626116705,-14.96475206005212,-12.202311343684158,-2.762440716367962,8.54785714285714,-2344034403.0
2023-07-27,188.13,188.79,187.27,187.68,50884424.0,TSLA,228.02050000000003,254.81580000000002,235.40744999999998,228.02050000000003,271.72307584844907,184.31792415155095,-0.048131054420043506,-0.264403856706122,14.167073766487519,-16.229287397877442,-13.007706554522816,-3.2215808433546265,8.334999999999994,-2394918827.0
2023-07-28,192.16,193.97,192.08,193.21,71817272.0,TSLA,225.527,252.6882,235.06939999999997,225.527,271.25555475520713,179.79844524479284,0.029465046888320634,-0.24272948185310006,19.40891472868215,-16.593931467137963,-13.724951537045847,-2.8689799300921166,8.434285714285709,-2323101555.0
2023-07-31,185.29,185.36,185.21,185.34,66277613.0,TSLA,222.612,250.2852,234.7063,222.612,270.84323713724814,174.38076286275185,-0.04073288132084263,-0.27357529199655073,22.967549592936578,-17.3183229006938,-14.443625809775439,-2.874697090918362,7.2078571428571365,-2389379168.0
2023-08-01,195.17,195.63,194.6,195.53,104982393.0,TSLA,220.038,248.25560000000002,234.3854,220.038,268.2815944370911,171.79440556290893,0.054980036689327605,-0.23363643489848696,29.37342304457526,-16.875628748628486,-14.93002639754605,-1.945602351082437,7.661428571428565,-2284396775.0
2023-08-02,190.57,193.56,185.82,191.32,87847694.0,TSLA,216.38899999999998,246.18939999999998,234.0784,216.38899999999998,261.4729118930352,171.30508810696477,-0.021531222830256214,-0.2501371795876772,28.460833248446548,-16.67231419930519,-15.278483957897878,-1.3938302414073132,8.192142857142851,-2372244469.0
2023-08-03,185.97,186.44,185.5,186.09,49614626.0,TSLA,213.26,244.0138,233.74184999999997,213.26,257.59083612542145,168.9291638745785,-0.027336399749111395,-0.2706357294034646,29.76773918602173,-16.74023226807691,-15.570833619933685,-1.1693986481432237,7.9228571428571355,-2421859095.0
2023-08-04,187.73,187.83,187.49,187.56,90916427.0,TSLA,209.58649999999997,241.66119999999998,233.40220000000002,209.58649999999997,249.1723413151927,170.00065868480723,0.007899403514428416,-0.2648741867210158,32.68867400244524,-16.485407595256163,-15.753748414998181,-0.7316591802579815,7.554999999999994,-2330942668.0
2023-08-07,202.41,203.21,201.38,201.42,44076186.0,TSLA,206.84,239.8928,233.1097,206.84,239.8389983899041,173.8410016100959,0.0738963531669865,-0.21055107000078377,43.291645822911434,-14.992249716604533,-15.601448675319453,0.60919895871492,8.364999999999995,-2286866482.0
2023-08-08,196.4,196.43,196.39,196.42,106180566.0,TSLA,205.03650000000002,237.83739999999997,232.80814999999998,205.03650000000002,236.01369927199522,174.0593007280048,-0.024823751365306346,-0.23014815395469146,39.38679245283017,-14.050405228013005,-15.291239985858164,1.2408347578451586,8.401428571428568,-2393047048.0
2023-08-09,186.23,186.26,186.23,186.24,102077196.0,TSLA,202.60999999999999,235.5584,232.51945,202.60999999999999,231.2989195555222,173.92108044447778,-0.05182771611852144,-0.27004781688484736,38.23333015358199,-13.96445407338419,-15.02588280336337,1.0614287299791805,8.616428571428568,-2495124244.0
2023-08-10,188.33,191.79,185.27,187.48,65796245.0,TSLA,200.3035,233.56039999999996,232.22265,200.3035,225.73048547854998,174.87651452145005,0.006658075601374547,-0.26518774006427825,41.10624751293273,-13.639056968493975,-14.748517636389492,1.109460667895517,8.374999999999995,-2429327999.0
2023-08-11,192.3,194.86,189.11,191.92,52373432.0,TSLA,198.696,231.76059999999998,231.95950000000002,198.696,221.75099365932812,175.64100634067188,0.023682526136121096,-0.2477855295132083,38.288335244449065,-12.874497333967497,-14.373713575905095,1.4992162419375976,8.179999999999996,-2376954567.0
2023-08-14,180.57,181.03,180.32,180.68,100161357.0,TSLA,196.7945,229.976,231.65294999999998,196.7945,219.16215754858146,174.42684245141854,-0.058566069195498005,-0.2918397742415927,37.826982492275995,-13.025403633595317,-14.104051587443141,1.078647953847824,8.28642857142857,-2477115924.0
2023-08-15,196.11,196.92,195.59,195.84,83155338.0,TSLA,195.845,228.5778,231.36610000000002,195.845,216.5386720559205,175.1513279440795,0.08390524684525125,-0.23242141569334462,49.36732946437067,-11.785852687336785,-13.640411807421872,1.8545591200850868,8.882857142857139,-2393960586.0
2023-08-16,196.19,196.53,194.31,195.05,48017710.0,TSLA,194.6965,227.0706,231.1013,194.6965,212.56504722690389,176.8279527730961,-0.004033905228758128,-0.23551775495806204,53.82221761228089,-10.743402770042081,-13.061009999945915,2.3176072299038335,8.334285714285713,-2441978296.0
2023-08-17,198.9,202.81,195.46,201.51,80097051.0,TSLA,194.22650000000002,225.5476,230.82305,194.22650000000002,210.7427239535648,177.71027604643524,0.03311971289412963,-0.21019832248961345,54.263406615985204,-9.288908928628388,-12.30658978568241,3.017680857054023,8.439285714285713,-2361881245.0
2023-08-18,205.01,205.89,203.84,204.26,51079481.0,TSLA,194.17149999999998,224.2008,230.58100000000002,194.17149999999998,210.53826770969926,177.8047322903007,0.01364696541114574,-0.1994199263149643,60.258078507915855,-7.824118495285688,-11.410095527603067,3.5859770323173787,8.180714285714284,-2310801764.0
2023-08-21,205.86,206.04,205.79,205.86,88616911.0,TSLA,193.745,223.21880000000002,230.3446,193.745,208.2297135393106,179.2602864606894,0.007833153823558314,-0.19314885944971372,56.17601339232334,-6.459691591723384,-10.420014740427131,3.960323148703747,7.572857142857141,-2222184853.0
2023-08-22,200.99,205.17,197.23,203.09,34454577.0,TSLA,193.6835,222.34779999999998,230.16095,193.6835,207.98849106863696,179.37850893136306,-0.01345574662391924,-0.20400564396017862,57.160238471833566,-5.538050096434091,-9.443621811628525,3.9055717151944336,7.4957142857142856,-2256639430.0
2023-08-23,213.75,215.78,210.61,214.12,42177372.0,TSLA,194.531,221.66960000000003,230.00670000000002,194.531,211.47136214116392,177.5906378588361,0.05431089664680688,-0.16077447675785828,65.92794635754065,-3.872968581931815,-8.329491165689184,4.456522583757369,7.986428571428571,-2214462058.0
2023-08-24,224.07,224.72,223.59,223.98,48255234.0,TSLA,196.346,221.31959999999998,229.89265,196.346,217.46001769341837,175.23198230658164,0.04604894451709307,-0.12212902720075247,68.89396140278066,-1.7377284371573296,-7.011138619982813,5.273410182825484,8.619285714285713,-2166206824.0
2023-08-25,218.68,219.97,216.71,219.3,105428285.0,TSLA,197.65050000000002,220.7996,229.82185,197.65050000000002,221.04899520577814,174.2520047942219,-0.020894722743102,-0.14047189778160996,60.252293577981675,-0.41834965208150265,-5.692580826402552,5.2742311743210495,8.020714285714282,-2271635109.0
2023-08-28,241.04,241.07,240.52,240.69,78014632.0,TSLA,200.418,220.77939999999998,229.88365,200.418,229.96989732977477,170.86610267022525,0.09753761969904229,-0.056635572626793085,71.36789265373108,2.326443978984514,-4.088775865325139,6.415219844309653,9.216428571428567,-2193620477.0
2023-08-29,247.18,250.5,245.02,248.93,25046877.0,TSLA,203.08800000000002,220.593,230.01409999999998,203.08800000000002,239.6081836624203,166.56781633757976,0.03423490797291118,-0.02433957827075328,80.83620265617317,5.107733074788598,-2.2494740773023914,7.357207152090989,9.189285714285711,-2168573600.0
2023-08-30,251.3,251.75,250.88,251.61,27534112.0,TSLA,206.10250000000002,220.261,230.19109999999998,206.10250000000002,248.07828894904532,164.12671105095473,0.010766078817338265,-0.013835541271458696,81.10388980502476,7.442387117657404,-0.31110183831043225,7.753488955967836,8.924999999999997,-2141039488.0
2023-08-31,249.62,252.09,248.31,249.01,35128779.0,TSLA,209.2485,220.00439999999998,230.34369999999998,209.2485,254.2325899476815,164.2644100523185,-0.010333452565478463,-0.02402602492749084,78.1925925925926,8.979311087225199,1.546980746796694,7.432330340428504,8.66785714285714,-2176168267.0
2023-09-01,250.34,250.6,249.37,250.2,71844109.0,TSLA,212.38049999999998,219.8254,230.5341,212.38049999999998,259.66996804967346,165.0910319503265,0.004778924541183116,-0.019361918946460777,88.11403508771929,10.176054241875448,3.272795445812445,6.903258796063003,7.952857142857139,-2104324158.0
2023-09-04,249.89,252.17,249.24,251.89,119371471.0,TSLA,214.904,219.63,230.72345,214.904,265.03205177479845,164.77594822520157,0.0067545963229416195,-0.012738104570039988,86.05429049273124,11.132521907292329,4.844740738108422,6.287781169183907,7.002142857142853,-1984952687.0
2023-09-05,260.95,265.46,257.82,258.91,31038550.0,TSLA,218.02849999999998,219.3216,230.9298,218.02849999999998,271.01414305048775,165.04285694951218,0.027869308031283735,0.014776201301246683,88.03001429252024,12.315024814302205,6.338797553347179,5.976227260955026,7.812857142857139,-1953914137.0
2023-09-06,256.3,257.15,256.16,256.94,112181236.0,TSLA,221.56350000000003,219.3436,231.0777,221.56350000000003,275.05072199593207,168.076278004068,-0.007608821598238835,0.007054950223406964,84.8747955203221,12.943994045557247,7.659836851789193,5.284157193768054,7.4549999999999965,-2066095373.0
2023-09-07,265.45,266.09,264.34,264.66,104342807.0,TSLA,225.42250000000004,219.58939999999998,231.28355,225.42250000000004,279.68692000931526,171.15807999068483,0.030045925118704853,0.037312847848240516,85.7650402652771,13.905106758984289,8.908890833228213,4.996215925756076,7.795714285714281,-1961752566.0
2023-09-08,265.43,265.65,262.92,263.81,101568031.0,TSLA,229.017,220.004,231.46460000000002,229.017,283.4610874369485,174.57291256305146,-0.0032116678001965493,0.03398134357607607,84.62181861632209,14.43184627225071,10.013481921032714,4.4183643512179955,7.86357142857142,-2063320597.0
2023-09-11,271.96,274.81,265.21,267.91,103992510.0,TSLA,233.37849999999997,220.48940000000002,231.60995,233.37849999999997,285.44222584075237,181.31477415924755,0.015541488192259756,0.050050952418280614,88.12044224888257,15.007133967576237,11.01221233034142,3.9949216372348175,8.032857142857134,-1959328087.0
2023-09-12,261.85,265.03,257.93,259.99,59880685.0,TSLA,236.586,220.74900000000002,231.74489999999997,236.586,286.78302587121834,186.3889741287817,-0.02956216639916398,0.019009171435290684,78.00024417043092,14.655041603884541,11.740778185050043,2.914263418834498,7.839285714285706,-2019208772.0
2023-09-13,253.38,266.95,246.57,261.05,56893767.0,TSLA,239.88600000000002,220.68400000000003,231.8605,239.88600000000002,287.1795283878078,192.5924716121922,0.004077079887687907,0.023163753233518936,75.35220900013674,14.2967351468169,12.251969577403417,2.0447655694134834,8.537857142857135,-1962315005.0
2023-09-14,252.73,253.13,250.99,252.32,26174568.0,TSLA,242.42650000000003,220.757,231.93919999999997,242.42650000000003,286.3810790800597,198.47192091994037,-0.03344186937368332,-0.01105275535000394,71.39709694142036,13.156674701572229,12.432910602237179,0.7237640993350496,8.737142857142851,-1988489573.0
2023-09-15,249.29,249.45,248.96,249.12,107686196.0,TSLA,244.66950000000003,220.5188,232.00915,244.66950000000003,284.8389413702749,204.50005862972517,-0.012682308180088753,-0.023594889080504777,57.14770222146853,11.858260680921035,12.317980617973951,-0.4597199370529168,7.422142857142851,-2096175769.0
2023-09-18,252.42,253.55,252.4,252.87,87895126.0,TSLA,247.01999999999998,220.4492,232.10649999999998,247.01999999999998,282.9002041888214,211.13979581117854,0.01505298651252418,-0.008897076115073954,53.61600587371511,11.004993164104036,12.055383127199969,-1.0503899630959328,7.037857142857137,-2008280643.0
2023-09-19,254.21,256.36,253.79,254.77,53755211.0,TSLA,249.60400000000004,220.8948,232.24635,249.60400000000004,279.0257051278731,220.182294872127,0.007513742239095178,-0.001450184212589023,52.94227188081935,10.362632651907205,11.716833032141418,-1.3542003802342126,7.085714285714281,-1954525432.0
2023-09-20,262.69,263.64,262.17,262.93,118375943.0,TSLA,252.04449999999997,221.458,232.39970000000002,252.04449999999997,276.80066539900884,227.2883346009911,0.03202888880166421,0.03053225680018823,61.74485318933512,10.39220623748625,11.451907673210385,-1.0597014357241363,7.449285714285708,-1836149489.0
2023-09-21,255.09,260.91,254.08,257.8,75005334.0,TSLA,253.7355,221.9418,232.5284,253.7355,274.759004114754,232.71199588524598,-0.019510896436313874,0.010425648663478837,56.0126582278481,9.887715955675134,11.139069329703336,-1.2513533740282021,7.967857142857135,-1911154823.0
2023-09-22,256.63,259.19,253.05,253.55,29187695.0,TSLA,255.448,222.53140000000002,232.58315,255.448,268.8645594460107,242.03144055398934,-0.01648564778898376,-0.006231872697342711,51.26216545012167,9.040748174134507,10.719405098589572,-1.6786569244550655,8.19714285714285,-1940342518.0
2023-09-25,259.8,261.45,259.41,259.98,117829666.0,TSLA,256.4125,223.3568,232.7332,256.4125,268.0124507712167,244.81254922878333,0.02535988956813262,0.018969977267382587,50.82092987570967,8.78707543162676,10.33293916519701,-1.5458637335702488,7.792142857142849,-1822512852.0
2023-09-26,253.18,254.01,249.71,251.83,66079776.0,TSLA,256.5575,224.0968,232.8252,256.5575,267.83155568457335,245.28344431542666,-0.031348565274251894,-0.012973269577486901,46.41906096706379,7.838048919045178,9.833961115966645,-1.9959121969214664,8.329285714285707,-1888592628.0
2023-09-27,260.68,268.69,260.06,264.5,58649607.0,TSLA,257.20200000000006,225.0264,233.02825,257.20200000000006,268.7554776719264,245.64852232807368,0.05031171822261049,0.03668574116171519,49.89515072083878,8.015899384469378,9.470348769667192,-1.4544493851978135,8.879999999999994,-1829943021.0
2023-09-28,264.27,264.43,262.93,263.08,32746625.0,TSLA,257.9055,226.0698,233.20575,257.9055,269.065459394376,246.74554060562406,-0.005368620037807248,0.031120169318805457,49.52517236893455,7.95061528319809,9.166402072373371,-1.2157867891752812,8.797142857142854,-1862689646.0
2023-09-29,262.61,264.58,257.28,262.04,97342598.0,TSLA,258.49750000000006,227.2034,233.33010000000002,258.49750000000006,269.18243651927617,247.81256348072395,-0.003953170138360829,0.027043975856392732,46.02357404145779,7.72589850547044,8.878301358992786,-1.1524028535223465,8.53285714285714,-1960032244.0
2023-10-02,255.71,255.73,255.69,255.73,76220108.0,TSLA,258.6895,228.0302,233.45765,258.6895,269.0061711787491,248.37282882125086,-0.02408029308502535,0.0023124559065610395,47.049861495844866,6.958432101205517,8.494327507435333,-1.535895406229816,8.273571428571426,-2036252352.0
2023-10-03,273.99,274.64,273.58,274.58,87017811.0,TSLA,259.473,229.43540000000002,233.6543,259.473,272.0028970466602,246.9431029533398,0.07371055410002736,0.0761934624127929,57.517501944660495,7.7815460910127,8.351771224150806,-0.5702251331381056,8.168571428571425,-1949234541.0
2023-10-04,268.98,270.45,268.92,270.27,67326418.0,TSLA,260.1395,230.8974,233.88745000000003,260.1395,273.4931251336642,246.7858748663358,-0.015696700415179565,0.05930077604452455,60.48848895640995,7.993939717317289,8.280204922784103,-0.28626520546681355,7.854285714285709,-2016560959.0
2023-10-05,264.57,264.59,264.29,264.51,32745637.0,TSLA,260.13199999999995,232.43400000000003,234.1448,260.13199999999995,273.47509930065985,246.78890069934008,-0.021312021312021256,0.036724935329623065,58.731419493929415,7.609758772486828,8.14611569272465,-0.5363569202378216,8.041428571428565,-2049306596.0
2023-10-06,268.14,268.52,267.68,268.39,73855512.0,TSLA,260.361,233.93760000000003,234.42954999999998,260.361,274.1205898041638,246.6014101958362,0.014668632565876472,0.05193227247785526,58.79220484930885,7.531557077562837,8.023203969692286,-0.4916468921294488,8.011428571428564,-1975451084.0
2023-10-09,278.41,280.28,277.48,279.25,60153593.0,TSLA,260.928,235.81580000000002,234.81114999999997,260.928,276.7738171136707,245.08218288632932,0.04046350460151271,0.09449713882574273,62.59000205718987,8.25078301940232,8.068719779634293,0.18206323976802707,8.611428571428561,-1915297491.0
2023-10-10,286.89,287.06,286.76,286.98,94778621.0,TSLA,262.27750000000003,237.6448,235.1986,262.27750000000003,281.92749517878343,242.62750482121663,0.027681289167412748,0.12479423061848394,62.42380411199505,9.336891287004107,8.322354081108257,1.0145372058958504,8.535714285714278,-1820518870.0
2023-10-11,299.09,303.43,295.64,297.4,20463461.0,TSLA,264.09499999999997,239.7664,235.6475,264.09499999999997,289.2266453898245,238.96335461017543,0.03630915046344674,0.16563455357842738,69.39655172413791,10.912652564618043,8.840413777810214,2.0722387868078282,9.07857142857142,-1800055409.0
2023-10-12,296.06,298.86,294.32,298.06,116673012.0,TSLA,266.382,242.00580000000002,236.11305000000002,266.382,295.07442085876903,237.68957914123098,0.0022192333557498056,0.1682213686603431,72.59620266016853,12.075512225829868,9.487433467414146,2.5880787584157225,8.964285714285708,-1683382397.0
2023-10-13,321.54,322.2,315.18,317.25,119038902.0,TSLA,269.7885,244.59960000000004,236.69025,269.7885,305.23439132154556,234.34260867845444,0.06438301013218806,0.24343497687544047,75.73932584269662,14.379798145858217,10.46590640310296,3.9138917427552578,10.124285714285708,-1564343495.0
2023-10-16,320.02,321.18,320.01,320.64,47988266.0,TSLA,273.177,246.984,237.24425,273.177,314.3133689004712,232.04063109952887,0.010685579196217487,0.2567217997961899,82.30819795285942,16.29170536928939,11.631066196340246,4.660639172949143,9.671428571428565,-1516355229.0
2023-10-17,314.41,315.33,313.41,314.19,48749946.0,TSLA,276.148,249.3394,237.75905,276.148,320.16872650587584,232.12727349412424,-0.02011601796407181,0.2314415614956491,74.77809913234267,17.089448004521387,12.722742557976476,4.366705446544911,8.983571428571421,-1565105175.0
2023-10-18,322.14,322.58,321.15,322.13,57398761.0,TSLA,279.108,252.05720000000002,238.32104999999999,279.108,327.1629302361354,231.05306976386458,0.02527133263311998,0.26256173081445433,77.64771982395357,18.15309880985103,13.808813808351388,4.344285001499642,9.470714285714278,-1507706414.0
2023-10-19,317.97,323.71,314.81,321.84,114567462.0,TSLA,282.31,254.7444,238.828,282.31,332.8564859520926,231.7635140479074,-0.0009002576599510537,0.2614250999451275,78.1969068276122,18.756436633857504,14.798338373452612,3.958098260404892,9.58499999999999,-1622273876.0
2023-10-20,331.4,332.68,331.06,332.59,82434302.0,TSLA,286.262,257.55780000000004,239.32809999999998,286.262,339.6218984454158,232.90210155458422,0.03340169028088491,0.30355883044602905,84.78457639391745,19.872938500143334,15.813258398790758,4.059680101352576,9.905714285714277,-1539839574.0
2023-10-23,336.62,340.62,333.15,334.25,38517721.0,TSLA,289.9755,260.6292,239.85905,289.9755,345.9094405389102,234.04155946108983,0.004991130220391549,0.31006506231872644,81.98091971272376,20.653640093385604,16.781334737709727,3.872305355675877,9.128571428571421,-1501321853.0
2023-10-24,355.78,356.05,351.92,354.25,20007176.0,TSLA,295.0965,263.79740000000004,240.52380000000002,295.0965,354.94282329206817,235.2501767079318,0.05983545250560951,0.388453398134357,88.53000550559736,22.625373363380106,17.950142462843804,4.675230900536302,10.281428571428567,-1481314677.0
2023-10-25,366.92,368.31,365.64,368.06,29836100.0,TSLA,300.2745,267.25759999999997,241.3331,300.2745,366.54953982805523,233.99946017194475,0.03898376852505292,0.44258054401504987,94.24079295907032,25.01399204085868,19.36291237844678,5.651079662411902,10.858571428571427,-1451478577.0
2023-10-26,386.9,398.03,380.46,393.01,32441685.0,TSLA,306.77099999999996,271.0876,242.34355,306.77099999999996,382.4937090737874,231.04829092621253,0.06778786067488984,0.540369992945049,95.11947863866763,28.590670582577104,21.208464019272846,7.382206563304258,12.71285714285714,-1419036892.0
2023-10-27,405.79,405.82,401.41,403.15,34170399.0,TSLA,313.8265,275.0654,243.39995,313.8265,397.84229908439374,229.81070091560628,0.025800870206864834,0.5801128792035735,95.09390013102343,31.875980886401237,23.341967392698525,8.534013493702712,12.778571428571427,-1384866493.0
2023-10-30,407.63,409.55,406.39,407.92,84725647.0,TSLA,321.43600000000004,279.1066,244.43259999999998,321.43600000000004,410.7007186507032,232.17128134929686,0.011831824382984024,0.5988084972956014,94.98586519863115,34.467195729723244,25.56701306010347,8.900182669619774,12.677857142857144,-1300140846.0
2023-10-31,384.13,386.8,383.33,385.46,22314812.0,TSLA,326.98,282.754,245.31305,326.98,417.7518616265944,236.20813837340563,-0.05505981565012752,0.5107783961746482,80.06281578588009,34.31288034224366,27.31618651653151,6.99669382571215,13.259285714285719,-1322455658.0
2023-11-01,402.65,406.06,398.35,399.77,86384881.0,TSLA,333.455,286.467,246.2088,333.455,425.6580015494968,241.25199845050312,0.03712447465366053,0.5668652504507319,81.7625382549497,34.94248645926399,28.841446505078007,6.101039954185982,14.406428571428576,-1236070777.0
2023-11-02,416.44,422.08,413.71,419.31,87409720.0,TSLA,341.19500000000005,290.3736,247.20625,341.19500000000005,435.0045888937837,247.3854111062164,0.04887810491032352,0.6434506545426031,81.80231833478747,36.596309069929305,30.39241901804827,6.203890051881036,14.27571428571429,-1148661057.0
2023-11-03,403.43,405.9,400.09,402.47,58817658.0,TSLA,347.899,294.03700000000003,248.15175,347.899,438.92394785843715,256.87405214156286,-0.04016121723784305,0.5774476757858422,73.5265367143925,36.13162525697561,31.540260265833737,4.591364991141873,15.367857142857149,-1207478715.0
2023-11-06,375.16,375.23,375.12,375.18,76408003.0,TSLA,352.6955,296.7268,248.95974999999999,352.6955,438.44637526942967,266.9446247305703,-0.06780629612145006,0.4704867915654143,65.65853658536585,33.17882027238829,31.867972267144648,1.3108480052436455,16.80500000000001,-1283886718.0
2023-11-07,358.23,359.0,357.45,357.92,61468222.0,TSLA,356.24249999999995,298.9066,249.68524999999997,356.24249999999995,436.22263460590403,276.26236539409587,-0.04600458446612288,0.40283765775652514,58.76904983584064,29.11039676284105,31.31645716628393,-2.20606040344288,17.47214285714287,-1345354940.0
2023-11-08,358.38,365.09,350.83,358.64,85046928.0,TSLA,359.3045,301.04720000000003,250.34145,359.3045,434.3352943727781,284.27370562722194,0.00201162270898525,0.4056596378458879,58.99755501222494,25.648578950371302,30.182881523101404,-4.534302572730102,17.855000000000015,-1260308012.0
2023-11-09,340.41,341.83,338.05,339.46,89100608.0,TSLA,361.3745,302.8562,250.9166,361.3745,431.40894700551286,291.34005299448717,-0.05347981262547408,0.33048522379869794,51.61320621800591,21.114008539457757,28.369106926372677,-7.25509838691492,18.55142857142858,-1349408620.0
2023-11-10,319.14,319.23,318.93,319.02,99521856.0,TSLA,361.46299999999997,304.2326,251.37375,361.46299999999997,431.2667676859742,291.65923231402576,-0.060213279915159346,0.2503723445951236,46.71356436925467,15.69012564156867,25.83331066941188,-10.14318502784321,19.44428571428572,-1448930476.0
2023-11-13,308.22,308.76,308.1,308.73,32237427.0,TSLA,360.8675,305.36940000000004,251.77079999999998,360.8675,432.32134667925675,289.41365332074326,-0.03225503103253702,0.21004154581798185,39.74774774774775,10.440985187193348,22.754845572968172,-12.313860385774824,18.66714285714286,-1481167903.0
2023-11-14,306.6,307.07,304.6,305.27,108920558.0,TSLA,360.4215,306.2966,252.14385000000001,360.4215,433.2011424037699,287.64185759623007,-0.011207203705503321,0.1964803637218775,35.16654854712969,5.93341377493698,19.390559213361932,-13.457145438424952,17.957857142857144,-1590088461.0
2023-11-15,279.64,280.7,278.87,280.32,20974218.0,TSLA,358.33099999999996,306.76419999999996,252.41244999999998,358.33099999999996,437.83309554338206,278.82890445661786,-0.081730926720608,0.09869091479187841,23.37821875738247,0.34391008983647,15.58122938865684,-15.23731929882037,17.702857142857145,-1611062679.0
2023-11-16,279.68,280.1,279.56,279.89,49453488.0,TSLA,356.2335,307.0688,252.67860000000002,356.2335,441.7734905922715,270.69350940772847,-0.0015339611872146053,0.09700556557184226,19.481033970486294,-4.073551886693338,11.650273133586806,-15.723825020280144,16.842142857142857,-1660516167.0
2023-11-17,269.5,270.14,268.26,268.42,82653205.0,TSLA,353.025,307.161,252.84380000000002,353.025,446.7238273813027,259.3261726186972,-0.040980385151309306,0.052049854981578214,16.569210122699374,-8.403089880992297,7.639600530670985,-16.042690411663283,17.215714285714284,-1743169372.0
2023-11-20,246.96,249.38,244.46,245.58,95030537.0,TSLA,348.5915,306.7144,252.9152,348.5915,453.72429087345546,243.45870912654453,-0.08509052976678344,-0.037469624519872013,16.539087168691992,-13.521410647112702,3.407398295114248,-16.92880894222695,17.170714285714283,-1838199909.0
2023-11-21,245.49,247.49,243.44,243.71,64670920.0,TSLA,343.0645,306.38879999999995,252.97635,343.0645,458.10083155614086,228.02816844385916,-0.007614626598257179,-0.04479893391863343,10.306236646657851,-17.526574658778316,-0.7793962956642648,-16.747178363114053,15.988571428571424,-1902870829.0
2023-11-22,235.31,240.06,234.49,237.35,66108328.0,TSLA,336.529,305.9148,252.99485,336.529,460.119983983885,212.938016016115,-0.026096590209675474,-0.06972642470800405,0.3925845147219178,-20.97214105357301,-4.817945247246015,-16.154195806326996,15.053571428571425,-1968979157.0
2023-11-23,231.92,232.9,229.52,231.53,62342738.0,TSLA,328.45500000000004,305.499,252.9864,328.45500000000004,457.48855002315725,199.4214499768428,-0.024520749947335108,-0.09253743043035245,0.4176818656456476,-23.89693363008081,-8.633742923812974,-15.263190706267835,14.239999999999993,-2031321895.0
2023-11-24,232.62,232.7,232.62,232.66,25334704.0,TSLA,319.9305,305.1698,253.0323,319.9305,450.7013867447174,189.15961325528258,0.004880577031054267,-0.0881084894567693,1.2652167966078167,-25.825965607343846,-12.07218746051915,-13.753778146824697,12.36999999999999,-2005987191.0
2023-11-27,243.78,245.91,241.42,241.7,90527661.0,TSLA,311.61949999999996,304.9464,253.16859999999997,311.61949999999996,439.9498898003724,183.28911019962754,0.038854981518094966,-0.052676961668104316,7.891304347826065,-26.321862847565967,-14.922122537928514,-11.399740309637453,12.049999999999988,-1915459530.0
2023-11-28,241.6,241.82,241.1,241.34,89209920.0,TSLA,304.4135,304.6778,253.2852,304.4135,431.46469768278985,177.36230231721012,-0.0014894497310715682,-0.05408795171278569,7.388840453356565,-26.439140026115354,-17.225526035565885,-9.213613990549469,11.082857142857133,-2004669450.0
2023-11-29,245.57,246.3,244.88,245.54,25938097.0,TSLA,296.702,304.33,253.47165,296.702,417.974563582595,175.42943641740501,0.017402834175851423,-0.03762640119150329,11.71531061470732,-25.894680379382066,-18.959356904329123,-6.935323475052943,9.966428571428564,-1978731353.0
2023-11-30,249.7,250.78,248.56,249.08,58927797.0,TSLA,288.1905,304.1556,253.65089999999998,288.1905,396.42478321056643,179.95621678943354,0.014417202899731363,-0.023751665752136497,16.934568835098332,-24.890620195994074,-20.145609562662113,-4.745010633331962,8.874285714285708,-1919803556.0
2023-12-01,264.29,264.4,264.13,264.28,102243173.0,TSLA,281.28100000000006,304.3702,253.9898,281.28100000000006,375.5390102752679,187.0229897247322,0.06102457041914233,0.03582346946774262,29.917773561037293,-22.60777395321435,-20.638042440772562,-1.9697315124417862,9.188571428571423,-1817560383.0
2023-12-04,264.26,264.3,264.15,264.17,89128846.0,TSLA,275.7305,304.454,254.33915000000002,275.7305,359.15878309392383,192.30221690607618,-0.0004162252156801882,0.03539233362075689,30.851658591129336,-20.570355683763466,-20.624505089370743,0.054149405607276435,8.904285714285711,-1906689229.0
2023-12-05,258.05,260.25,256.63,260.13,86436068.0,TSLA,270.841,304.62,254.68105,270.841,344.926924481751,196.75507551824904,-0.015293182420411222,0.01955788978599937,38.31732438375187,-19.061947003324576,-20.31199347216151,1.2500464688369348,7.557142857142858,-1993125297.0
2023-12-06,252.81,257.77,248.01,254.32,71876260.0,TSLA,265.625,304.4164,254.9614,265.625,327.34011100464556,203.9098889953544,-0.02233498635297737,-0.0032139217684413746,36.071467480117654,-18.126390948811718,-19.874872967491555,1.7484820186798373,8.36857142857143,-2065001557.0
2023-12-07,258.36,258.71,255.94,257.6,105982629.0,TSLA,261.532,304.3068,255.25699999999998,261.532,312.56207641526044,210.5019235847395,0.01289713746461163,0.009641765305322236,43.52870813397129,-16.92518445654315,-19.284935265301876,2.359750808758726,7.851428571428572,-1959018928.0
2023-12-08,242.83,243.17,241.12,242.37,34941329.0,TSLA,257.6995,303.91339999999997,255.5179,257.6995,301.56023005608324,213.83876994391676,-0.05912267080745348,-0.0500509524182805,47.88787998420844,-17.006117438879244,-18.82917170001735,1.8230542611381075,7.317142857142859,-1993960257.0
2023-12-11,240.81,242.44,240.55,240.67,50077121.0,TSLA,254.29649999999998,303.6122,255.78004999999996,254.29649999999998,291.5500015803882,217.04299841961176,-0.007014069398027845,-0.05671396096260917,47.99525191242415,-17.011337098101222,-18.465604779634127,1.4542676815329045,7.162857142857143,-2044037378.0
2023-12-12,250.39,253.26,249.89,252.25,33024229.0,TSLA,251.6455,303.1656,255.9616,251.6455,280.1429440035741,223.1480559964259,0.04811567706818476,-0.01132711452535895,59.192991115498515,-15.897804499507572,-17.952044723608818,2.054240224101246,7.403571428571429,-2011013149.0
2023-12-13,259.33,259.51,259.21,259.25,60135964.0,TSLA,250.592,302.94519999999994,256.23184999999995,250.592,276.0184666088415,225.16553339115853,0.027750247770069292,0.01610880301011175,66.85721235709073,-14.285802554746112,-17.218796289836277,2.9329937350901645,7.362857142857144,-1950877185.0
2023-12-14,262.03,262.77,261.11,262.23,96970862.0,TSLA,249.709,302.8996,256.48215,249.709,271.8681192110728,227.54988078892723,0.011494696239151558,0.027788665046640793,67.58653503033187,-12.622316101673789,-16.29950025220378,3.6771841505299925,7.530714285714287,-1853906323.0
2023-12-15,270.07,272.15,259.8,267.07,23437738.0,TSLA,249.6415,302.8732,256.7451,249.6415,271.56763367410554,227.71536632589445,0.01845707966289134,0.04675864231402338,65.88205834481033,-10.789073825315995,-15.197414966826225,4.408341141510229,7.46642857142857,-1830468585.0
2023-12-18,267.61,273.28,264.32,270.37,87034884.0,TSLA,250.881,302.69559999999996,257.029,250.881,274.5721512683756,227.18984873162438,0.012356311079492421,0.05969271772360263,67.5280763192851,-8.966572625032086,-13.951246498467398,4.984673873435312,8.054999999999996,-1743433701.0
2023-12-19,272.36,272.43,272.33,272.4,43943359.0,TSLA,252.31550000000001,302.404,257.347,252.31550000000001,277.59925344803554,227.03174655196446,0.0075082294633279645,0.06764913380888915,66.65426587301587,-7.274566583498711,-12.615910515473661,5.341343931974951,7.847857142857139,-1699490342.0
2023-12-20,272.12,273.14,271.62,273.0,73630801.0,TSLA,254.098,301.916,257.67175,254.098,279.9594125067077,228.23658749329238,0.0022026431718062955,0.07000078388335829,65.39253539253538,-5.818156532912724,-11.256359718961475,5.438203186048751,7.582142857142851,-1625859541.0
2023-12-21,270.3,273.38,266.85,271.3,29175733.0,TSLA,256.0865,301.38079999999997,258.02635,256.0865,280.72866179426467,231.44433820573533,-0.006227106227106205,0.06333777533902962,55.4672897196262,-4.746403284927567,-9.954368432154693,5.207965147227126,6.954285714285709,-1655035274.0
2023-12-22,245.69,248.89,244.0,248.27,26600926.0,TSLA,256.867,300.0012,258.30854999999997,256.867,279.27228518476176,234.46171481523828,-0.08488757832657579,-0.02692639335266911,40.87465564738293,-5.689771500495624,-9.101449045822879,3.4116775453272545,8.893571428571422,-1681636200.0
2023-12-25,238.68,238.93,238.28,238.44,79737680.0,TSLA,256.704,298.3572,258.5553,256.704,279.6155915503136,233.79240844968646,-0.03959399041366263,-0.06545426040605162,38.32741362608977,-7.1481964955930835,-8.71079853577692,1.5626020401838367,9.06857142857142,-1761373880.0
2023-12-26,250.79,251.68,248.09,251.67,27172920.0,TSLA,257.2205,297.10679999999996,258.86449999999996,257.2205,279.1170178438077,235.32398215619236,0.055485656768998526,-0.013600376264011893,48.679358118209905,-7.153991617158454,-8.399437152053228,1.245445534894774,9.14857142857142,-1734200960.0
2023-12-27,257.29,261.2,256.43,259.34,69284930.0,TSLA,257.9105,295.851,259.23005,257.9105,279.11605684372864,236.7049431562714,0.030476417530893585,0.016461550521282398,50.8307868601986,-6.4651531327192515,-8.012580348186432,1.5474272154671809,9.51571428571428,-1664916030.0
2023-12-28,250.41,250.72,250.16,250.7,64364556.0,TSLA,257.9915,294.4282,259.5577,257.9915,279.067011631424,236.91598836857597,-0.03331533893730232,-0.01740221055106994,54.244369713645156,-6.54101867188831,-7.718268012926808,1.1772493410384985,8.994285714285706,-1729280586.0
2023-12-29,230.66,232.5,230.26,231.95,93302816.0,TSLA,256.375,292.41540000000003,259.78185,256.375,280.1997756934265,232.5502243065735,-0.07479058635819702,-0.09089127537822361,46.2146205938531,-8.021642457027724,-7.778942901746992,-0.24269955528073162,10.319285714285707,-1822583402.0
2024-01-01,247.59,253.34,247.35,251.29,55817116.0,TSLA,255.731,290.7562,260.11045,255.731,279.3641398898372,232.0978601101628,0.08338003880146583,-0.01508975464450879,49.60956564177648,-7.547468585475684,-7.732648038492731,0.18517945301704675,10.947857142857135,-1766766286.0
2024-01-02,227.36,232.12,227.3,231.39,90291390.0,TSLA,254.294,288.299,260.31710000000004,254.294,280.18782726686624,228.40017273313381,-0.07919137251780817,-0.09308614878106136,39.74528857479387,-8.677418189410957,-7.921602068676377,-0.7558161207345808,12.142857142857135,-1857057676.0
2024-01-03,229.85,239.15,228.47,232.46,118441924.0,TSLA,253.20099999999996,285.587,260.4774,253.20099999999996,280.87450539871344,225.5274946012865,0.004624227494705924,-0.08889237281492512,38.885985216157685,-9.378462258711693,-8.21297410668344,-1.165488152028253,12.654285714285708,-1738615752.0
2024-01-04,236.03,236.96,235.63,236.61,92838075.0,TSLA,252.15150000000003,282.459,260.60490000000004,252.15150000000003,280.70077358279474,223.60222641720532,0.017852533769250556,-0.07262679313318188,38.56949864905435,-9.489782116326666,-8.468335708612086,-1.0214464077145795,12.093571428571424,-1645777677.0
2024-01-05,245.62,245.98,243.54,244.44,115673236.0,TSLA,252.25500000000002,279.2848,260.79064999999997,252.25500000000002,280.6696555958642,223.84034440413586,0.0330924305819702,-0.041937759661362595,40.58938811061915,-8.844237479229264,-8.543516062735522,-0.30072141649374196,12.12285714285714,-1530104441.0
2024-01-08,249.99,250.65,248.66,249.27,42630818.0,TSLA,252.68500000000003,276.1118,260.98535,252.68500000000003,280.6176826118569,224.75231738814315,0.019759450171821458,-0.02300697656188766,41.772782243722,-7.8523807125093015,-8.405288992690277,0.5529082801809757,12.41928571428571,-1487473623.0
2024-01-09,255.16,256.75,254.71,255.86,104686361.0,TSLA,252.86550000000003,273.5198,261.12850000000003,252.86550000000003,280.8329807212722,224.89801927872787,0.026437196614113256,0.002821980089362741,44.152565502183414,-6.460101129324045,-8.016251420017031,1.5561502906929867,12.844999999999997,-1382787262.0
2024-01-10,256.11,256.51,255.96,256.42,59731589.0,TSLA,252.72400000000002,270.6528,261.27315,252.72400000000002,280.58390168872205,224.86409831127798,0.0021886969436410997,0.005016853492200379,44.8837848989135,-5.250992041309104,-7.463199544275446,2.2122075029663426,12.424999999999997,-1323055673.0
2024-01-11,260.76,263.41,255.84,258.4,110550968.0,TSLA,252.53249999999997,267.4346,261.43620000000004,252.53249999999997,280.1690378858457,224.8959621141543,0.0077217065751500336,0.012777298737947751,54.07252552866446,-4.085895268177097,-6.787738689055777,2.7018434208786797,11.015714285714283,-1212504705.0
2024-01-12,256.38,257.19,256.01,256.76,46910480.0,TSLA,252.017,264.5204,261.6017,252.017,278.8857438054742,225.1482561945258,-0.006346749226006088,0.006349455201066112,57.884317438457565,-3.257333462809555,-6.081657643806533,2.824324180996978,10.472857142857139,-1259415185.0
2024-01-15,242.58,245.68,241.92,244.47,61166839.0,TSLA,250.72200000000004,261.9062,261.71485,250.72200000000004,276.33346420936084,225.1105357906392,-0.04786571116996419,-0.04182017715763897,46.876084692815,-3.551453604327179,-5.5756168359106635,2.0241632315834845,10.587142857142853,-1320582024.0
2024-01-16,249.97,255.18,247.31,251.03,55158667.0,TSLA,249.65349999999998,259.7684,261.85965,249.65349999999998,273.1529918422104,226.15400815778958,0.026833558309813155,-0.016108803010112083,46.359414702532206,-3.2181123635865276,-5.104115941445837,1.8860035778593094,10.671428571428567,-1265423357.0
2024-01-17,252.25,252.6,251.79,252.5,20905739.0,TSLA,248.62849999999997,257.6456,261.97554999999994,248.62849999999997,269.47937429695406,227.77762570304589,0.005855873799944122,-0.01034726032766331,50.841436050860146,-2.8030089713984125,-4.643894547436352,1.8408855760379392,10.12785714285714,-1244517618.0
2024-01-18,243.88,245.9,243.01,244.36,80933916.0,TSLA,247.2815,255.74359999999996,262.0598,247.2815,265.24661271149887,229.3163872885011,-0.032237623762376155,-0.042251313004624924,56.440062272963175,-3.095187123143944,-4.334153062577871,1.2389659394339265,9.345714285714283,-1325451534.0
2024-01-19,256.0,257.54,255.73,256.8,61363832.0,TSLA,247.708,254.49920000000003,262.22015,247.708,266.1700619251028,229.24593807489717,0.05090849566213773,0.006506231872697166,53.07993292342093,-2.2964641694044587,-3.9266152839431885,1.6301511145387297,8.759285714285712,-1264087702.0
2024-01-22,257.46,259.62,255.71,256.69,60199978.0,TSLA,248.62050000000005,253.4584,262.3891,248.62050000000005,266.9574290604625,230.28357093953758,-0.00042834890965737227,0.006075096025711213,68.15963250071779,-1.6532884743731984,-3.4719499220291907,1.8186614476559924,7.324999999999998,-1324287680.0
2024-01-23,238.63,239.32,236.93,238.51,22082137.0,TSLA,247.9625,252.1232,262.4176,247.9625,266.7769265755945,229.14807342440554,-0.07082473021933078,-0.06517990123069706,53.48622795897199,-2.5807914087575625,-3.2937182193748655,0.712926810617303,7.973571428571426,-1346369817.0
2024-01-24,236.05,240.03,235.48,236.92,52571631.0,TSLA,246.8415,251.2552,262.45675000000006,246.8415,265.472397116576,228.210602883424,-0.006666387153578479,-0.07141177392803966,50.1840636503978,-3.4048943754831384,-3.3159534505965205,-0.08894092488661798,7.977142857142856,-1398941448.0
2024-01-25,237.15,240.32,236.32,237.84,24573802.0,TSLA,246.19850000000002,250.4142,262.47055,246.19850000000002,265.153538519169,227.24346148083106,0.003883167313861291,-0.06780591048052054,45.73091849935317,-3.9383665645075894,-3.4404360733787342,-0.4979304911288551,7.593571428571429,-1374367646.0
2024-01-26,238.43,238.58,236.53,237.66,103365234.0,TSLA,246.48399999999998,249.79899999999998,262.45015,246.48399999999998,264.6927317399913,228.27526826000866,-0.0007568113017154543,-0.06851140550286128,42.00963523743977,-4.325806409874275,-3.6175101406778425,-0.7082962691964325,7.296428571428572,-1477732880.0
2024-01-29,237.32,237.42,235.79,236.98,115010210.0,TSLA,245.7685,249.627,262.43255,245.7685,264.3037560500827,227.23324394991724,-0.0028612303290415086,-0.07117660892059274,35.85555888522623,-4.63430422137381,-3.820868956817036,-0.813435264556774,6.895714285714287,-1592743090.0
2024-01-30,238.51,238.62,237.89,238.29,91874035.0,TSLA,246.11350000000002,249.5186,262.43215,246.11350000000002,263.7573201794945,228.4696798205055,0.005527892649168642,-0.06604217292466896,36.568380500814925,-4.718690777718194,-4.000433320997268,-0.7182574567209263,6.966428571428575,-1500869055.0
2024-01-31,237.01,237.55,234.35,236.0,44952044.0,TSLA,246.2905,249.4916,262.47305,246.2905,263.42116868145274,229.15983131854728,-0.009610138906374521,-0.07501763737555855,33.480825958702084,-4.913709409865874,-4.183088538770989,-0.7306208710948843,6.70714285714286,-1545821099.0
2024-02-01,236.13,239.98,231.38,234.01,49958429.0,TSLA,246.1605,249.5412,262.46545000000003,246.1605,263.6364666248739,228.6845333751261,-0.008432203389830528,-0.0828172767892138,33.308877476155544,-5.169251535795041,-4.3803211381758,-0.7889303976192412,7.1507142857142885,-1595779528.0
2024-02-02,235.36,236.45,228.12,231.69,112657053.0,TSLA,245.523,249.5218,262.39855,245.523,264.15518392713966,226.89081607286033,-0.009914106234776288,-0.0919103237438269,39.01684427638364,-5.495624978778949,-4.60338190629643,-0.8922430724825192,6.685714285714288,-1708436581.0
2024-02-05,238.6,238.65,238.5,238.6,110255935.0,TSLA,244.9895,249.45980000000003,262.34135000000003,244.9895,263.78030007260065,226.19869992739936,0.029824334239716865,-0.06482715371952652,39.38151375363062,-5.137477391614993,-4.710201003360143,-0.4272763882548505,6.4178571428571445,-1598180646.0
2024-02-06,227.91,230.29,226.06,226.43,27384755.0,TSLA,243.51799999999997,249.1616,262.189,243.51799999999997,263.30730237327947,223.72869762672048,-0.05100586756077108,-0.11252645606333767,31.171457460638464,-5.7691568900863786,-4.921992180705391,-0.847164709380988,7.201428571428573,-1625565401.0
2024-02-07,225.8,226.03,224.28,225.37,96318859.0,TSLA,241.96549999999996,248.7582,261.9063,241.96549999999996,262.3557014393404,221.5752985606595,-0.00468135847723361,-0.11668103786156614,34.72244569589702,-6.282875506950461,-5.194168845954405,-1.0887066609960563,6.677142857142859,-1721884260.0
2024-02-08,222.45,234.39,221.2,228.0,37334188.0,TSLA,240.44549999999998,248.3366,261.61494999999996,240.44549999999998,260.19975814190167,220.6912418580983,0.011669698717664323,-0.1063729717018107,22.487581199847156,-6.403961312106617,-5.436127339184847,-0.9678339729217695,6.677857142857143,-1684550072.0
2024-02-09,234.56,234.59,234.53,234.58,74985335.0,TSLA,239.33649999999997,247.74259999999998,261.2936,239.33649999999997,257.6739190630739,220.999080936926,0.02885964912280703,-0.08058320921846818,31.202176500595158,-5.900949207176467,-5.529091712783171,-0.3718574943932955,6.8692857142857155,-1609564737.0
2024-02-12,241.14,243.05,238.07,239.05,20682902.0,TSLA,239.0655,247.24019999999996,260.94165,239.0655,257.24298691448763,220.88801308551237,0.019055332935459024,-0.06306341616367483,50.598669623059884,-5.083022923175065,-5.439877954861551,0.3568550316864858,6.062857142857145,-1588881835.0
2024-02-13,244.97,245.6,244.67,245.31,78714159.0,TSLA,238.7795,246.9438,260.65139999999997,238.7795,256.3336777603555,221.2253222396445,0.0261869901694205,-0.038527867053382514,58.428772352822996,-3.884898080459692,-5.128881979981179,1.2439838995214867,6.2057142857142855,-1510167676.0
2024-02-14,239.95,245.08,238.09,243.03,70021552.0,TSLA,238.30599999999998,246.718,260.3523,238.30599999999998,254.77951354208048,221.8324864579195,-0.0092943622355387,-0.047464137336364454,55.075298259338936,-3.0838042796945615,-4.719866439923855,1.6360621602292937,6.435714285714285,-1580189228.0
2024-02-15,234.2,234.29,233.19,233.85,97246700.0,TSLA,237.78050000000002,246.243,260.0235,237.78050000000002,254.11078246121963,221.4502175387804,-0.03777311443031728,-0.0834443834757389,46.83186429402961,-3.1533313100957514,-4.4065594139582345,1.253228103862483,6.9921428571428565,-1677435928.0
2024-02-16,229.75,229.81,228.64,229.07,44231945.0,TSLA,236.394,245.977,259.68005,236.394,250.47948995841062,222.3085100415894,-0.020440453282018378,-0.10217919573567458,43.84244122684104,-3.5531791964773447,-4.235883370462057,0.6827041739847122,7.230714285714285,-1721667873.0
2024-02-19,218.98,220.45,218.62,219.88,59561183.0,TSLA,234.55349999999999,245.5612,259.36690000000004,234.55349999999999,246.9965547527133,222.11044524728666,-0.04011874099620205,-0.1381986360429569,37.23478019692137,-4.559063675021605,-4.300519431373966,-0.2585442436476386,7.859999999999998,-1781229056.0
2024-02-20,215.21,216.0,213.33,215.15,32226398.0,TSLA,233.3855,244.81920000000002,259.04935,233.3855,248.3872409165202,218.38375908347982,-0.02151173367291248,-0.15673747746335354,36.01609657947686,-5.672516600661453,-4.574918865231464,-1.0975977354299893,8.046428571428567,-1813455454.0
2024-02-21,212.18,212.53,212.15,212.31,44995085.0,TSLA,232.15500000000003,243.8804,258.70205000000004,232.15500000000003,249.74925444495364,214.56074555504642,-0.013200092958401077,-0.167868621149173,35.610079575596814,-6.706788646668031,-5.001292821518778,-1.705495825149253,7.646428571428568,-1858450539.0
2024-02-22,213.12,214.1,212.24,213.88,97793005.0,TSLA,230.95700000000002,242.9134,258.2657,230.95700000000002,250.11480352205245,211.7991964779476,0.007394847157458306,-0.16171513678764615,38.0709979906229,-7.315442943149861,-5.464122845844995,-1.8513200973048667,7.1842857142857115,-1760657534.0
2024-02-23,220.78,221.85,219.44,219.45,69231924.0,TSLA,230.0465,241.96099999999998,257.865,230.0465,249.58998702927025,210.50301297072977,0.026042640733121347,-0.13988398526299306,36.93902605374436,-7.264611489474419,-5.82422057457088,-1.4403909149035385,7.256428571428567,-1691425610.0
2024-02-26,213.1,216.46,211.7,215.03,85306308.0,TSLA,228.94899999999998,240.85420000000002,257.41270000000003,228.94899999999998,249.3015980754584,208.59640192454157,-0.02014126224652535,-0.15720780747824736,41.30567419158023,-7.49459127375178,-6.158294714407061,-1.336296559344719,6.914285714285711,-1776731918.0
2024-02-27,224.2,227.23,218.65,219.72,90573327.0,TSLA,228.0205,239.80059999999997,257.02625,228.0205,248.2729181532166,207.7680818467834,0.021810910105566572,-0.13882574272948212,45.91704003468708,-7.215235363726919,-6.369682844271034,-0.845552519455885,7.632142857142853,-1686158591.0
2024-02-28,224.57,224.64,223.83,224.09,75959204.0,TSLA,227.425,238.8224,256.67355,227.425,247.38783968830992,207.4621603116901,0.01988894957218279,-0.12169789135376685,47.24376145495559,-6.565537880217647,-6.408853851460357,-0.15668402875729015,7.0414285714285665,-1610199387.0
2024-02-29,219.75,219.94,219.26,219.44,80859856.0,TSLA,226.69649999999996,237.7852,256.2964,226.69649999999996,246.71086250086174,206.68213749913818,-0.02075059128028922,-0.13992317943090105,39.02898550724636,-6.352634861739261,-6.397610053516138,0.04497519177687703,6.915714285714281,-1691059243.0
2024-03-01,205.21,205.25,205.12,205.21,114871998.0,TSLA,225.3725,236.92399999999998,255.7965,225.3725,247.39834594229706,203.34665405770295,-0.06484688297484498,-0.19569648036372211,28.517013712544426,-7.248592498410147,-6.567806542494941,-0.6807859559152067,7.333571428571424,-1805931241.0
2024-03-04,211.29,211.94,209.18,211.62,43668453.0,TSLA,224.02349999999996,236.38760000000002,255.4054,224.02349999999996,245.9428423595191,202.10415764048082,0.03123629452755705,-0.17057301873481256,28.652895703966536,-7.3566095357060135,-6.725567141137155,-0.6310423945688584,7.346428571428567,-1762262788.0
2024-03-05,205.76,207.81,205.12,206.38,23155290.0,TSLA,223.02100000000002,235.4818,254.94135000000003,223.02100000000002,246.27056221433054,199.7714377856695,-0.02476136471032986,-0.1911107627185078,27.616953707096613,-7.775407960530941,-6.935535305015913,-0.8398726555150287,7.2949999999999955,-1785418078.0
2024-03-06,185.75,186.51,185.04,185.14,68659314.0,TSLA,221.00950000000003,233.9978,254.36610000000002,221.00950000000003,249.72261783470432,192.29638216529574,-0.10291694931679429,-0.27435917535470755,24.071116789098255,-9.709276721171165,-7.490283588246964,-2.2189931329242008,8.116428571428568,-1854077392.0
2024-03-07,178.43,178.44,178.41,178.41,110493081.0,TSLA,218.53000000000003,232.55200000000002,253.82125,218.53000000000003,252.73986869003778,184.32013130996228,-0.036350869612185366,-0.3007368503566672,23.581560283687935,-11.650635132257719,-8.322353897049116,-3.3282812352086033,8.224999999999994,-1964570473.0
2024-03-08,177.89,179.16,170.82,175.2,67152816.0,TSLA,215.561,231.41699999999997,253.2877,215.561,253.95667952668578,177.16532047331424,-0.0179922650075669,-0.3133181782550759,25.150166852057836,-13.294940039721467,-9.316871125583587,-3.9780689141378804,8.07428571428571,-2031723289.0
2024-03-11,179.4,182.02,179.06,180.0,76392587.0,TSLA,212.6085,229.9912,252.83815,212.6085,252.4531733017915,172.76382669820848,0.027397260273972712,-0.2945049776593245,30.465710792486377,-14.048797844261799,-10.26325646931923,-3.785541374942568,8.093571428571426,-1955330702.0
2024-03-12,170.62,173.11,168.68,169.07,26704745.0,TSLA,208.79649999999998,228.7448,252.35475000000002,208.79649999999998,250.0318360347037,167.56116396529626,-0.06072222222222223,-0.33734420318256664,27.952274117887,-15.351235749878697,-11.280852325431123,-4.070383424447574,8.68785714285714,-1982035447.0
2024-03-13,174.12,174.72,172.77,173.59,64480610.0,TSLA,205.3245,227.5674,251.87064999999998,205.3245,246.11445205220605,164.53454794779395,0.026734488673330725,-0.31962843928823403,30.05643005643006,-15.836151650292152,-12.191912190403329,-3.644239459888823,8.958571428571428,-1917554837.0
2024-03-14,164.01,165.5,162.11,163.43,84975336.0,TSLA,201.8035,226.10379999999998,251.29949999999997,201.8035,244.34547198062444,159.2615280193756,-0.05852871709199836,-0.3594497138825744,23.47537878787881,-16.846086881097108,-13.122747128542084,-3.723339752555024,9.209285714285713,-2002530173.0
2024-03-15,174.7,174.7,174.62,174.62,100537312.0,TSLA,199.081,224.7074,250.81459999999998,199.081,241.24329939799964,156.91870060200034,0.06846968120908037,-0.3155914399937291,32.019222212334256,-16.552718906587103,-13.808741484151088,-2.7439774224360143,9.460714285714284,-1901992861.0
2024-03-18,183.07,183.1,183.02,183.09,82246810.0,TSLA,197.2415,223.3838,250.45524999999998,197.2415,238.7887364145254,155.6942635854746,0.048505325850418,-0.2823939797758095,34.23159707275076,-15.458567713947218,-14.138706730110316,-1.319860983836902,9.194999999999997,-1819746051.0
2024-03-19,172.83,172.91,172.67,172.71,29623703.0,TSLA,195.1195,221.72079999999997,250.0856,195.1195,237.14792019646694,153.09107980353303,-0.05669342946092082,-0.32307752606412177,28.97020301244271,-15.253194925252728,-14.3616043691388,-0.891590556113929,9.587857142857143,-1849369754.0
2024-03-20,189.45,190.33,184.09,188.22,32702548.0,TSLA,193.915,220.3568,249.78654999999998,193.915,235.244018478804,152.58598152119598,0.08980371721382663,-0.2622873716391002,38.26492256803488,-13.681199778267,-14.225523450964442,0.5443236726974412,10.501428571428571,-1816667206.0
2024-03-21,194.27,194.58,192.35,192.53,66892714.0,TSLA,192.84750000000003,219.0394,249.5418,192.84750000000003,233.0939585562018,152.60104144379824,0.022898735522261182,-0.24539468527083186,44.84971567831031,-11.949850876460289,-13.770388936063613,1.820538059603324,9.932857142857143,-1749774492.0
2024-03-22,185.55,186.52,183.53,184.69,56398750.0,TSLA,191.1095,217.59799999999998,249.23875,191.1095,229.4771993947043,152.7418006052957,-0.04072092660884019,-0.276122912910559,39.1873444150004,-11.082613407791683,-13.232833830409227,2.1502204226175436,10.095,-1806173242.0
2024-03-25,178.28,178.42,177.61,177.76,111300245.0,TSLA,189.246,216.2638,248.91905,189.246,226.32045674798474,152.17154325201528,-0.037522334723049444,-0.30328447127067504,38.662652511487885,-10.829676776694726,-12.752202419666327,1.9225256429716016,10.13642857142857,-1917473487.0
2024-03-26,181.07,181.12,180.95,181.0,85167985.0,TSLA,187.31,214.8632,248.53279999999998,187.31,221.62531129793217,152.99468870206783,0.018226822682268384,-0.2905855608685428,48.08722971724266,-10.249630393052456,-12.251688014343554,2.0020576212910974,8.852142857142857,-1832305502.0
2024-03-27,180.27,180.36,179.57,179.73,25035528.0,TSLA,185.09199999999998,213.40779999999998,248.09040000000002,185.09199999999998,214.82631588338543,155.35768411661454,-0.007016574585635427,-0.29556322019283543,50.64227325807706,-9.779683734722425,-11.757287158419327,1.9776034236969018,8.47357142857143,-1857341030.0
2024-03-28,183.4,183.9,182.0,183.21,117690272.0,TSLA,183.28050000000002,212.18480000000002,247.69725000000003,183.28050000000002,208.23410535073694,158.3268946492631,0.019362376898681477,-0.28192364976091566,53.887217315345055,-9.022435683498372,-11.210316863435136,2.1878811799367632,8.175714285714289,-1739650758.0
2024-03-29,171.72,173.06,170.71,172.77,89872259.0,TSLA,181.6585,210.50419999999997,247.26535,181.6585,204.75870029533394,158.55829970466607,-0.05698378909448176,-0.32284236105667485,46.67341492592253,-9.159150906231673,-10.800083671994445,1.6409327657627717,8.581428571428573,-1829523017.0
2024-04-01,166.47,175.75,164.26,170.26,54231988.0,TSLA,179.5905,208.77559999999997,246.80835,179.5905,198.40479073310547,160.7762092668945,-0.01452798518261278,-0.3326800972015366,50.59351620947631,-9.362114104598419,-10.51248975851524,1.1503756539168215,8.593571428571432,-1883755005.0
2024-04-02,172.8,173.6,170.87,173.02,102063169.0,TSLA,177.9225,207.46580000000003,246.30180000000001,177.9225,192.07388434739593,163.7711156526041,0.016210501585810055,-0.32186250685897944,49.71063052086507,-9.19426915625786,-10.248845638063765,1.0545764818059045,8.42857142857143,-1781691836.0
2024-04-03,183.03,183.86,181.63,182.22,88364258.0,TSLA,177.7765,206.3718,245.9337,177.7765,191.67229910015732,163.88070089984268,0.053173043578776946,-0.28580387238378935,59.632933456372385,-8.224085573868422,-9.843893625224698,1.6198080513562765,8.382857142857146,-1693327578.0
2024-04-04,176.52,180.14,175.75,177.75,60445903.0,TSLA,177.74349999999998,205.17,245.56060000000002,177.74349999999998,191.63609897629468,163.8509010237053,-0.024530786960816564,-0.3033236654385828,51.723378482545975,-7.726829655200163,-9.420480831219791,1.6936511760196282,8.040000000000004,-1753773481.0
2024-04-05,178.88,179.96,178.46,179.68,47390970.0,TSLA,177.96750000000003,204.0104,245.24360000000001,177.96750000000003,191.83186230432605,164.103137695674,0.010857946554149178,-0.29575919103237436,47.97674142636763,-7.0952265319677394,-8.955429971369382,1.8602034394016425,7.592142857142862,-1706382511.0
2024-04-08,174.02,177.21,172.85,176.12,27538372.0,TSLA,177.7735,202.79319999999998,244.90600000000003,177.7735,191.6266930957351,163.92030690426492,-0.019813000890472,-0.3097123148075567,52.20142027114267,-6.803512101720457,-8.525046397439597,1.72153429571914,7.335714285714291,-1733920883.0
2024-04-09,186.94,187.48,185.08,186.52,95086873.0,TSLA,178.64600000000002,201.75779999999997,244.60354999999998,178.64600000000002,192.38876674818746,164.90323325181257,0.05905064728594134,-0.26895038018342876,48.824993088194645,-5.6677983788575546,-7.953596793723189,2.285798414865634,6.888571428571432,-1638834010.0
2024-04-10,194.06,194.14,193.84,193.89,59636948.0,TSLA,179.661,200.9156,244.25149999999996,179.661,194.76285893055024,164.55914106944977,0.039513188934162446,-0.24006427843536893,50.901856763925714,-4.125483657197378,-7.1879741664180266,3.0624905092206482,6.9785714285714295,-1579197062.0
2024-04-11,206.61,206.66,206.37,206.51,49460883.0,TSLA,181.815,200.3656,244.0407,181.815,199.27438625557573,164.35561374442426,0.06508845221517356,-0.19060123853570599,63.60688450985282,-1.8633797167832995,-6.1230552764910815,4.259675559707782,7.2478571428571446,-1529736179.0
2024-04-12,213.51,214.55,212.55,213.36,66843480.0,TSLA,183.752,199.99899999999997,243.80235000000002,183.752,205.83425255482473,161.6697474451753,0.03317030652268671,-0.1637532335188524,72.22222222222221,0.47659778316258894,-4.803124664560348,5.2797224477229365,7.316428571428576,-1462892699.0
2024-04-15,215.86,216.24,215.31,215.54,35254969.0,TSLA,185.37449999999998,199.53779999999998,243.59830000000002,185.37449999999998,211.62676404272094,159.12223595727903,0.01021747281589791,-0.15520890491494876,71.84969635627529,2.4783853083833094,-3.3468226699716164,5.825207978354926,7.28214285714286,-1427637730.0
2024-04-16,201.35,201.47,200.83,200.86,119968635.0,TSLA,186.78199999999998,199.02640000000002,243.44015000000002,186.78199999999998,213.1933273944562,160.37067260554377,-0.06810800779437687,-0.21274594340362163,61.42779881016767,2.8474395197854676,-2.1079702320201994,4.955409751805667,8.230714285714287,-1547606365.0
2024-04-17,199.64,200.05,199.59,199.69,102475870.0,TSLA,187.3555,198.5128,243.26475,187.3555,214.3890935068767,160.32190649312332,-0.005824952703375574,-0.21733166104883606,59.141335700022175,3.01080177065856,-1.0842158314844477,4.095017602143008,8.02357142857143,-1650082235.0
2024-04-18,193.88,194.09,192.1,192.7,94940613.0,TSLA,187.36399999999998,197.8068,243.0602,187.36399999999998,214.40454997884106,160.3234500211589,-0.035004256597726546,-0.244728384416399,61.49498212019839,2.5468741692553465,-0.3579978313364889,2.904872000591835,7.672857142857144,-1745022848.0
2024-04-19,204.35,204.71,203.93,204.17,39204586.0,TSLA,188.338,197.1986,242.9607,188.338,216.35858160860536,160.31741839139463,0.05952257394914384,-0.19977267382613473,67.72608468374281,3.0693596761985873,0.32747367017052637,2.7418860060280608,7.710000000000002,-1705818262.0
2024-04-22,197.57,197.57,197.55,197.56,92647769.0,TSLA,189.328,196.36880000000002,242.85495,189.328,217.17353604969807,161.48246395030193,-0.032374981632952826,-0.22568001881320054,62.33165829145728,2.916442512963812,0.8452674387291835,2.0711750742346284,7.944285714285714,-1798466031.0
2024-04-23,203.28,203.56,201.39,202.26,108625883.0,TSLA,190.39100000000002,195.50779999999997,242.7921,190.39100000000002,218.51968017560273,162.2623198243973,0.02379024093946147,-0.2072587598965273,60.547368421052624,3.138328581506812,1.3038796672847095,1.8344489142221025,7.598571428571428,-1689840148.0
2024-04-24,201.43,201.96,200.66,200.97,57501237.0,TSLA,191.453,194.6666,242.70685,191.453,219.49060264547506,163.41539735452494,-0.0063779293978047935,-0.21231480755663545,62.644304073186674,3.173500531715632,1.6778038401708941,1.495696691544738,7.2507142857142854,-1747341385.0
2024-04-25,205.25,205.41,205.15,205.21,74528458.0,TSLA,192.553,194.09380000000002,242.67835,192.553,220.95284069637063,164.15315930362937,0.02109767627009007,-0.19569648036372178,63.561032614469354,3.503125272970806,2.042868126730877,1.460257146239929,7.409999999999998,-1672812927.0
2024-04-26,195.21,195.88,194.7,194.86,53680662.0,TSLA,193.6575,193.40959999999998,242.62584999999999,193.6575,220.49295876948443,166.82204123051557,-0.05043613858973728,-0.23626244414831055,59.28458184700754,2.89581559420526,2.2134576202257534,0.6823579739795065,7.672857142857142,-1726493589.0
2024-04-29,186.11,186.26,185.57,185.85,88832535.0,TSLA,194.43699999999998,192.72899999999998,242.48315,194.43699999999998,219.2395271208242,169.63447287917577,-0.046238324951247134,-0.27157638943325224,49.663418064905045,1.6682559815631919,2.1044172924932414,-0.4361613109300495,7.525000000000001,-1815326124.0
2024-04-30,191.47,191.54,191.41,191.51,41084900.0,TSLA,195.3615,192.25619999999998,242.4191,195.3615,218.09483214745666,172.62816785254336,0.030454667742803254,-0.24939249039742883,48.78347986096912,1.1389912596178817,1.9113320859181695,-0.7723408263002878,7.387142857142861,-1774241224.0
2024-05-01,192.2,193.94,191.02,192.44,114817832.0,TSLA,195.8725,191.8588,242.39544999999998,195.8725,217.80749763056514,173.93750236943487,0.004856143282335079,-0.24574743278200206,41.832114245907356,0.7855332437391667,1.686172317482369,-0.9006390737432024,6.6835714285714305,-1659423392.0
2024-05-02,192.07,192.11,189.92,190.14,106359350.0,TSLA,196.49200000000002,191.384,242.40775000000002,196.49200000000002,216.92002780496114,176.0639721950389,-0.011951777177302114,-0.25476209140079964,35.76857072811961,0.316179718549364,1.4121737976957682,-1.0959940791464042,6.2892857142857155,-1765782742.0
2024-05-03,184.23,184.28,184.15,184.24,30391236.0,TSLA,196.71999999999997,190.6798,242.3629,196.71999999999997,216.44774695702128,176.99225304297866,-0.03102976753970743,-0.2778866504664106,31.652989449003528,-0.5258058606568454,1.0245778660252456,-1.550383726682091,6.511428571428572,-1796173978.0
2024-05-06,191.13,191.66,189.57,190.25,43398526.0,TSLA,197.42649999999998,190.18419999999998,242.38745,197.42649999999998,214.93524701700616,179.9177529829938,0.032620495006513206,-0.2543309555538136,43.07712384183739,-0.7000588829904189,0.6796505162221127,-1.3797093992125316,5.990714285714286,-1752775452.0
2024-05-07,184.85,184.94,184.84,184.91,100548317.0,TSLA,197.346,189.488,242.33434999999997,197.346,215.07924846306767,179.61275153693234,-0.028068331143232594,-0.275260641216587,40.853960396039604,-1.2545869331607093,0.2928030263455483,-1.5473899595062577,6.286428571428571,-1853323769.0
2024-05-08,183.61,183.79,183.58,183.68,44393909.0,TSLA,196.8355,188.6798,242.29614999999998,196.8355,215.54843892359395,178.12256107640604,-0.006651884700665134,-0.28008152386924823,43.98987206823029,-1.7728686028592335,-0.12033129949540808,-1.6525373033638255,5.839285714285713,-1897717678.0
2024-05-09,188.23,189.0,188.01,188.66,80452265.0,TSLA,195.94299999999998,188.06419999999997,242.30900000000003,195.94299999999998,214.41425003606966,177.4717499639303,0.027112369337979114,-0.2605628282511562,38.68708971553611,-1.7614611520206438,-0.44855727000045525,-1.3129038820201886,5.361428571428568,-1817265413.0
2024-05-10,184.21,185.08,184.09,184.43,36363954.0,TSLA,194.49650000000003,187.64860000000002,242.29335,194.49650000000003,211.71331341627425,177.2796865837258,-0.022421286971270993,-0.277141961276162,40.078585461689585,-2.069885956611273,-0.7728230073226189,-1.2970629492886543,5.214999999999997,-1853629367.0
2024-05-13,183.87,184.87,183.48,184.36,64232977.0,TSLA,192.9375,187.1034,242.20805000000001,192.9375,207.58636397608205,178.28863602391795,-0.00037954779591165,-0.27741632045151665,35.4566135846604,-2.2935249236653306,-1.0769633905911613,-1.2165615330741693,4.885714285714284,-1917862344.0
2024-05-14,184.63,184.84,184.47,184.82,63193755.0,TSLA,192.1355,186.6722,242.15005000000002,192.1355,206.71423357434946,177.55676642565055,0.002495118246908179,-0.2756133887277572,36.699061110196,-2.405908445731427,-1.3427524016192145,-1.0631560441122125,4.805714285714283,-1854668589.0
2024-05-15,178.71,179.48,177.81,178.59,112511071.0,TSLA,191.0805,186.5412,242.11180000000002,191.0805,206.39277299295622,175.76822700704378,-0.03370847310897085,-0.3000313553343261,28.771929824561383,-2.9635205106467026,-1.6669060234247124,-1.2966144872219902,4.989285714285712,-1967179660.0
2024-05-16,169.19,170.1,168.77,168.89,101044615.0,TSLA,189.89000000000001,186.3508,242.01885,189.89000000000001,208.1002446586149,171.67975534138512,-0.05431435130746409,-0.33804969820490705,29.073327961321482,-4.140412920359296,-2.161607402811629,-1.9788055175476669,4.939999999999996,-2068224275.0
2024-05-17,168.15,168.54,166.2,166.65,97468610.0,TSLA,188.014,186.1798,241.8925,188.014,207.7007761120128,168.32722388798723,-0.013263070637693053,-0.3468291918162576,32.63386396526772,-5.1939848889903715,-2.7680829000473777,-2.425901988942994,4.468571428571423,-2165692885.0
2024-05-20,168.99,169.73,168.71,168.72,62982844.0,TSLA,186.572,185.95420000000001,241.83270000000002,186.572,207.50044209255353,165.64355790744648,0.012421242124212473,-0.3387159990593398,27.95511704391562,-5.7951140964478896,-3.3734891393274804,-2.421624957120409,4.28214285714285,-2102710041.0
2024-05-21,165.92,166.19,165.84,166.16,54462073.0,TSLA,184.767,185.89600000000002,241.68429999999998,184.767,206.21890174370037,163.31509825629962,-0.015173067804646778,-0.34874970604374056,25.35633908477115,-6.4042596111630985,-3.9796432336946044,-2.424616377468494,4.279285714285708,-2157172114.0
2024-05-22,169.13,169.16,169.12,169.14,42806359.0,TSLA,183.1755,185.80700000000002,241.55475,183.1755,204.28615031784756,162.06484968215244,0.017934520943668764,-0.3370698440072116,30.555555555555515,-6.570806557322726,-4.497875898420229,-2.0729306589024965,4.3135714285714215,-2114365755.0
2024-05-23,174.4,174.67,169.68,172.24,31341227.0,TSLA,181.527,185.9832,241.4084,181.527,200.4261663419684,162.62783365803156,0.018328012297505136,-0.32491965195578876,38.28124999999998,-6.379117622748936,-4.874124243285971,-1.5049933794629649,4.28071428571428,-2083024528.0
2024-05-24,170.02,172.35,169.0,170.64,45383331.0,TSLA,180.316,185.9036,241.2403,180.316,198.71522927448547,161.91677072551454,-0.009289363678588125,-0.33119071882103923,29.044667664030754,-6.283872815060079,-5.156073957640793,-1.127798857419286,3.989999999999995,-2128407859.0
2024-05-27,168.58,168.98,167.49,167.78,109165889.0,TSLA,179.4125,185.5974,241.04989999999998,179.4125,198.43174330224062,160.39325669775937,-0.016760431317393243,-0.34240025084267434,30.670277589708846,-6.365787876670709,-5.398016741446776,-0.9677711352239324,3.828571428571422,-2237573748.0
2024-05-28,172.24,173.29,171.87,172.0,95160844.0,TSLA,178.43699999999998,185.5832,240.89445,178.43699999999998,196.83487642208905,160.0391235779109,0.025151984741923927,-0.3258603119855763,37.65327695560252,-6.020783575919268,-5.522570108341275,-0.498213467577993,4.127142857142851,-2142412904.0
2024-05-29,168.66,168.89,167.35,168.25,85929753.0,TSLA,177.2275,185.18379999999996,240.6651,177.2275,194.9161640773821,159.5388359226179,-0.021802325581395388,-0.3405581249510071,27.84892554807901,-5.981013441986704,-5.614258775070361,-0.36675466691634284,4.079285714285709,-2228342657.0
2024-05-30,174.28,174.34,169.81,171.7,97277995.0,TSLA,176.3055,184.7672,240.4037,176.3055,193.05781889683993,159.55318110316006,0.020505200594353568,-0.32703613702281087,35.94612497240006,-5.606481132586708,-5.612703246573631,0.006222113986922295,4.187857142857139,-2131064662.0
2024-05-31,175.18,175.71,175.13,175.15,22865906.0,TSLA,175.851,184.5764,240.18294999999998,175.851,192.18493870701678,159.51706129298321,0.0200931857891673,-0.3135141490946145,40.53831929319909,-4.973938939950415,-5.484950385248988,0.511011445298573,4.374999999999996,-2108198756.0
2024-06-03,164.63,166.72,163.89,166.51,109074337.0,TSLA,174.66400000000002,184.35139999999998,239.81205000000003,174.66400000000002,190.01280129042684,159.3151987095732,-0.04932914644590358,-0.34737791016696695,33.89621811785402,-5.110905154381186,-5.410141339075428,0.29923618469424174,5.144999999999998,-2217273093.0
2024-06-04,168.83,169.46,166.31,168.25,95954763.0,TSLA,173.831,184.0964,239.40865000000002,173.831,188.63720908162526,159.02479091837472,0.010449822833463518,-0.340558124951007,40.12605042016807,-5.021167514355369,-5.332346574131416,0.3111790597760473,4.869285714285714,-2121318330.0
2024-06-05,172.62,174.6,168.86,170.89,60069684.0,TSLA,173.1915,183.9196,239.00505,173.1915,187.29473333589502,159.08826666410496,0.015690936106983466,-0.3302108646233439,52.207505518763796,-4.683040673715709,-5.202485394048275,0.5194447203325661,4.621428571428571,-2061248646.0
2024-06-06,162.85,163.79,161.42,162.26,78931664.0,TSLA,171.87150000000003,183.50059999999996,238.5713,171.87150000000003,184.7691199762989,158.97388002370116,-0.05050032184446129,-0.3640354315277885,45.753530663571276,-5.053191545878775,-5.1726266244143755,0.11943507853560043,5.105714285714285,-2140180310.0
2024-06-07,160.71,163.16,156.02,162.48,87363800.0,TSLA,170.77399999999997,183.2948,238.1327,170.77399999999997,182.88358802377937,158.66441197622058,0.0013558486379883217,-0.3631731598338166,43.739967897271264,-5.2680597044580395,-5.191713240423109,-0.0763464640349305,5.395714285714285,-2052816510.0
2024-06-10,165.09,167.49,163.75,166.25,33221830.0,TSLA,169.86849999999998,183.2146,237.70449999999997,169.86849999999998,180.29153779339345,159.44546220660652,0.0232028557360906,-0.34839695853257024,50.08814887365328,-5.075628094177318,-5.168496211173951,0.092868116996633,5.547857142857144,-2019594680.0
2024-06-11,172.4,174.55,169.77,172.5,38567325.0,TSLA,169.2525,183.2042,237.27245,169.2525,177.09069225938885,161.41430774061115,0.03759398496240607,-0.3239006035901857,53.09278350515465,-4.368445173368457,-5.008486003612853,0.6400408302443958,5.926428571428573,-1981027355.0
2024-06-12,172.21,172.77,172.09,172.53,113111872.0,TSLA,168.9495,183.0104,236.8504,168.9495,175.65446901365638,162.24453098634362,0.00017391304347835757,-0.3237830210864622,50.28292682926828,-3.7622084670553306,-4.759230496301349,0.9970220292460183,5.580000000000003,-1867915483.0
2024-06-13,171.23,172.81,169.38,169.57,93577219.0,TSLA,168.9835,182.8468,236.37495,168.9835,175.69409264779335,162.27290735220663,-0.01715643656175747,-0.3353844947871756,48.983083064056274,-3.480487874165476,-4.503481971874175,1.0229940977086986,5.585714285714289,-1961492702.0
2024-06-14,167.88,170.52,159.06,164.83,93865927.0,TSLA,168.89249999999998,182.5498,235.88004999999998,168.89249999999998,175.783271479258,162.00172852074198,-0.027953057734268927,-0.35396253037548,47.29308129932099,-3.5982225905718224,-4.322430095613704,0.7242075050418819,6.17928571428572,-2055358629.0
2024-06-17,161.35,161.72,160.72,161.69,100013434.0,TSLA,168.541,182.2612,235.34895,168.541,176.1487270967982,160.93327290320178,-0.019049930231147316,-0.366269499098534,40.34824939149972,-3.8999438345874182,-4.237932843408448,0.33798900882102956,6.079285714285722,-2155372063.0
2024-06-18,152.69,153.44,152.34,153.31,37069837.0,TSLA,167.89849999999998,181.597,234.81555,167.89849999999998,178.08596655146684,157.71103344853313,-0.05182757127837212,-0.39911421180528317,37.12956581667815,-4.76038134674107,-4.342422544074973,-0.41795880266609764,6.415000000000006,-2192441900.0
2024-06-19,150.47,150.48,150.4,150.43,61434681.0,TSLA,166.963,180.7278,234.26245,166.963,179.76990783996945,154.15609216003054,-0.01878546735372766,-0.4104021321627339,31.49469288324346,-5.610007530374389,-4.5959395413348565,-1.0140679890395328,6.1878571428571485,-2253876581.0
2024-06-20,148.37,148.62,147.97,148.33,68517599.0,TSLA,165.76749999999998,179.56419999999997,233.7425,165.76749999999998,180.77513156742538,150.7598684325746,-0.013959981386691411,-0.4186329074233751,26.104775481111915,-6.3792587280315445,-4.952603378674194,-1.4266553493573504,6.077142857142862,-2322394180.0
2024-06-21,148.64,149.45,148.24,148.77,86406945.0,TSLA,164.67399999999998,178.2724,233.24074999999996,164.67399999999998,181.2878602884652,148.06013971153476,0.0029663587945796266,-0.4169083640354313,31.4899833055092,-6.874150592543231,-5.336912821448001,-1.5372377710952296,5.359285714285717,-2235987235.0
2024-06-24,150.19,150.82,149.43,149.59,119633957.0,TSLA,163.7645,176.9534,232.72435000000002,163.7645,181.6084592904246,145.9205407095754,0.005511863951065399,-0.4136944422669905,30.148936170212764,-7.118135379923672,-5.6931573331431355,-1.4249780467805362,5.280714285714287,-2116353278.0
2024-06-25,158.55,158.72,158.45,158.56,56360520.0,TSLA,163.0925,176.10739999999998,232.24329999999998,163.0925,180.6404156057266,145.54458439427341,0.05996390133030283,-0.3785372736536802,38.43990249390588,-6.512617644909227,-5.857049395496355,-0.6555682494128723,5.479285714285715,-2059992758.0
2024-06-26,154.3,154.7,154.28,154.47,108779423.0,TSLA,162.4035,175.203,231.701,162.4035,180.17940122078116,144.62759877921886,-0.025794651866801188,-0.3945676883279766,42.01680672268908,-6.290259104428856,-5.943691337282855,-0.34656776714600035,5.108571428571429,-2168772181.0
2024-06-27,151.06,152.58,150.32,151.22,38563865.0,TSLA,161.37949999999998,174.3734,231.1681,161.37949999999998,179.25975606199623,143.49924393800373,-0.02103968408105139,-0.4073057928980166,39.13546893091471,-6.303621967534809,-6.015677463333247,-0.2879445042015627,4.895000000000002,-2207336046.0
2024-06-28,150.92,151.82,148.66,151.13,39064600.0,TSLA,160.1785,173.31259999999997,230.65599999999998,160.1785,177.37806826264858,142.97893173735145,-0.000595159370453624,-0.4076585404091869,34.29580390527626,-6.2494347865774955,-6.062428927982096,-0.1870058585953993,4.762857142857143,-2246400646.0
2024-07-01,142.11,142.44,141.91,142.23,59579927.0,TSLA,158.9645,172.206,230.06725000000003,158.9645,177.64606589290597,140.282934107094,-0.05888969761132801,-0.44254134984714255,20.200826934435895,-6.845733322447671,-6.219089806875211,-0.6266435155724599,4.828571428571428,-2305980573.0
2024-07-02,142.8,142.98,141.67,142.55,50309934.0,TSLA,157.67950000000002,171.0118,229.52085,157.67950000000002,177.18898538533165,138.1700146146684,0.0022498769598540136,-0.44128713647409235,20.653876272513727,-7.209377664540256,-6.417147378408221,-0.7922302861320345,4.873571428571428,-2255670639.0
2024-07-03,143.93,144.41,143.37,144.17,25644898.0,TSLA,156.3435,169.87580000000003,228.91920000000002,156.3435,175.7029065535527,136.9840934464473,0.011364433532093932,-0.43493768127302634,24.467229593888206,-7.282895281113781,-6.590296958949333,-0.6925983221644483,4.761428571428569,-2230025741.0
2024-07-04,139.37,141.12,137.72,140.86,77972931.0,TSLA,155.27349999999998,168.58880000000002,228.30810000000002,155.27349999999998,175.5975705361494,134.94942946385058,-0.022959006728167974,-0.44791095085051313,25.191471744980333,-7.521544179784058,-6.776546403116278,-0.7449977766677804,4.403571428571425,-2307998672.0
2024-07-05,132.87,135.56,130.53,135.01,65140444.0,TSLA,153.9,167.3918,227.67295,153.9,175.82339773898067,131.97660226101934,-0.04153059775663792,-0.47083953907658516,23.853390827126603,-8.08947087612367,-7.0391312977177565,-1.0503395784059135,4.847857142857139,-2373139116.0
2024-07-08,127.81,128.59,127.2,128.12,53602582.0,TSLA,151.99349999999998,166.23719999999997,227.03490000000002,151.99349999999998,175.93381638098276,128.0531836190172,-0.05103325679579285,-0.4978443207650699,24.57096709065212,-8.99186961683273,-7.429678961540752,-1.5621906552919782,4.7378571428571385,-2426741698.0
2024-07-09,135.03,135.85,134.18,135.53,59463354.0,TSLA,150.14499999999998,165.1176,226.33965,150.14499999999998,173.10767130986113,127.18232869013883,0.05783640337183882,-0.4688014423453788,36.219015908250086,-9.005294617481354,-7.7448020927288725,-1.2604925247524816,5.082142857142853,-2367278344.0
2024-07-10,134.95,136.07,132.69,133.62,74028883.0,TSLA,148.1995,163.94119999999998,225.6564,148.1995,169.72494782835068,126.67405217164934,-0.014092820777687587,-0.4762875284157715,36.34676072025245,-9.065553012662122,-8.008952276715522,-1.0566007359465992,5.147857142857137,-2441307227.0
2024-07-11,132.18,132.28,132.09,132.11,37138361.0,TSLA,146.32649999999998,162.78060000000002,224.9944,146.32649999999998,166.49891187992057,126.1540881200794,-0.011300703487501784,-0.48220584776985154,34.83800509646886,-9.129908701049743,-8.233143561582366,-0.8967651394673766,5.170714285714282,-2478445588.0
2024-07-12,136.04,136.23,133.94,134.76,102946139.0,TSLA,144.823,161.791,224.32625,144.823,163.62441999118016,126.02158000881985,0.02005904170766759,-0.4718193932742806,36.93852386824024,-8.864889269432638,-8.359492703152421,-0.5053965662802167,5.318571428571424,-2375499449.0
2024-07-15,120.96,122.13,120.88,121.57,110772787.0,TSLA,142.817,160.4174,223.53785,142.817,162.5777757145982,123.05622428540181,-0.09787770851884836,-0.523516500744689,19.675356615838623,-9.608422315665024,-8.609278625654941,-0.999143690010083,5.6578571428571385,-2486272236.0
2024-07-16,120.33,122.22,119.01,120.91,43862941.0,TSLA,141.197,159.13739999999999,222.7075,141.197,162.58142532116182,119.81257467883819,-0.005428970963231028,-0.5261033158266049,20.847810979847097,-10.134114334044654,-8.914245767332885,-1.219868566711769,5.5814285714285665,-2530135177.0
2024-07-17,121.54,121.54,120.97,121.31,49580708.0,TSLA,139.741,157.89,221.82704999999999,139.741,162.405558839055,117.07644116094502,0.003308245802663201,-0.5245355491102921,22.664960701882634,-10.398583985663493,-9.211113410999006,-1.187470574664486,5.329999999999996,-2480554469.0
2024-07-18,121.21,122.12,120.44,121.7,106189596.0,TSLA,138.4095,156.5508,220.94525000000002,138.4095,162.05708581203194,114.76191418796807,0.003214903965048199,-0.5230069765618874,23.250318123977436,-10.45617606045704,-9.460125940890613,-0.9960501195664264,5.224285714285711,-2374364873.0
2024-07-19,115.85,115.86,115.52,115.63,83401621.0,TSLA,136.7525,155.1748,219.93715,136.7525,161.93767598656527,111.56732401343473,-0.0498767460969598,-0.5467978364819313,24.511307014181668,-10.866355879050758,-9.741371928522643,-1.1249839505281152,5.007142857142854,-2457766494.0
2024-07-22,113.95,115.12,113.21,114.89,32216387.0,TSLA,135.01749999999998,153.78539999999998,218.9084,135.01749999999998,161.23864524377842,108.79635475622153,-0.006399723255210543,-0.5496982049071096,23.70722433460071,-11.12292005738999,-10.017681554296113,-1.1052385030938776,5.086428571428568,-2489982881.0
2024-07-23,118.08,118.47,118.01,118.24,46621762.0,TSLA,133.00150000000002,152.4538,217.92864999999998,133.00150000000002,157.76057172395966,108.2424282760404,0.029158325354686987,-0.5365681586579916,26.13657279587703,-10.929938487058749,-10.200132940848642,-0.7298055462101072,5.209285714285712,-2443361119.0
2024-07-24,120.17,120.61,119.99,120.45,119896076.0,TSLA,131.3005,151.291,216.92025,131.3005,154.4729922903855,108.12800770961451,0.018690798376184148,-0.5279062475503643,30.828480180349402,-10.477888100194548,-10.255683972717824,-0.2222041274767239,4.917857142857142,-2323465043.0
2024-07-25,123.09,123.21,122.97,123.17,117395153.0,TSLA,129.898,150.3766,215.9269,129.898,151.323805002394,108.47219499760597,0.022581984225819918,-0.5172454338794386,38.18363273453093,-9.7873313799996,-10.16201345417418,0.3746820741745793,4.377142857142855,-2206069890.0
2024-07-26,120.33,122.31,117.67,120.45,119698013.0,TSLA,128.36399999999998,149.4526,214.8662,128.36399999999998,147.67836923505368,109.04963076494627,-0.02208329950474952,-0.5279062475503642,41.65033747006313,-9.351740429647435,-9.99995884926883,0.6482184196213954,4.212142857142855,-2325767903.0
2024-07-29,126.48,126.94,125.48,126.42,84128836.0,TSLA,127.5735,148.6066,213.82705,127.5735,145.7595470228253,109.38745297717468,0.04956413449564123,-0.5045073293093986,39.76174421218251,-8.427653611797211,-9.685497801774506,1.2578441899772947,4.1235714285714264,-2241639067.0
2024-07-30,128.19,128.19,128.18,128.19,82624760.0,TSLA,126.8555,147.8472,212.69674999999998,126.8555,143.63112451580758,110.07987548419243,0.014000949216895986,-0.49756996158971534,43.87824126268318,-7.466415750384073,-9.241681391496419,1.7752656411123464,4.008571428571427,-2159014307.0
2024-07-31,122.55,122.57,122.14,122.26,55652055.0,TSLA,125.76000000000002,146.9096,211.46774999999997,125.76000000000002,140.51467312237048,111.00532687762956,-0.04625945861611669,-0.5208121031590498,39.901578839450465,-7.10127023787652,-8.813599160772439,1.712328922895919,4.331428571428569,-2214666362.0
2024-08-01,123.8,126.5,122.07,125.1,64646037.0,TSLA,124.97200000000001,145.96679999999998,210.1282,124.97200000000001,137.90163564433948,112.04236435566055,0.023229183706854117,-0.5096809594732303,40.13480392156863,-6.507708708272318,-8.352421070272415,1.844712362000097,4.353571428571429,-2150020325.0
2024-08-02,127.15,127.39,127.01,127.17,113933341.0,TSLA,124.58,145.0974,208.74830000000003,124.58,136.6768025353639,112.48319746463612,0.016546762589928043,-0.5015677667163125,57.39957716701904,-5.803377496094953,-7.842612355436923,2.0392348593419705,3.5257142857142867,-2036086984.0
2024-08-05,136.64,137.18,132.05,134.52,89558075.0,TSLA,124.9,144.4322,207.3813,124.9,137.7087470113449,112.0912529886551,0.057796650153338014,-0.47276005330406834,65.28183247249046,-4.599090905402221,-7.193908065429984,2.5948171600277625,4.011428571428573,-1946528909.0
2024-08-06,131.79,132.07,131.42,131.72,70933143.0,TSLA,124.7095,143.6266,206.11260000000001,124.7095,136.95345614602982,112.46554385397019,-0.020814748736247446,-0.48373442031825664,61.09098657575111,-3.826512056222427,-6.520428863588473,2.6939168073660458,4.187857142857146,-2017462052.0
2024-08-07,136.76,136.93,136.33,136.83,82489783.0,TSLA,124.86999999999998,142.9982,204.7979,124.86999999999998,137.67697178557157,112.06302821442839,0.03879441238991821,-0.4637062005173629,64.64666021297194,-2.7699729344294326,-5.7703376777566655,3.000364743327233,4.440000000000003,-1934972269.0
2024-08-08,129.48,131.11,127.37,127.72,87017188.0,TSLA,124.65050000000001,142.1186,203.33995,124.65050000000001,137.07991583081744,112.22108416918257,-0.06657896660089169,-0.49941208748138266,61.05320899616017,-2.637357121806133,-5.143741566566559,2.5063844447604264,4.674285714285717,-2021989457.0
2024-08-09,127.62,127.62,127.52,127.53,50912782.0,TSLA,124.28899999999999,141.1662,201.96525000000003,124.28899999999999,135.87215637378634,112.70584362621364,-0.0014876291888505921,-0.5001567766716312,61.673439231621714,-2.5185571874510515,-4.618704690743458,2.1001475032924066,4.515714285714289,-2072902239.0
2024-08-12,121.8,121.82,121.68,121.75,69590769.0,TSLA,124.298,140.27100000000002,200.6981,124.298,135.87253757178402,112.72346242821598,-0.04532266917588024,-0.5228110057223485,53.10235106947145,-2.8578614304782093,-4.2665360386904085,1.4086746082121993,4.677857142857145,-2142493008.0
2024-08-13,131.26,131.76,127.94,129.29,29354903.0,TSLA,124.71700000000001,139.4918,199.55495,124.71700000000001,136.38149782349512,113.0525021765049,0.06193018480492807,-0.4932586031198557,57.140549273020994,-2.489648385209165,-3.91115850799416,1.4215101227849951,5.2235714285714305,-2113138105.0
2024-08-14,117.43,117.74,117.4,117.72,100984538.0,TSLA,124.5375,138.4284,198.35035,124.5375,136.5286667050378,112.54633329496218,-0.08948874622940672,-0.5386062553891979,46.148409893992934,-3.0957532826740533,-3.748077462930139,0.6523241802560857,5.875714285714287,-2214122643.0
2024-08-15,122.41,123.22,119.83,121.59,112542781.0,TSLA,124.53200000000001,137.615,197.26100000000002,124.53200000000001,136.5287462255663,112.53525377443373,0.032874617737003176,-0.5234381124088734,50.792767732962446,-3.2266246036773225,-3.643786891079576,0.41716228740225336,5.875714285714287,-2101579862.0
2024-08-16,123.8,124.08,122.22,123.14,113125206.0,TSLA,124.9075,136.8282,196.2816,124.9075,136.17927354935796,113.63572645064205,0.012747758861748393,-0.5173630163831621,47.5696502667457,-3.1687417400339797,-3.548777860870457,0.3800361208364773,5.590000000000002,-1988454656.0
2024-08-19,124.18,124.35,123.64,123.91,59648538.0,TSLA,125.3585,135.9814,195.3575,125.3585,135.61908226523659,115.09791773476343,0.006253045314276395,-0.5143450654542603,46.78098676293622,-3.0258563996862478,-3.4441935686336156,0.41833716894736783,5.550000000000002,-1928806118.0
2024-08-20,119.14,119.57,117.92,118.75,29595211.0,TSLA,125.38399999999999,134.9064,194.42489999999998,125.38399999999999,135.5723739728752,115.19562602712477,-0.041643128076829905,-0.534569256094693,47.32917364175924,-3.291050433320521,-3.4135649415709968,0.12251450825047572,5.545714285714287,-1958401329.0
2024-08-21,108.97,109.02,108.79,108.95,49019968.0,TSLA,124.80900000000001,133.63479999999998,193.56805,124.80900000000001,137.22447065477525,112.39352934522479,-0.08252631578947367,-0.572979540644352,38.8881243979634,-4.243085070118653,-3.579468967280528,-0.6636161028381249,5.940714285714286,-2007421297.0
2024-08-22,110.74,110.88,110.65,110.8,63479288.0,TSLA,124.1905,132.45940000000002,192.72259999999997,124.1905,138.093157792122,110.28784220787799,0.01698026617714543,-0.5657286195814062,38.70255348516218,-4.793048559688486,-3.8221848857621197,-0.9708636739263667,5.914999999999999,-1943942009.0
2024-08-23,111.75,112.69,111.14,112.16,58258971.0,TSLA,123.776,131.406,191.9413,123.776,138.61126296932628,108.94073703067372,0.012274368231046884,-0.5603982127459433,33.17785133915136,-5.060819971064404,-4.069911902822577,-0.9909080682418274,5.334999999999999,-1885683038.0
2024-08-26,116.82,117.1,113.11,115.39,58265101.0,TSLA,123.2245,130.48,191.29035,123.2245,138.46057281216153,107.9884271878385,0.02879814550641946,-0.5477384965117189,37.79339213634325,-4.955275407657339,-4.24698460378953,-0.7082908038678095,5.466428571428568,-1827417937.0
2024-08-27,111.03,112.26,109.41,110.12,107800491.0,TSLA,122.321,129.61620000000002,190.62240000000003,122.321,138.4350708699152,106.2069291300848,-0.04567120201057284,-0.5683938229991377,30.08202833706187,-5.236512283533216,-4.444890139738267,-0.7916221437949487,5.521428571428568,-1935218428.0
2024-08-28,115.93,116.63,115.1,115.72,45503865.0,TSLA,121.994,128.922,190.01425,121.994,138.37647767395072,105.6115223260493,0.05085361423901191,-0.546445088970761,40.55712936732766,-4.9504555648201745,-4.5460032247546485,-0.404452340065526,5.3107142857142815,-1889714563.0
2024-08-29,114.62,114.67,114.32,114.43,83458234.0,TSLA,121.4605,128.244,189.42875,121.4605,138.10986158095213,104.81113841904785,-0.011147597649498686,-0.5515011366308692,39.86695544554455,-4.772827587881835,-4.591368097380086,-0.1814594905017488,5.396428571428567,-1973172797.0
2024-08-30,117.73,118.4,115.4,116.22,28992668.0,TSLA,120.91299999999998,127.59299999999999,188.84654999999998,120.91299999999998,137.49184016007413,104.33415983992582,0.01564275102682866,-0.5444853805753702,45.44105523495465,-4.436477149108114,-4.560389907725692,0.12391275861757745,5.2621428571428535,-1944180129.0
2024-09-02,113.46,113.6,113.44,113.54,65519411.0,TSLA,119.86399999999999,126.87199999999999,188.20575,119.86399999999999,135.44251340791737,104.28548659208262,-0.023059714334882075,-0.5549894175746647,35.884567126725216,-4.336185755207239,-4.515549077222001,0.1793633220147619,4.745714285714283,-2009699540.0
2024-09-03,117.22,117.5,114.17,115.1,108070421.0,TSLA,119.03300000000002,126.00280000000001,187.57455,119.03300000000002,133.69478433890862,104.37121566109141,0.013739651224238036,-0.5488751273810455,47.13848842289209,-4.083750210068885,-4.429189303791378,0.3454390937224927,4.179285714285712,-1901629119.0
2024-09-04,115.9,116.81,115.71,116.22,102065459.0,TSLA,118.00249999999998,125.23780000000001,186.92794999999998,118.00249999999998,130.06408560758456,105.94091439241541,0.009730668983492619,-0.5444853805753702,43.760167325122,-3.7500898802873337,-4.29336941909057,0.5432795388032359,3.9085714285714266,-1799563660.0
2024-09-05,118.46,118.58,117.24,118.46,30435557.0,TSLA,117.5395,124.58259999999999,186.27485000000001,117.5395,128.7083560880899,106.37064391191012,0.019273791085871572,-0.5357058869640197,44.64775846294601,-3.267249566295675,-4.0881454485315905,0.8208958822359156,3.8992857142857127,-1769128103.0
2024-09-06,117.11,117.27,116.97,117.18,97374237.0,TSLA,117.022,123.90360000000001,185.53934999999998,117.022,127.15266132826697,106.89133867173304,-0.010805335134222438,-0.5407227404562199,42.392041600723495,-2.95383052181451,-3.861282463188174,0.9074519413736644,3.9192857142857127,-1866502340.0
2024-09-09,109.28,111.46,108.9,110.65,39093261.0,TSLA,116.46699999999998,123.272,184.77175,116.46699999999998,126.72249218714919,106.21150781285078,-0.055726233145588,-0.5663165321000234,41.11842105263157,-3.195524085006582,-3.728130787551856,0.5326067025452739,4.082857142857142,-1905595601.0
2024-09-10,112.08,112.61,111.48,112.07,22324143.0,TSLA,115.606,122.66239999999999,184.03145,115.606,124.06219897195626,107.14980102804373,0.012833258020786165,-0.5607509602571137,54.19129500268672,-3.235192556624213,-3.6295431413663275,0.3943505847421145,3.5114285714285702,-1883271458.0
2024-09-11,115.07,115.1,114.4,114.42,65921205.0,TSLA,115.441,122.06739999999999,183.33195,115.441,123.85218027894386,107.02981972105614,0.02096903720888732,-0.551540330798777,54.79851537645812,-3.0419391647961618,-3.5120223460522944,0.4700831812561326,3.5899999999999994,-1817350253.0
2024-09-12,118.99,120.68,117.81,119.66,90691323.0,TSLA,115.3445,121.6434,182.64225000000002,115.3445,123.49901176379967,107.18998823620032,0.04579618947736397,-0.5310025868150818,59.014423076923094,-2.4378581408306417,-3.2971895050079643,0.8593313641773226,3.9021428571428567,-1726658930.0
2024-09-13,120.34,120.46,119.99,120.11,96937308.0,TSLA,115.19300000000001,121.34539999999998,182.03095000000002,115.19300000000001,122.83412722468636,107.55187277531367,0.003760655189704254,-0.5292388492592301,56.07934054611026,-1.9008959922441875,-3.017930802455209,1.1170348102110217,3.606428571428571,-1629721622.0
2024-09-16,126.51,127.75,125.74,126.92,37615890.0,TSLA,115.34350000000002,121.3214,181.46220000000002,115.34350000000002,123.78426393403808,106.90273606596196,0.056698026808758684,-0.5025476209140078,70.81268582755206,-0.9152886565454708,-2.5974023732732614,1.6821137167277906,3.724999999999999,-1592105732.0
2024-09-17,123.23,125.93,123.08,123.71,115297882.0,TSLA,115.5915,121.085,180.8195,115.5915,124.7173436380395,106.4656563619605,-0.025291522218720552,-0.5151289488124167,60.52146431393205,-0.388726913117182,-2.1556672812420454,1.7669403681248634,3.5342857142857147,-1707403614.0
2024-09-18,130.24,131.61,127.67,128.9,48041863.0,TSLA,116.58899999999998,120.99060000000001,180.16775,116.58899999999998,126.93757101758212,106.24042898241785,0.04195295449034031,-0.49478717566826047,67.27967518509674,0.4422684917125821,-1.63608012665112,2.078348618363702,3.99857142857143,-1659361751.0
2024-09-19,128.71,128.94,128.52,128.88,48793956.0,TSLA,117.49300000000001,120.92599999999999,179.50099999999998,117.49300000000001,128.8244022916588,106.16159770834122,-0.00015515903801399666,-0.4948655640040761,65.78553615960101,1.0866977292092628,-1.0915245554790436,2.1782222846883066,3.7450000000000006,-1708155707.0
2024-09-20,130.06,132.93,129.38,132.13,20956648.0,TSLA,118.4915,120.8734,178.8263,118.4915,131.27112238963738,105.71187761036262,0.025217256362507712,-0.4821274594340361,72.85468404229161,1.8384676705048548,-0.5055261102822639,2.3439937807871187,3.8357142857142867,-1687199059.0
2024-09-23,127.66,127.69,127.44,127.56,26065739.0,TSLA,119.1,120.9932,178.11225,119.1,132.40593061286393,105.79406938713606,-0.03458714901990456,-0.5000391941679077,64.26282051282051,2.04195161117228,0.003969434008644912,2.0379821771636353,3.8878571428571442,-1713264798.0
2024-09-24,133.57,134.83,133.49,133.98,83789483.0,TSLA,120.293,121.2546,177.42015000000004,120.293,134.45957311013748,106.12642688986254,0.050329256820319745,-0.47487653837109034,68.12984891792568,2.6902429993171637,0.5412241470703487,2.149018852246815,4.285000000000002,-1629475315.0
2024-09-25,132.3,132.41,132.09,132.16,97951064.0,TSLA,121.11499999999998,121.47160000000002,176.71595000000002,121.11499999999998,136.0512554315479,106.17874456845206,-0.013584117032392817,-0.4820098769303127,64.10626029654037,3.0223203775011314,1.0374433931565052,1.9848769843446261,4.251428571428572,-1727426379.0
2024-09-26,137.04,137.11,136.98,137.06,31566909.0,TSLA,122.2465,121.77879999999999,176.04475,122.2465,138.42727907826435,106.06572092173565,0.037076271186440746,-0.4628047346554832,69.04944423150633,3.6389357549671786,1.55774186551864,2.0811938894485387,4.498571428571431,-1695859470.0
2024-09-27,140.35,141.27,138.09,138.82,77096041.0,TSLA,123.37650000000001,122.24259999999998,175.4975,123.37650000000001,140.88714551398476,105.86585448601525,0.01284109149277679,-0.45590656110370775,79.7089221683189,4.220968477996507,2.0903871880142137,2.1305812899822936,4.207857142857145,-1618763429.0
2024-09-30,136.16,136.7,135.03,135.23,87005187.0,TSLA,124.46100000000001,122.6494,174.98145,124.46100000000001,142.0928120393258,106.82918796067425,-0.02586082697017722,-0.4699772673826135,73.35619201290842,4.34249305042124,2.5408083604956193,1.8016846899256205,4.338571428571432,-1705768616.0
2024-10-01,141.09,143.6,139.28,142.32,109970947.0,TSLA,125.82199999999997,123.131,174.43470000000002,125.82199999999997,144.5777874296414,107.06621257035853,0.05242919470531682,-0.44218860233597246,75.68114874815905,4.9538015553076065,3.023406999458017,1.9303945558495896,4.720000000000003,-1595797669.0
2024-10-02,137.06,137.22,136.75,136.92,29022406.0,TSLA,126.857,123.46039999999999,173.8226,126.857,145.66626770450074,108.04773229549926,-0.03794266441821248,-0.4633534530061927,65.84067547723933,4.945524155371771,3.407830430640768,1.5376937247310032,4.670714285714288,-1624820075.0
2024-10-03,138.22,141.39,136.94,140.04,26344163.0,TSLA,127.93599999999999,123.7978,173.26930000000002,127.93599999999999,147.187754151125,108.68424584887498,0.022787028921998242,-0.4511248726189543,67.4365704286964,5.131568652226946,3.752578074958004,1.378990577268942,4.932857142857145,-1598475912.0
2024-10-04,142.41,144.22,140.29,142.11,26509690.0,TSLA,129.1825,124.23100000000001,172.8201,129.1825,148.72801058967616,109.63698941032385,0.014781491002570757,-0.4430116798620365,64.49150925395917,5.38397880044991,4.078858220056385,1.3051205803935249,4.685714285714289,-1571966222.0
2024-10-07,141.11,141.18,140.41,140.94,25161887.0,TSLA,130.697,124.5214,172.26835,130.697,148.83993668565142,112.55406331434858,-0.008233058898036827,-0.4475973975072509,67.1034345840778,5.427046821987005,4.348495940442509,1.078550881544496,4.5328571428571465,-1597128109.0
2024-10-08,137.85,138.77,136.13,136.86,56553275.0,TSLA,131.9365,124.6948,171.7957,131.9365,147.98792692461927,115.88507307538073,-0.02894848871860356,-0.4635886180136395,58.07957775071053,5.0734728010033905,4.493491312554686,0.5799814884487047,4.3121428571428595,-1653681384.0
2024-10-09,146.05,146.48,144.09,144.75,48906408.0,TSLA,133.453,125.1446,171.35715,133.453,148.21562720879513,118.69037279120487,0.05765015344147284,-0.4326644195343733,63.88937510939962,5.368040473440686,4.668401144731886,0.6996393287088001,4.969285714285716,-1604774976.0
2024-10-10,140.46,143.46,137.47,142.34,106658571.0,TSLA,134.587,125.4894,170.8858,134.587,148.3382090951864,120.83579090481359,-0.016649395509499065,-0.4421102140001567,59.06910641321728,5.345402148729846,4.803801345531478,0.5416008031983681,5.200000000000001,-1711433547.0
2024-10-11,138.54,141.42,137.74,138.78,53089278.0,TSLA,135.5205,125.7216,170.3575,135.5205,147.56230520653625,123.47869479346375,-0.025010538148096173,-0.45606333777533903,60.14833574529667,4.982760701748646,4.839593216774912,0.1431674849737341,5.193571428571429,-1764522825.0
2024-10-14,141.95,141.99,141.72,141.8,73120834.0,TSLA,136.2645,125.8672,169.82014999999998,136.2645,147.90080340111007,124.62819659888991,0.02176106067156658,-0.4442266990671787,57.536622976098705,4.8827679931252135,4.848228172044972,0.03453982108024167,4.903571428571429,-1691401991.0
2024-10-15,143.19,146.03,142.24,145.86,47853671.0,TSLA,137.372,126.15,169.27015,137.372,148.16277500755777,126.58122499244226,0.028631875881523383,-0.42831386689660567,62.65705838876571,5.072656691575531,4.893113875951084,0.17954281562444763,5.070714285714287,-1643548320.0
2024-10-16,148.24,149.11,148.15,148.79,38591413.0,TSLA,138.3665,126.3892,168.732,138.3665,149.52949577789994,127.20350422210007,0.020087755381872796,-0.4168299756996159,61.24640460210929,5.397354028633998,4.993961906487667,0.40339212214633147,4.949285714285714,-1604956907.0
2024-10-17,156.41,156.59,156.38,156.42,67208352.0,TSLA,139.74349999999998,126.96320000000001,168.22209999999998,139.74349999999998,152.63921005781762,126.84778994218233,0.051280327979030815,-0.38692482558595287,65.16718372974836,6.198899189820736,5.234949363154281,0.9639498266664548,5.2057142857142855,-1537748555.0
2024-10-18,160.53,164.37,158.68,161.73,40881419.0,TSLA,141.2235,127.6472,167.74695000000003,141.2235,156.92837457013624,125.51862542986376,0.03394706559263527,-0.36611272242690285,72.17944425845329,7.1798374307525705,5.623926976673939,1.5559104540786315,5.5028571428571444,-1496867136.0
2024-10-21,155.24,157.4,152.49,157.27,96564317.0,TSLA,142.709,128.3576,167.31095000000002,142.709,158.59159146296642,126.8264085370336,-0.027576825573486508,-0.3835933213137884,63.0887760462266,7.510773802642149,6.001296341867581,1.5094774607745673,5.5649999999999995,-1593431453.0
2024-10-22,161.28,161.4,161.24,161.25,117445130.0,TSLA,144.0725,128.9968,166.86205,144.0725,161.4149333568672,126.73006664313279,0.025306797227697464,-0.36799404248647805,71.84413718800505,8.001954449534054,6.4014279634008755,1.6005264861331785,5.462142857142857,-1475986323.0
2024-10-23,164.53,164.56,164.49,164.54,99607034.0,TSLA,145.6915,129.93320000000003,166.42225000000002,145.6915,164.34737338023808,127.0356266197619,0.020403100775193694,-0.3550991612448069,71.92982456140352,8.558042370038748,6.832750844728451,1.7252915253102978,5.3792857142857144,-1376379289.0
2024-10-24,157.18,157.28,156.92,156.96,94990043.0,TSLA,146.6865,130.6406,165.98525,146.6865,165.52583988676207,127.84716011323792,-0.04606782545277732,-0.38480834051893087,62.09874531530064,8.291523876188705,7.124505451020502,1.1670184251682034,5.625,-1471369332.0
2024-10-25,156.86,157.08,155.88,156.13,70945505.0,TSLA,147.552,131.3004,165.4819,147.552,166.46002959481535,128.64397040518463,-0.005287971457696328,-0.38806145645527956,62.44469932819926,7.92201196361458,7.284006753539318,0.6380052100752618,5.589285714285714,-1542314837.0
2024-10-28,159.43,162.3,157.72,161.16,64784976.0,TSLA,148.8485,132.0454,165.00424999999998,148.8485,167.7550138037407,129.9419861962593,0.032216742458207825,-0.36834678999764847,69.60309777347533,7.943482551043786,7.415901913040212,0.5275806380035739,5.686428571428572,-1477529861.0
2024-10-29,163.63,163.68,163.57,163.6,107320683.0,TSLA,149.9125,132.9424,164.6297,149.9125,169.64897851596206,130.17602148403793,0.015140233308513329,-0.35878341302814154,66.67256324075714,8.06442409331973,7.545606349096116,0.5188177442236137,5.179285714285718,-1370209178.0
2024-10-30,162.26,163.49,161.15,161.94,87866861.0,TSLA,151.1635,134.00220000000002,164.2548,151.1635,170.60202092598539,131.7249790740146,-0.01014669926650369,-0.36528964490083893,67.56902115453569,7.934854941617743,7.623456067600442,0.3113988740173017,4.834285714285717,-1458076039.0
2024-10-31,167.52,168.02,166.95,167.31,43175520.0,TSLA,152.527,135.1324,163.90215,152.527,172.49861680723987,132.5553831927601,0.03316042978881062,-0.3442423767343421,74.76992533425944,8.171291020009448,7.733023058082244,0.4382679619272043,4.940000000000004,-1414900519.0
2024-11-01,168.61,172.03,165.08,167.0,63628627.0,TSLA,153.7715,136.2292,163.54885000000002,153.7715,174.10860249507584,133.43439750492416,-0.0018528480066941633,-0.34545739593948444,72.9591836734694,8.238683491455816,7.834155144756959,0.4045283466988572,5.20714285714286,-1478529146.0
2024-11-04,160.79,161.92,159.25,160.31,81903229.0,TSLA,154.74,137.1276,163.1655,154.74,174.33556340766032,135.1444365923397,-0.040059880239520895,-0.3716782942698128,62.563032516084164,7.663920516190672,7.800108219043702,-0.1361877028530305,5.458571428571432,-1560432375.0
2024-11-05,164.41,166.03,163.59,165.5,75179625.0,TSLA,156.172,138.2352,162.80155000000002,156.172,174.40444488038452,137.93955511961548,0.032374773875615936,-0.3513365211256567,63.97858457420112,7.540286612308364,7.748143897696634,-0.20785728538827009,5.635000000000003,-1485252750.0
2024-11-06,166.88,167.61,165.35,166.0,57645440.0,TSLA,157.2345,139.2408,162.45155,157.2345,175.13806680136645,139.33093319863355,0.0030211480362538623,-0.3493768127302659,59.09954407294835,7.397379290322988,7.677990976221905,-0.2806116858989176,5.239285714285718,-1427607310.0
2024-11-07,157.07,158.06,156.73,156.77,94334845.0,TSLA,157.95600000000002,140.0876,162.06535,157.95600000000002,174.43892564732357,141.47307435267646,-0.05560240963855412,-0.3855530297091794,45.61527581329563,6.464817949276664,7.435356370832857,-0.970538421556193,5.333571428571432,-1521942155.0
2024-11-08,165.33,165.87,163.3,164.29,71349022.0,TSLA,159.2315,141.049,161.72834999999998,159.2315,173.22680037662758,145.23619962337244,0.047968361293614814,-0.3560790154425023,55.88728614558872,6.2603916228240735,7.200363421231101,-0.9399717984070275,5.323571428571433,-1450593133.0
2024-11-11,157.36,157.88,156.95,156.97,41581587.0,TSLA,159.98999999999998,141.9176,161.3202,159.98999999999998,171.41597041832546,148.5640295816745,-0.04455535942540623,-0.3847691463510231,46.601016518424395,5.444953428334742,6.8492814226518295,-1.4043279943170877,5.552857142857148,-1492174720.0
2024-11-12,151.01,151.69,150.98,151.26,67379914.0,TSLA,160.26000000000002,142.6408,160.94435,160.26000000000002,170.4706631569997,150.04933684300033,-0.0363763776517807,-0.40714901622638566,39.843988987457934,4.288528023212507,6.337130742763965,-2.0486027195514582,5.744285714285719,-1559554634.0
2024-11-13,157.39,158.86,155.13,156.49,93740304.0,TSLA,160.645,143.44619999999998,160.59995,160.645,169.52918227735606,151.76081772264396,0.03457622636519919,-0.3866504664105982,49.627161669046494,3.750832585886428,5.8198711113884585,-2.0690385255020303,5.742857142857149,-1465814330.0
2024-11-14,155.44,155.57,155.3,155.37,22069567.0,TSLA,160.5925,144.1844,160.23680000000002,160.5925,169.59344936515754,151.59155063484246,-0.007157006837497648,-0.3910402132162736,49.39987365761214,3.1974719716180005,5.295391283434367,-2.0979193118163666,5.742142857142862,-1487883897.0
2024-11-15,163.32,166.02,163.19,164.58,113436234.0,TSLA,160.735,145.1324,159.8868,160.735,169.90051086814745,151.56948913185258,0.05927785286734899,-0.3549423845731756,52.533333333333346,3.462189758483248,4.9287509784441434,-1.4665612199608953,6.062142857142861,-1374447663.0
2024-11-18,179.43,181.98,176.04,177.33,66659312.0,TSLA,161.738,146.46599999999998,159.5782,161.738,173.3664489620756,150.1095510379244,0.07746992344148751,-0.3049698204907111,58.82277342243929,4.64722859709866,4.8724465021750465,-0.22521790507638606,7.125000000000002,-1307788351.0
2024-11-19,179.33,179.37,179.14,179.19,34965806.0,TSLA,162.63500000000002,147.8084,159.2476,162.63500000000002,176.6315476946587,148.63845230534133,0.010488918964642213,-0.29767970525985743,61.056274836559425,5.671094027955746,5.032176007331187,0.6389180206245593,7.095714285714288,-1272822545.0
2024-11-20,183.86,184.19,183.55,183.96,81371594.0,TSLA,163.60600000000002,149.1992,158.95225,163.60600000000002,180.54434441671847,146.66765558328157,0.02661978905072826,-0.2789840871678295,60.75442449295957,6.789152766912679,5.383571359247486,1.405581407665193,7.01857142857143,-1191450951.0
2024-11-21,181.66,181.89,181.5,181.59,48276469.0,TSLA,164.8375,150.4378,158.69095,164.8375,183.2579335911138,146.4170664088862,-0.012883235485975253,-0.2882731049619818,59.17956461557821,7.398695622028072,5.786596211803603,1.6120994102244683,6.697857142857146,-1239727420.0
2024-11-22,172.83,174.11,171.28,173.06,83656415.0,TSLA,165.684,151.4968,158.4109,165.684,183.97516254831388,147.39283745168612,-0.046973952310149225,-0.32170573018734827,57.840364038863605,7.111486227921603,6.051574215027204,1.059912012894399,6.880714285714289,-1323383835.0
2024-11-25,181.95,184.0,181.82,182.28,29791697.0,TSLA,166.74,152.60399999999998,158.2229,166.74,186.324362182764,147.15563781723603,0.053276320351323125,-0.28556870737634266,59.83126318256386,7.54092062025498,6.34944349607276,1.19147712418222,7.253571428571432,-1293592138.0
2024-11-26,178.21,179.07,175.86,176.72,103152178.0,TSLA,167.39600000000002,153.6642,158.03075,167.39600000000002,187.41169636692769,147.38030363307234,-0.03050252359008121,-0.307360664733088,55.92920353982301,7.347902886382229,6.549135374134654,0.7987675122475757,7.550714285714286,-1396744316.0
2024-11-27,190.35,195.29,188.02,193.6,92335845.0,TSLA,168.979,154.9582,157.9372,168.979,191.96525392433676,145.99274607566326,0.09551833408782251,-0.24120090930469573,68.78123406425293,8.459494087634283,6.93120711683458,1.5282869707997033,8.215,-1304408471.0
2024-11-28,196.51,196.7,196.41,196.51,58875253.0,TSLA,170.43900000000002,156.31080000000003,157.85035,170.43900000000002,196.48465133922755,144.3933486607725,0.015030991735537125,-0.22979540644352148,67.24101027397259,9.466131136049626,7.438191920677589,2.0279392153720366,7.786428571428571,-1245533218.0
2024-11-29,197.38,197.99,197.34,197.96,93935068.0,TSLA,171.98700000000002,157.62740000000002,157.74290000000002,171.98700000000002,200.7141682155516,143.25983178444844,0.007378759350669339,-0.22411225209688812,73.4041338357885,10.262600263599523,8.003073589261977,2.259526674337547,7.367857142857143,-1151598150.0
2024-12-02,192.67,193.32,192.37,193.07,53708285.0,TSLA,173.625,158.9376,157.6331,173.625,203.26998040407977,143.98001959592023,-0.0247019599919176,-0.24327820020380986,74.0979827089337,10.379576357678786,8.47837414294534,1.9012022147334466,7.339285714285714,-1205306435.0
2024-12-03,188.13,188.23,188.05,188.1,42089142.0,TSLA,174.755,160.02,157.475,174.755,204.81595596757666,144.69404403242334,-0.0257419588750194,-0.26275770165399404,68.27378887732684,9.956471287710372,8.773993571898346,1.1824777158120252,7.154999999999997,-1247395577.0
2024-12-04,189.34,189.37,189.33,189.35,78202806.0,TSLA,175.92249999999999,161.16379999999998,157.3013,175.92249999999999,206.36309953418078,145.4819004658192,0.006645401382243454,-0.25785843066551717,69.61440775802353,9.611229750980584,8.941440807714795,0.6697889432657895,7.160714285714284,-1169192771.0
2024-12-05,173.21,175.55,171.0,174.63,75630441.0,TSLA,176.8155,161.9152,157.07725,176.8155,205.90844106824477,147.7225589317552,-0.07773963559545816,-0.3155522458258213,55.454249430153034,8.056966669485917,8.76454598006902,-0.7075793105831032,7.710714285714283,-1244823212.0
2024-12-06,181.83,182.14,181.52,181.53,80969620.0,TSLA,177.67749999999998,162.76940000000002,156.95885,177.67749999999998,206.2243175938615,149.13068240613845,0.03951211132107879,-0.2885082699694288,52.43393602225313,7.297849250429039,8.471206634141025,-1.173357383711986,7.004285714285713,-1163853592.0
2024-12-09,171.19,171.2,171.15,171.15,20424734.0,TSLA,178.3865,163.4878,156.7565,178.3865,205.4327677841692,151.34023221583084,-0.05718063130061146,-0.3291918162577411,45.75949367088608,5.791898574524879,7.935345022217796,-2.1434464476929174,7.599999999999999,-1184278326.0
2024-12-10,166.35,167.4,165.61,167.19,115302425.0,TSLA,179.183,163.9852,156.56055,179.183,203.68414592379915,154.68185407620084,-0.023137598597721354,-0.34471270674923593,41.078838174273855,4.23012071078773,7.1943001599317835,-2.964179449144053,7.638571428571426,-1299580751.0
2024-12-11,169.4,172.8,165.79,166.86,73190362.0,TSLA,179.7015,164.584,156.46914999999998,179.7015,202.5647615208061,156.83823847919393,-0.0019738022609007144,-0.3460061142901938,41.990212071778146,2.9319742852296713,6.341834984991361,-3.4098606997616896,7.963571428571427,-1372771113.0
2024-12-12,155.57,156.41,150.83,155.65,50893157.0,TSLA,179.71550000000002,164.8962,156.35535,179.71550000000002,202.51628620528902,156.91471379471102,-0.06718206880019184,-0.38994277651485476,40.80101447743846,0.9872501707870356,5.2709180221504965,-4.283667851363461,8.372142857142856,-1423664270.0
2024-12-13,155.22,155.26,155.15,155.26,92349974.0,TSLA,179.24949999999998,165.15919999999997,156.25564999999997,179.24949999999998,203.6757813379432,154.82321866205677,-0.0025056215868937137,-0.39147134906325953,34.25407925407926,-0.5787559037283074,4.100983236974736,-4.6797391407030435,7.62642857142857,-1516014244.0
2024-12-16,148.02,150.14,146.6,149.73,42920915.0,TSLA,177.8695,165.335,156.1043,177.8695,205.64182130245283,150.09717869754715,-0.03561767357980161,-0.41314572391628135,34.266060394077186,-2.2402278321522147,2.832741023149346,-5.072968855301561,7.786428571428571,-1558935159.0
2024-12-17,151.27,151.27,150.84,151.0,89006622.0,TSLA,176.45999999999998,165.6178,156.01395,176.45999999999998,206.70174946207115,146.2182505379288,0.008481934148133474,-0.40816806459198873,19.64082098061577,-3.415110649781809,1.583170688563115,-4.998281338344924,6.570000000000001,-1469928537.0
2024-12-18,155.66,156.8,154.98,155.09,71879900.0,TSLA,175.0165,165.8246,155.92145,175.0165,206.48220147754628,143.55079852245373,0.02708609271523188,-0.3921376499176922,20.970002803476333,-3.9704164396650015,0.4724532629174917,-4.4428697025824935,6.762857142857145,-1398048637.0
2024-12-19,151.96,152.18,149.96,150.75,57898183.0,TSLA,173.4745,165.9928,155.85805,173.4745,206.56457195679158,140.38442804320843,-0.027983751370172172,-0.40914791878968404,18.20018860299072,-4.706448993679885,-0.5633271884019837,-4.143121805277901,7.0235714285714295,-1455946820.0
2024-12-20,151.84,154.24,150.82,151.91,55325644.0,TSLA,172.417,166.2554,155.74450000000002,172.417,206.88595115440268,137.94804884559733,0.0076948590381424875,-0.4046013953123775,20.80851063829789,-5.1369423166980255,-1.478050214061192,-3.6588921026368335,6.87357142857143,-1400621176.0
2024-12-23,157.99,158.16,156.86,157.44,80463834.0,TSLA,171.175,166.5682,155.61625,171.175,205.93643144046095,136.41356855953907,0.03640313343427026,-0.38292702045935567,28.42668167745569,-4.97454315590943,-2.1773488024308394,-2.7971943534785906,6.961428571428574,-1320157342.0
2024-12-24,163.79,165.6,163.34,164.37,55645478.0,TSLA,170.5575,166.9384,155.57455,170.5575,205.34295120865718,135.77204879134283,0.04401676829268286,-0.35576546209923965,33.72426374771959,-4.237796882859556,-2.5894384185165826,-1.648358464342973,7.45357142857143,-1264511864.0
2024-12-25,166.89,168.86,166.51,168.04,62699794.0,TSLA,169.27949999999998,167.3234,155.47365,169.27949999999998,202.33558151707575,136.22341848292422,0.022327675366550892,-0.3413812024770716,44.984015831937896,-3.319516505024353,-2.7354540358181367,-0.5840624692062164,6.463571428571432,-1201812070.0
2024-12-26,185.29,185.92,182.79,183.13,117786565.0,TSLA,168.6105,167.85760000000002,155.42665,168.6105,199.83711312676778,137.38388687323223,0.08980004760771254,-0.2822372031041782,51.08283703302653,-1.3584761348682832,-2.460058455628166,1.1015823207598827,7.204285714285717,-1084025505.0
2024-12-27,185.4,185.58,185.31,185.48,62219438.0,TSLA,167.9865,168.33259999999999,155.43060000000003,167.9865,197.1760109315223,138.7969890684777,0.012832414132037284,-0.2730265736458417,60.88078967350037,0.38089710254595843,-1.891867343993341,2.2727644465392993,6.637857142857148,-1021806067.0
2024-12-30,179.6,181.61,178.41,181.25,88962487.0,TSLA,167.3955,168.81220000000002,155.44805,167.3955,194.87519085477663,139.91580914522336,-0.022805693336208743,-0.2896057066708476,60.632183908045974,1.4018773073286468,-1.2331184137289435,2.6349957210575905,6.747142857142862,-1110768554.0
2024-12-31,193.61,193.63,193.59,193.6,66607370.0,TSLA,167.6705,169.4592,155.51104999999998,167.6705,196.11572231644513,139.22527768355488,0.06813793103448273,-0.24120090930469573,67.11031481955463,3.1709999485991034,-0.35229474126333415,3.5232946898624373,7.130714285714289,-1044161184.0
